num_procs,distribution,run,matrix,elapsed_time,comm_time,local_nz,ghost_entries,local_flops,comp_time
1,1D,0,1138_bus,1.4782e-05,2.38e-07,2596.0,0.0,5192.0,1.4544e-05
1,1D,0,Hook_1498,0.098273993,2.384e-06,31207734.0,0.0,62415468.0,0.09827160900000001
1,1D,0,cond-mat-2005,0.000882387,9.54e-07,175693.0,0.0,351386.0,0.000881433
1,1D,0,dixmaanl,0.000627279,7.15e-07,179999.0,0.0,359998.0,0.000626564
1,1D,0,flowmeter0,0.000121832,4.77e-07,38530.0,0.0,77060.0,0.00012135499999999999
1,1D,0,msdoor,0.031463385,1.907e-06,10328399.0,0.0,20656798.0,0.031461478
1,1D,0,tmt_sym,0.012168169,1.907e-06,2903837.0,0.0,5807674.0,0.012166261999999999
1,1D,1,1138_bus,1.3113e-05,2.38e-07,2596.0,0.0,5192.0,1.2875e-05
1,1D,1,Hook_1498,0.09824729,2.623e-06,31207734.0,0.0,62415468.0,0.09824466700000001
1,1D,1,cond-mat-2005,0.000873327,7.15e-07,175693.0,0.0,351386.0,0.000872612
1,1D,1,dixmaanl,0.000627518,4.77e-07,179999.0,0.0,359998.0,0.000627041
1,1D,1,flowmeter0,0.000125647,2.38e-07,38530.0,0.0,77060.0,0.000125409
1,1D,1,msdoor,0.031484842,2.146e-06,10328399.0,0.0,20656798.0,0.031482696
1,1D,1,tmt_sym,0.012160301,2.861e-06,2903837.0,0.0,5807674.0,0.01215744
1,1D,2,1138_bus,1.2398e-05,2.38e-07,2596.0,0.0,5192.0,1.216e-05
1,1D,2,Hook_1498,0.098275423,1.907e-06,31207734.0,0.0,62415468.0,0.098273516
1,1D,2,cond-mat-2005,0.000879765,7.15e-07,175693.0,0.0,351386.0,0.00087905
1,1D,2,dixmaanl,0.000621319,4.77e-07,179999.0,0.0,359998.0,0.0006208419999999999
1,1D,2,flowmeter0,0.000120878,2.38e-07,38530.0,0.0,77060.0,0.00012064000000000001
1,1D,2,msdoor,0.031469107,3.099e-06,10328399.0,0.0,20656798.0,0.031466008000000004
1,1D,2,tmt_sym,0.01207304,1.907e-06,2903837.0,0.0,5807674.0,0.012071133
1,1D,3,1138_bus,1.1921e-05,2.38e-07,2596.0,0.0,5192.0,1.1683e-05
1,1D,3,Hook_1498,0.098216295,2.146e-06,31207734.0,0.0,62415468.0,0.098214149
1,1D,3,cond-mat-2005,0.000876665,7.15e-07,175693.0,0.0,351386.0,0.00087595
1,1D,3,dixmaanl,0.000626564,4.77e-07,179999.0,0.0,359998.0,0.000626087
1,1D,3,flowmeter0,0.00012064,2.38e-07,38530.0,0.0,77060.0,0.000120402
1,1D,3,msdoor,0.031466722,2.623e-06,10328399.0,0.0,20656798.0,0.031464099
1,1D,3,tmt_sym,0.012080908,2.861e-06,2903837.0,0.0,5807674.0,0.012078047
1,1D,4,1138_bus,1.1921e-05,2.38e-07,2596.0,0.0,5192.0,1.1683e-05
1,1D,4,Hook_1498,0.098222017,2.146e-06,31207734.0,0.0,62415468.0,0.098219871
1,1D,4,cond-mat-2005,0.000879049,7.15e-07,175693.0,0.0,351386.0,0.000878334
1,1D,4,dixmaanl,0.000621796,7.15e-07,179999.0,0.0,359998.0,0.000621081
1,1D,4,flowmeter0,0.00012064,2.38e-07,38530.0,0.0,77060.0,0.000120402
1,1D,4,msdoor,0.031473637,3.099e-06,10328399.0,0.0,20656798.0,0.031470538
1,1D,4,tmt_sym,0.012018204,1.669e-06,2903837.0,0.0,5807674.0,0.012016535
1,1D,5,1138_bus,1.1683e-05,2.38e-07,2596.0,0.0,5192.0,1.1445e-05
1,1D,5,Hook_1498,0.098256588,2.623e-06,31207734.0,0.0,62415468.0,0.09825396500000001
1,1D,5,cond-mat-2005,0.000876188,7.15e-07,175693.0,0.0,351386.0,0.000875473
1,1D,5,dixmaanl,0.000626802,2.38e-07,179999.0,0.0,359998.0,0.000626564
1,1D,5,flowmeter0,0.00012064,2.38e-07,38530.0,0.0,77060.0,0.000120402
1,1D,5,msdoor,0.031462908,2.146e-06,10328399.0,0.0,20656798.0,0.031460761999999996
1,1D,5,tmt_sym,0.011938095,2.146e-06,2903837.0,0.0,5807674.0,0.011935949
1,1D,6,1138_bus,1.1683e-05,2.38e-07,2596.0,0.0,5192.0,1.1445e-05
1,1D,6,Hook_1498,0.098246574,2.623e-06,31207734.0,0.0,62415468.0,0.09824395100000001
1,1D,6,cond-mat-2005,0.000874996,4.77e-07,175693.0,0.0,351386.0,0.0008745189999999999
1,1D,6,dixmaanl,0.000626326,7.15e-07,179999.0,0.0,359998.0,0.000625611
1,1D,6,flowmeter0,0.00012064,2.38e-07,38530.0,0.0,77060.0,0.000120402
1,1D,6,msdoor,0.031489134,2.623e-06,10328399.0,0.0,20656798.0,0.031486511
1,1D,6,tmt_sym,0.011999369,2.146e-06,2903837.0,0.0,5807674.0,0.011997223
1,1D,7,1138_bus,1.1444e-05,2.38e-07,2596.0,0.0,5192.0,1.1205999999999999e-05
1,1D,7,Hook_1498,0.098294497,1.907e-06,31207734.0,0.0,62415468.0,0.09829259
1,1D,7,cond-mat-2005,0.000877142,4.77e-07,175693.0,0.0,351386.0,0.000876665
1,1D,7,dixmaanl,0.000621557,7.15e-07,179999.0,0.0,359998.0,0.000620842
1,1D,7,flowmeter0,0.00012064,2.38e-07,38530.0,0.0,77060.0,0.000120402
1,1D,7,msdoor,0.03151083,2.146e-06,10328399.0,0.0,20656798.0,0.031508683999999995
1,1D,7,tmt_sym,0.012162447,2.861e-06,2903837.0,0.0,5807674.0,0.012159586
1,1D,8,1138_bus,1.1444e-05,2.38e-07,2596.0,0.0,5192.0,1.1205999999999999e-05
1,1D,8,Hook_1498,0.098314524,2.146e-06,31207734.0,0.0,62415468.0,0.098312378
1,1D,8,cond-mat-2005,0.000876427,4.77e-07,175693.0,0.0,351386.0,0.00087595
1,1D,8,dixmaanl,0.000627041,2.38e-07,179999.0,0.0,359998.0,0.000626803
1,1D,8,flowmeter0,0.00012064,2.38e-07,38530.0,0.0,77060.0,0.000120402
1,1D,8,msdoor,0.031415701,2.384e-06,10328399.0,0.0,20656798.0,0.031413316999999996
1,1D,8,tmt_sym,0.012067556,3.099e-06,2903837.0,0.0,5807674.0,0.012064457
1,1D,9,1138_bus,1.1206e-05,2.38e-07,2596.0,0.0,5192.0,1.0968e-05
1,1D,9,Hook_1498,0.098221064,2.384e-06,31207734.0,0.0,62415468.0,0.09821868
1,1D,9,cond-mat-2005,0.000875235,4.77e-07,175693.0,0.0,351386.0,0.000874758
1,1D,9,dixmaanl,0.000627995,4.77e-07,179999.0,0.0,359998.0,0.000627518
1,1D,9,flowmeter0,0.000125408,4.77e-07,38530.0,0.0,77060.0,0.000124931
1,1D,9,msdoor,0.03149271,2.384e-06,10328399.0,0.0,20656798.0,0.031490326
1,1D,9,tmt_sym,0.012025595,2.146e-06,2903837.0,0.0,5807674.0,0.012023449
2,1D,0,1138_bus,4.3392e-05,3.0041e-05,1333.0,300.0,2666.0,1.3351000000000001e-05
2,1D,0,Hook_1498,0.104919672,0.011639118,15603136.0,744635.0,31206272.0,0.093280554
2,1D,0,cond-mat-2005,0.001262665,0.000155926,88263.0,12310.0,176526.0,0.001106739
2,1D,0,dixmaanl,0.000857592,0.000518799,89999.0,29999.0,179998.0,0.000338793
2,1D,0,flowmeter0,0.000266314,9.0361e-05,19271.0,4358.0,38542.0,0.00017595300000000001
2,1D,0,msdoor,0.025152922,0.003999472,5144923.0,202562.0,10289846.0,0.02115345
2,1D,0,tmt_sym,0.01825881,0.006201506,1452176.0,363244.0,2904352.0,0.012057304000000001
2,1D,1,1138_bus,4.0293e-05,3.0041e-05,1333.0,300.0,2666.0,1.0252000000000003e-05
2,1D,1,Hook_1498,0.101280689,0.008000851,15603136.0,744635.0,31206272.0,0.09327983799999999
2,1D,1,cond-mat-2005,0.00127387,0.000162363,88263.0,12310.0,176526.0,0.001111507
2,1D,1,dixmaanl,0.000796795,0.00045681,89999.0,29999.0,179998.0,0.000339985
2,1D,1,flowmeter0,0.000266075,8.3447e-05,19271.0,4358.0,38542.0,0.000182628
2,1D,1,msdoor,0.023955345,0.002887011,5144923.0,202562.0,10289846.0,0.021068334
2,1D,1,tmt_sym,0.016596794,0.004609108,1452176.0,363244.0,2904352.0,0.011987686000000001
2,1D,2,1138_bus,7.2241e-05,6.4373e-05,1333.0,300.0,2666.0,7.868e-06
2,1D,2,Hook_1498,0.100668907,0.007269621,15603136.0,744635.0,31206272.0,0.093399286
2,1D,2,cond-mat-2005,0.001263142,0.000157833,88263.0,12310.0,176526.0,0.001105309
2,1D,2,dixmaanl,0.000752687,0.000421047,89999.0,29999.0,179998.0,0.00033164
2,1D,2,flowmeter0,0.000268221,9.2268e-05,19271.0,4358.0,38542.0,0.00017595300000000001
2,1D,2,msdoor,0.023859262,0.002764702,5144923.0,202562.0,10289846.0,0.02109456
2,1D,2,tmt_sym,0.016193867,0.004200935,1452176.0,363244.0,2904352.0,0.011992932000000001
2,1D,3,1138_bus,3.7432e-05,3.0994e-05,1333.0,300.0,2666.0,6.437999999999995e-06
2,1D,3,Hook_1498,0.100610733,0.007117987,15603136.0,744635.0,31206272.0,0.09349274599999999
2,1D,3,cond-mat-2005,0.001269817,0.000156641,88263.0,12310.0,176526.0,0.001113176
2,1D,3,dixmaanl,0.000755072,0.000423431,89999.0,29999.0,179998.0,0.000331641
2,1D,3,flowmeter0,0.000268936,9.4414e-05,19271.0,4358.0,38542.0,0.000174522
2,1D,3,msdoor,0.02388835,0.002715588,5144923.0,202562.0,10289846.0,0.021172761999999998
2,1D,3,tmt_sym,0.015747309,0.003777981,1452176.0,363244.0,2904352.0,0.011969328000000001
2,1D,4,1138_bus,6.6996e-05,6.1035e-05,1333.0,300.0,2666.0,5.9609999999999926e-06
2,1D,4,Hook_1498,0.100702763,0.006999731,15603136.0,744635.0,31206272.0,0.093703032
2,1D,4,cond-mat-2005,0.00127244,0.000159025,88263.0,12310.0,176526.0,0.001113415
2,1D,4,dixmaanl,0.00077033,0.000438452,89999.0,29999.0,179998.0,0.00033187799999999997
2,1D,4,flowmeter0,0.000268698,9.4652e-05,19271.0,4358.0,38542.0,0.000174046
2,1D,4,msdoor,0.023613214,0.002448082,5144923.0,202562.0,10289846.0,0.021165132
2,1D,4,tmt_sym,0.015788794,0.003689766,1452176.0,363244.0,2904352.0,0.012099027999999998
2,1D,5,1138_bus,3.624e-05,3.0518e-05,1333.0,300.0,2666.0,5.721999999999997e-06
2,1D,5,Hook_1498,0.100697994,0.006977081,15603136.0,744635.0,31206272.0,0.093720913
2,1D,5,cond-mat-2005,0.001267672,0.000157595,88263.0,12310.0,176526.0,0.0011100770000000001
2,1D,5,dixmaanl,0.000756025,0.000417471,89999.0,29999.0,179998.0,0.000338554
2,1D,5,flowmeter0,0.000272512,9.3222e-05,19271.0,4358.0,38542.0,0.00017928999999999997
2,1D,5,msdoor,0.023426056,0.00241971,5144923.0,202562.0,10289846.0,0.021006346000000002
2,1D,5,tmt_sym,0.015655994,0.003566027,1452176.0,363244.0,2904352.0,0.012089967
2,1D,6,1138_bus,7.0095e-05,6.4373e-05,1333.0,300.0,2666.0,5.721999999999997e-06
2,1D,6,Hook_1498,0.100534678,0.007066727,15603136.0,744635.0,31206272.0,0.09346795100000001
2,1D,6,cond-mat-2005,0.001268864,0.000156641,88263.0,12310.0,176526.0,0.0011122229999999999
2,1D,6,dixmaanl,0.000751972,0.000417233,89999.0,29999.0,179998.0,0.00033473899999999997
2,1D,6,flowmeter0,0.000267982,9.2506e-05,19271.0,4358.0,38542.0,0.00017547599999999998
2,1D,6,msdoor,0.023483276,0.002314091,5144923.0,202562.0,10289846.0,0.021169185
2,1D,6,tmt_sym,0.015775919,0.003516912,1452176.0,363244.0,2904352.0,0.012259006999999999
2,1D,7,1138_bus,3.6478e-05,3.1233e-05,1333.0,300.0,2666.0,5.2450000000000015e-06
2,1D,7,Hook_1498,0.10071969,0.006914616,15603136.0,744635.0,31206272.0,0.093805074
2,1D,7,cond-mat-2005,0.001263857,0.000155449,88263.0,12310.0,176526.0,0.001108408
2,1D,7,dixmaanl,0.000770807,0.000440121,89999.0,29999.0,179998.0,0.00033068599999999996
2,1D,7,flowmeter0,0.000270844,9.4652e-05,19271.0,4358.0,38542.0,0.000176192
2,1D,7,msdoor,0.02338028,0.002246857,5144923.0,202562.0,10289846.0,0.021133423
2,1D,7,tmt_sym,0.015582085,0.003400803,1452176.0,363244.0,2904352.0,0.012181282000000002
2,1D,8,1138_bus,6.8188e-05,6.2704e-05,1333.0,300.0,2666.0,5.484000000000004e-06
2,1D,8,Hook_1498,0.100568056,0.006920338,15603136.0,744635.0,31206272.0,0.093647718
2,1D,8,cond-mat-2005,0.00127387,0.000155926,88263.0,12310.0,176526.0,0.001117944
2,1D,8,dixmaanl,0.00074625,0.000413656,89999.0,29999.0,179998.0,0.00033259399999999997
2,1D,8,flowmeter0,0.000275612,0.000101566,19271.0,4358.0,38542.0,0.00017404600000000002
2,1D,8,msdoor,0.023282528,0.002139091,5144923.0,202562.0,10289846.0,0.021143437
2,1D,8,tmt_sym,0.01527071,0.003316641,1452176.0,363244.0,2904352.0,0.011954069
2,1D,9,1138_bus,3.6001e-05,3.0041e-05,1333.0,300.0,2666.0,5.960000000000004e-06
2,1D,9,Hook_1498,0.100908279,0.006978035,15603136.0,744635.0,31206272.0,0.09393024400000001
2,1D,9,cond-mat-2005,0.001269817,0.000157595,88263.0,12310.0,176526.0,0.001112222
2,1D,9,dixmaanl,0.000730991,0.00039506,89999.0,29999.0,179998.0,0.000335931
2,1D,9,flowmeter0,0.000273466,9.8467e-05,19271.0,4358.0,38542.0,0.00017499899999999998
2,1D,9,msdoor,0.023139477,0.002074718,5144923.0,202562.0,10289846.0,0.021064759
2,1D,9,tmt_sym,0.015357256,0.003275633,1452176.0,363244.0,2904352.0,0.012081623
2,2D,0,1138_bus,4.53e-05,2.8133e-05,1429.0,284.0,2858.0,1.7167000000000004e-05
2,2D,0,Hook_1498,0.098829508,0.005554199,15771362.0,374506.0,31542724.0,0.093275309
2,2D,0,cond-mat-2005,0.002066135,0.000128984,151319.0,8131.0,302638.0,0.0019371510000000002
2,2D,0,dixmaanl,0.000812531,0.000298262,110000.0,15000.0,220000.0,0.000514269
2,2D,0,flowmeter0,0.000253677,7.4387e-05,19324.0,2417.0,38648.0,0.00017929
2,2D,0,msdoor,0.023511171,0.002208233,5658766.0,103966.0,11317532.0,0.021302938
2,2D,0,tmt_sym,0.01344943,0.003601789,1452885.0,181678.0,2905770.0,0.009847641
2,2D,1,1138_bus,4.3869e-05,3.0279e-05,1429.0,284.0,2858.0,1.3590000000000004e-05
2,2D,1,Hook_1498,0.097179413,0.00403142,15771362.0,374506.0,31542724.0,0.09314799300000001
2,2D,1,cond-mat-2005,0.002084494,0.000152588,151319.0,8131.0,302638.0,0.0019319060000000002
2,2D,1,dixmaanl,0.000797272,0.000290394,110000.0,15000.0,220000.0,0.000506878
2,2D,1,flowmeter0,0.000252962,7.5102e-05,19324.0,2417.0,38648.0,0.00017786
2,2D,1,msdoor,0.023115158,0.001702547,5658766.0,103966.0,11317532.0,0.021412611
2,2D,1,tmt_sym,0.012381077,0.002594471,1452885.0,181678.0,2905770.0,0.009786606
2,2D,2,1138_bus,4.6492e-05,3.4332e-05,1429.0,284.0,2858.0,1.2159999999999999e-05
2,2D,2,Hook_1498,0.097092628,0.00385499,15771362.0,374506.0,31542724.0,0.093237638
2,2D,2,cond-mat-2005,0.002089024,0.000151396,151319.0,8131.0,302638.0,0.001937628
2,2D,2,dixmaanl,0.000797033,0.000286579,110000.0,15000.0,220000.0,0.000510454
2,2D,2,flowmeter0,0.000264406,8.7261e-05,19324.0,2417.0,38648.0,0.00017714500000000003
2,2D,2,msdoor,0.023032427,0.001652718,5658766.0,103966.0,11317532.0,0.021379709
2,2D,2,tmt_sym,0.012145996,0.002434254,1452885.0,181678.0,2905770.0,0.009711741999999999
2,2D,3,1138_bus,4.4107e-05,3.4094e-05,1429.0,284.0,2858.0,1.0013e-05
2,2D,3,Hook_1498,0.097034931,0.003841639,15771362.0,374506.0,31542724.0,0.09319329200000001
2,2D,3,cond-mat-2005,0.002095699,0.000156641,151319.0,8131.0,302638.0,0.001939058
2,2D,3,dixmaanl,0.000805855,0.000300407,110000.0,15000.0,220000.0,0.0005054479999999999
2,2D,3,flowmeter0,0.0002563,7.5102e-05,19324.0,2417.0,38648.0,0.00018119799999999998
2,2D,3,msdoor,0.022875309,0.001523256,5658766.0,103966.0,11317532.0,0.021352053
2,2D,3,tmt_sym,0.012110233,0.002441883,1452885.0,181678.0,2905770.0,0.00966835
2,2D,4,1138_bus,4.4107e-05,3.4809e-05,1429.0,284.0,2858.0,9.298000000000005e-06
2,2D,4,Hook_1498,0.096962452,0.00379014,15771362.0,374506.0,31542724.0,0.09317231200000001
2,2D,4,cond-mat-2005,0.002075195,0.000143051,151319.0,8131.0,302638.0,0.0019321440000000002
2,2D,4,dixmaanl,0.000793695,0.000282526,110000.0,15000.0,220000.0,0.0005111689999999999
2,2D,4,flowmeter0,0.000246048,7.1049e-05,19324.0,2417.0,38648.0,0.000174999
2,2D,4,msdoor,0.022753716,0.00140667,5658766.0,103966.0,11317532.0,0.021347046
2,2D,4,tmt_sym,0.012090206,0.002380371,1452885.0,181678.0,2905770.0,0.009709835
2,2D,5,1138_bus,4.4107e-05,3.4809e-05,1429.0,284.0,2858.0,9.298000000000005e-06
2,2D,5,Hook_1498,0.097980261,0.00382328,15771362.0,374506.0,31542724.0,0.094156981
2,2D,5,cond-mat-2005,0.002067327,0.000134706,151319.0,8131.0,302638.0,0.0019326209999999998
2,2D,5,dixmaanl,0.00078845,0.000273943,110000.0,15000.0,220000.0,0.000514507
2,2D,5,flowmeter0,0.000248909,7.2241e-05,19324.0,2417.0,38648.0,0.000176668
2,2D,5,msdoor,0.022889614,0.001481056,5658766.0,103966.0,11317532.0,0.021408557999999998
2,2D,5,tmt_sym,0.012043715,0.002206802,1452885.0,181678.0,2905770.0,0.009836913
2,2D,6,1138_bus,4.22e-05,3.3379e-05,1429.0,284.0,2858.0,8.821000000000002e-06
2,2D,6,Hook_1498,0.097537756,0.003675699,15771362.0,374506.0,31542724.0,0.093862057
2,2D,6,cond-mat-2005,0.002081633,0.000143766,151319.0,8131.0,302638.0,0.0019378669999999998
2,2D,6,dixmaanl,0.000798941,0.000292063,110000.0,15000.0,220000.0,0.0005068779999999999
2,2D,6,flowmeter0,0.000247478,7.2241e-05,19324.0,2417.0,38648.0,0.00017523699999999996
2,2D,6,msdoor,0.022837162,0.001456738,5658766.0,103966.0,11317532.0,0.021380424000000002
2,2D,6,tmt_sym,0.011934996,0.002115726,1452885.0,181678.0,2905770.0,0.00981927
2,2D,7,1138_bus,8.2493e-05,7.4148e-05,1429.0,284.0,2858.0,8.345000000000002e-06
2,2D,7,Hook_1498,0.097187757,0.003638506,15771362.0,374506.0,31542724.0,0.093549251
2,2D,7,cond-mat-2005,0.002076387,0.00014329,151319.0,8131.0,302638.0,0.001933097
2,2D,7,dixmaanl,0.000798941,0.000293732,110000.0,15000.0,220000.0,0.000505209
2,2D,7,flowmeter0,0.000259399,8.4639e-05,19324.0,2417.0,38648.0,0.00017476
2,2D,7,msdoor,0.022744179,0.00142765,5658766.0,103966.0,11317532.0,0.021316529
2,2D,7,tmt_sym,0.011775017,0.002027512,1452885.0,181678.0,2905770.0,0.009747505
2,2D,8,1138_bus,4.1485e-05,3.3379e-05,1429.0,284.0,2858.0,8.106e-06
2,2D,8,Hook_1498,0.097229242,0.003627777,15771362.0,374506.0,31542724.0,0.093601465
2,2D,8,cond-mat-2005,0.002070904,0.000123024,151319.0,8131.0,302638.0,0.0019478800000000001
2,2D,8,dixmaanl,0.00079298,0.000287771,110000.0,15000.0,220000.0,0.000505209
2,2D,8,flowmeter0,0.000247478,7.2718e-05,19324.0,2417.0,38648.0,0.00017476
2,2D,8,msdoor,0.022751331,0.001349926,5658766.0,103966.0,11317532.0,0.021401405
2,2D,8,tmt_sym,0.011758089,0.001966715,1452885.0,181678.0,2905770.0,0.009791373999999999
2,2D,9,1138_bus,7.7486e-05,6.9618e-05,1429.0,284.0,2858.0,7.868e-06
2,2D,9,Hook_1498,0.097111225,0.003662348,15771362.0,374506.0,31542724.0,0.093448877
2,2D,9,cond-mat-2005,0.002077579,0.000132084,151319.0,8131.0,302638.0,0.001945495
2,2D,9,dixmaanl,0.000780821,0.000264883,110000.0,15000.0,220000.0,0.0005159380000000001
2,2D,9,flowmeter0,0.000247002,7.391e-05,19324.0,2417.0,38648.0,0.00017309200000000002
2,2D,9,msdoor,0.022734165,0.00139904,5658766.0,103966.0,11317532.0,0.021335125
2,2D,9,tmt_sym,0.0116539,0.001937628,1452885.0,181678.0,2905770.0,0.009716272
2,2D_cyclic,0,1138_bus,9.775e-06,4.77e-07,1297.0,0.0,2594.0,9.298e-06
2,2D_cyclic,0,Hook_1498,0.056224585,3.099e-06,15604795.0,0.0,31209590.0,0.056221486
2,2D_cyclic,0,cond-mat-2005,0.000631809,7.15e-07,88229.0,0.0,176458.0,0.000631094
2,2D_cyclic,0,dixmaanl,0.00039959,9.54e-07,90000.0,0.0,180000.0,0.000398636
2,2D_cyclic,0,flowmeter0,0.000111341,4.77e-07,19283.0,0.0,38566.0,0.000110864
2,2D_cyclic,0,msdoor,0.016664982,2.384e-06,5177581.0,0.0,10355162.0,0.016662597999999997
2,2D_cyclic,0,tmt_sym,0.007446289,2.861e-06,1451920.0,0.0,2903840.0,0.007443428
2,2D_cyclic,1,1138_bus,7.629e-06,2.38e-07,1297.0,0.0,2594.0,7.391e-06
2,2D_cyclic,1,Hook_1498,0.056219339,1.431e-06,15604795.0,0.0,31209590.0,0.056217908
2,2D_cyclic,1,cond-mat-2005,0.000636101,4.77e-07,88229.0,0.0,176458.0,0.000635624
2,2D_cyclic,1,dixmaanl,0.000389814,4.77e-07,90000.0,0.0,180000.0,0.000389337
2,2D_cyclic,1,flowmeter0,0.00010848,2.38e-07,19283.0,0.0,38566.0,0.00010824200000000001
2,2D_cyclic,1,msdoor,0.016640425,2.623e-06,5177581.0,0.0,10355162.0,0.016637802
2,2D_cyclic,1,tmt_sym,0.007318735,3.576e-06,1451920.0,0.0,2903840.0,0.007315159
2,2D_cyclic,2,1138_bus,6.914e-06,4.77e-07,1297.0,0.0,2594.0,6.437e-06
2,2D_cyclic,2,Hook_1498,0.056274414,1.669e-06,15604795.0,0.0,31209590.0,0.056272745
2,2D_cyclic,2,cond-mat-2005,0.000629425,7.15e-07,88229.0,0.0,176458.0,0.00062871
2,2D_cyclic,2,dixmaanl,0.000389814,4.77e-07,90000.0,0.0,180000.0,0.000389337
2,2D_cyclic,2,flowmeter0,0.000113249,2.38e-07,19283.0,0.0,38566.0,0.000113011
2,2D_cyclic,2,msdoor,0.016629934,2.384e-06,5177581.0,0.0,10355162.0,0.016627549999999998
2,2D_cyclic,2,tmt_sym,0.007256746,2.861e-06,1451920.0,0.0,2903840.0,0.007253885
2,2D_cyclic,3,1138_bus,6.676e-06,2.38e-07,1297.0,0.0,2594.0,6.438e-06
2,2D_cyclic,3,Hook_1498,0.056286573,1.669e-06,15604795.0,0.0,31209590.0,0.056284904
2,2D_cyclic,3,cond-mat-2005,0.000633001,4.77e-07,88229.0,0.0,176458.0,0.000632524
2,2D_cyclic,3,dixmaanl,0.000397205,4.77e-07,90000.0,0.0,180000.0,0.000396728
2,2D_cyclic,3,flowmeter0,0.000106573,2.38e-07,19283.0,0.0,38566.0,0.000106335
2,2D_cyclic,3,msdoor,0.016616821,2.146e-06,5177581.0,0.0,10355162.0,0.016614675
2,2D_cyclic,3,tmt_sym,0.007220268,2.623e-06,1451920.0,0.0,2903840.0,0.007217645
2,2D_cyclic,4,1138_bus,6.437e-06,2.38e-07,1297.0,0.0,2594.0,6.199e-06
2,2D_cyclic,4,Hook_1498,0.056165218,2.146e-06,15604795.0,0.0,31209590.0,0.056163072
2,2D_cyclic,4,cond-mat-2005,0.000633717,4.77e-07,88229.0,0.0,176458.0,0.00063324
2,2D_cyclic,4,dixmaanl,0.000389814,4.77e-07,90000.0,0.0,180000.0,0.000389337
2,2D_cyclic,4,flowmeter0,0.000105858,4.77e-07,19283.0,0.0,38566.0,0.000105381
2,2D_cyclic,4,msdoor,0.016569853,2.623e-06,5177581.0,0.0,10355162.0,0.01656723
2,2D_cyclic,4,tmt_sym,0.00719285,2.861e-06,1451920.0,0.0,2903840.0,0.007189989
2,2D_cyclic,5,1138_bus,6.437e-06,2.38e-07,1297.0,0.0,2594.0,6.199e-06
2,2D_cyclic,5,Hook_1498,0.056280851,1.669e-06,15604795.0,0.0,31209590.0,0.056279182
2,2D_cyclic,5,cond-mat-2005,0.00062418,4.77e-07,88229.0,0.0,176458.0,0.000623703
2,2D_cyclic,5,dixmaanl,0.000398159,2.38e-07,90000.0,0.0,180000.0,0.000397921
2,2D_cyclic,5,flowmeter0,0.000105619,2.38e-07,19283.0,0.0,38566.0,0.00010538100000000001
2,2D_cyclic,5,msdoor,0.016652346,2.384e-06,5177581.0,0.0,10355162.0,0.016649961999999997
2,2D_cyclic,5,tmt_sym,0.007162809,2.861e-06,1451920.0,0.0,2903840.0,0.007159948
2,2D_cyclic,6,1138_bus,6.437e-06,2.38e-07,1297.0,0.0,2594.0,6.199e-06
2,2D_cyclic,6,Hook_1498,0.056243896,1.431e-06,15604795.0,0.0,31209590.0,0.056242465
2,2D_cyclic,6,cond-mat-2005,0.000631571,4.77e-07,88229.0,0.0,176458.0,0.000631094
2,2D_cyclic,6,dixmaanl,0.000389814,4.77e-07,90000.0,0.0,180000.0,0.000389337
2,2D_cyclic,6,flowmeter0,0.000105381,2.38e-07,19283.0,0.0,38566.0,0.000105143
2,2D_cyclic,6,msdoor,0.016653538,2.861e-06,5177581.0,0.0,10355162.0,0.016650677
2,2D_cyclic,6,tmt_sym,0.007236719,2.623e-06,1451920.0,0.0,2903840.0,0.007234096
2,2D_cyclic,7,1138_bus,6.676e-06,2.38e-07,1297.0,0.0,2594.0,6.438e-06
2,2D_cyclic,7,Hook_1498,0.056204081,1.192e-06,15604795.0,0.0,31209590.0,0.056202889000000006
2,2D_cyclic,7,cond-mat-2005,0.000630856,4.77e-07,88229.0,0.0,176458.0,0.0006303789999999999
2,2D_cyclic,7,dixmaanl,0.000389576,4.77e-07,90000.0,0.0,180000.0,0.000389099
2,2D_cyclic,7,flowmeter0,0.000105381,2.38e-07,19283.0,0.0,38566.0,0.000105143
2,2D_cyclic,7,msdoor,0.016631842,2.384e-06,5177581.0,0.0,10355162.0,0.016629458
2,2D_cyclic,7,tmt_sym,0.007158995,2.623e-06,1451920.0,0.0,2903840.0,0.007156371999999999
2,2D_cyclic,8,1138_bus,6.437e-06,2.38e-07,1297.0,0.0,2594.0,6.199e-06
2,2D_cyclic,8,Hook_1498,0.056244612,1.669e-06,15604795.0,0.0,31209590.0,0.056242943
2,2D_cyclic,8,cond-mat-2005,0.000623703,4.77e-07,88229.0,0.0,176458.0,0.0006232259999999999
2,2D_cyclic,8,dixmaanl,0.000396252,4.77e-07,90000.0,0.0,180000.0,0.000395775
2,2D_cyclic,8,flowmeter0,0.000105143,4.77e-07,19283.0,0.0,38566.0,0.000104666
2,2D_cyclic,8,msdoor,0.016600609,2.861e-06,5177581.0,0.0,10355162.0,0.016597748
2,2D_cyclic,8,tmt_sym,0.007143021,2.384e-06,1451920.0,0.0,2903840.0,0.007140637
2,2D_cyclic,9,1138_bus,6.437e-06,2.38e-07,1297.0,0.0,2594.0,6.199e-06
2,2D_cyclic,9,Hook_1498,0.056187868,5.245e-06,15604795.0,0.0,31209590.0,0.056182623
2,2D_cyclic,9,cond-mat-2005,0.000632048,4.77e-07,88229.0,0.0,176458.0,0.0006315709999999999
2,2D_cyclic,9,dixmaanl,0.000389814,2.38e-07,90000.0,0.0,180000.0,0.000389576
2,2D_cyclic,9,flowmeter0,0.000104666,4.77e-07,19283.0,0.0,38566.0,0.000104189
2,2D_cyclic,9,msdoor,0.016582012,3.099e-06,5177581.0,0.0,10355162.0,0.016578913
2,2D_cyclic,9,tmt_sym,0.007131338,2.146e-06,1451920.0,0.0,2903840.0,0.007129192
4,1D,0,1138_bus,4.4823e-05,3.8385e-05,665.0,247.0,1330.0,6.438000000000002e-06
4,1D,0,Hook_1498,0.076921701,0.015100241,7802548.0,1087032.0,15605096.0,0.061821459999999995
4,1D,0,cond-mat-2005,0.000668764,0.000241041,44345.0,13288.0,88690.0,0.00042772299999999997
4,1D,0,dixmaanl,0.000617266,0.000443459,44999.0,14999.0,89998.0,0.000173807
4,1D,0,flowmeter0,0.000160933,9.1076e-05,9635.0,4313.0,19270.0,6.985700000000002e-05
4,1D,0,msdoor,0.018728495,0.004183531,2558744.0,295524.0,5117488.0,0.014544964
4,1D,0,tmt_sym,0.011675596,0.006138563,726120.0,363253.0,1452240.0,0.005537033
4,1D,1,1138_bus,4.3154e-05,3.8862e-05,665.0,247.0,1330.0,4.291999999999999e-06
4,1D,1,Hook_1498,0.07378459,0.01190877,7802548.0,1087032.0,15605096.0,0.06187582
4,1D,1,cond-mat-2005,0.000630617,0.000212193,44345.0,13288.0,88690.0,0.000418424
4,1D,1,dixmaanl,0.000614166,0.000449657,44999.0,14999.0,89998.0,0.00016450899999999997
4,1D,1,flowmeter0,0.000153065,8.7261e-05,9635.0,4313.0,19270.0,6.5804e-05
4,1D,1,msdoor,0.01753521,0.003229141,2558744.0,295524.0,5117488.0,0.014306069
4,1D,1,tmt_sym,0.010496378,0.005028963,726120.0,363253.0,1452240.0,0.005467415000000001
4,1D,2,1138_bus,4.1723e-05,3.8385e-05,665.0,247.0,1330.0,3.338000000000001e-06
4,1D,2,Hook_1498,0.073841333,0.011907578,7802548.0,1087032.0,15605096.0,0.06193375499999999
4,1D,2,cond-mat-2005,0.000634909,0.000216484,44345.0,13288.0,88690.0,0.00041842500000000005
4,1D,2,dixmaanl,0.000614882,0.000450134,44999.0,14999.0,89998.0,0.000164748
4,1D,2,flowmeter0,0.000167847,0.000103474,9635.0,4313.0,19270.0,6.437299999999999e-05
4,1D,2,msdoor,0.017797947,0.003349066,2558744.0,295524.0,5117488.0,0.014448881000000002
4,1D,2,tmt_sym,0.010496378,0.005004883,726120.0,363253.0,1452240.0,0.005491495000000001
4,1D,3,1138_bus,4.7684e-05,4.4584e-05,665.0,247.0,1330.0,3.100000000000001e-06
4,1D,3,Hook_1498,0.073615789,0.011812925,7802548.0,1087032.0,15605096.0,0.061802864
4,1D,3,cond-mat-2005,0.000633955,0.000209808,44345.0,13288.0,88690.0,0.00042414699999999994
4,1D,3,dixmaanl,0.000611305,0.000446558,44999.0,14999.0,89998.0,0.00016474700000000003
4,1D,3,flowmeter0,0.000159502,9.5606e-05,9635.0,4313.0,19270.0,6.3896e-05
4,1D,3,msdoor,0.017783403,0.003238201,2558744.0,295524.0,5117488.0,0.014545202
4,1D,3,tmt_sym,0.010469913,0.005002975,726120.0,363253.0,1452240.0,0.005466938000000001
4,1D,4,1138_bus,4.5776e-05,4.2915e-05,665.0,247.0,1330.0,2.8609999999999985e-06
4,1D,4,Hook_1498,0.073475122,0.011593103,7802548.0,1087032.0,15605096.0,0.061882019
4,1D,4,cond-mat-2005,0.000638485,0.000220776,44345.0,13288.0,88690.0,0.00041770900000000005
4,1D,4,dixmaanl,0.000611544,0.000447035,44999.0,14999.0,89998.0,0.00016450900000000002
4,1D,4,flowmeter0,0.000157833,9.4891e-05,9635.0,4313.0,19270.0,6.2942e-05
4,1D,4,msdoor,0.017822027,0.00336647,2558744.0,295524.0,5117488.0,0.014455557
4,1D,4,tmt_sym,0.010095358,0.004666328,726120.0,363253.0,1452240.0,0.0054290300000000005
4,1D,5,1138_bus,4.0531e-05,3.767e-05,665.0,247.0,1330.0,2.8610000000000053e-06
4,1D,5,Hook_1498,0.073438406,0.011587143,7802548.0,1087032.0,15605096.0,0.061851263
4,1D,5,cond-mat-2005,0.000627279,0.000209093,44345.0,13288.0,88690.0,0.00041818599999999997
4,1D,5,dixmaanl,0.00062871,0.000464201,44999.0,14999.0,89998.0,0.00016450899999999997
4,1D,5,flowmeter0,0.000165701,0.000102282,9635.0,4313.0,19270.0,6.341900000000001e-05
4,1D,5,msdoor,0.017568827,0.003231764,2558744.0,295524.0,5117488.0,0.014337062999999999
4,1D,5,tmt_sym,0.009902239,0.004501104,726120.0,363253.0,1452240.0,0.0054011350000000005
4,1D,6,1138_bus,4.7684e-05,4.4584e-05,665.0,247.0,1330.0,3.100000000000001e-06
4,1D,6,Hook_1498,0.074005365,0.012214899,7802548.0,1087032.0,15605096.0,0.061790466
4,1D,6,cond-mat-2005,0.000627279,0.000202894,44345.0,13288.0,88690.0,0.000424385
4,1D,6,dixmaanl,0.000614882,0.000450134,44999.0,14999.0,89998.0,0.000164748
4,1D,6,flowmeter0,0.000177383,0.000107765,9635.0,4313.0,19270.0,6.961800000000001e-05
4,1D,6,msdoor,0.017376423,0.003216982,2558744.0,295524.0,5117488.0,0.014159440999999998
4,1D,6,tmt_sym,0.010048866,0.00447464,726120.0,363253.0,1452240.0,0.005574226
4,1D,7,1138_bus,4.2915e-05,4.0054e-05,665.0,247.0,1330.0,2.8609999999999985e-06
4,1D,7,Hook_1498,0.075580597,0.013795376,7802548.0,1087032.0,15605096.0,0.061785221
4,1D,7,cond-mat-2005,0.000623465,0.000204802,44345.0,13288.0,88690.0,0.000418663
4,1D,7,dixmaanl,0.000611782,0.000447512,44999.0,14999.0,89998.0,0.00016426999999999994
4,1D,7,flowmeter0,0.000161171,9.9421e-05,9635.0,4313.0,19270.0,6.175e-05
4,1D,7,msdoor,0.018016338,0.003245354,2558744.0,295524.0,5117488.0,0.014770984
4,1D,7,tmt_sym,0.009871483,0.004371881,726120.0,363253.0,1452240.0,0.005499602
4,1D,8,1138_bus,4.1962e-05,3.9339e-05,665.0,247.0,1330.0,2.623000000000005e-06
4,1D,8,Hook_1498,0.073368073,0.011496544,7802548.0,1087032.0,15605096.0,0.06187152900000001
4,1D,8,cond-mat-2005,0.000627041,0.000204563,44345.0,13288.0,88690.0,0.00042247799999999995
4,1D,8,dixmaanl,0.000619411,0.000447989,44999.0,14999.0,89998.0,0.00017142200000000007
4,1D,8,flowmeter0,0.000169516,0.000106573,9635.0,4313.0,19270.0,6.294300000000001e-05
4,1D,8,msdoor,0.017905712,0.003371477,2558744.0,295524.0,5117488.0,0.014534235000000001
4,1D,8,tmt_sym,0.009889126,0.004394531,726120.0,363253.0,1452240.0,0.005494595
4,1D,9,1138_bus,3.9339e-05,3.6716e-05,665.0,247.0,1330.0,2.6229999999999984e-06
4,1D,9,Hook_1498,0.073438168,0.011525631,7802548.0,1087032.0,15605096.0,0.061912537
4,1D,9,cond-mat-2005,0.000632524,0.000209808,44345.0,13288.0,88690.0,0.00042271599999999996
4,1D,9,dixmaanl,0.000612259,0.000447989,44999.0,14999.0,89998.0,0.00016427
4,1D,9,flowmeter0,0.000154972,9.3699e-05,9635.0,4313.0,19270.0,6.1273e-05
4,1D,9,msdoor,0.017749786,0.003226995,2558744.0,295524.0,5117488.0,0.014522791
4,1D,9,tmt_sym,0.009759665,0.004294634,726120.0,363253.0,1452240.0,0.005465031
4,2D,0,1138_bus,5.6744e-05,4.3392e-05,1289.0,426.0,2578.0,1.3351999999999997e-05
4,2D,0,Hook_1498,0.120721102,0.004064322,15524280.0,561759.0,31048560.0,0.11665678
4,2D,0,cond-mat-2005,0.001137495,0.000146866,100606.0,11098.0,201212.0,0.000990629
4,2D,0,dixmaanl,0.000593185,0.000283003,69999.0,22500.0,139998.0,0.000310182
4,2D,0,flowmeter0,0.000228882,6.9857e-05,19203.0,3626.0,38406.0,0.00015902499999999998
4,2D,0,msdoor,0.023529291,0.001200914,4823733.0,155949.0,9647466.0,0.022328377
4,2D,0,tmt_sym,0.011330843,0.002183676,1450962.0,272517.0,2901924.0,0.009147167000000001
4,2D,1,1138_bus,7.987e-05,6.8903e-05,1289.0,426.0,2578.0,1.0967000000000005e-05
4,2D,1,Hook_1498,0.120166063,0.003570795,15524280.0,561759.0,31048560.0,0.116595268
4,2D,1,cond-mat-2005,0.001129866,0.00014019,100606.0,11098.0,201212.0,0.000989676
4,2D,1,dixmaanl,0.000602961,0.000294685,69999.0,22500.0,139998.0,0.00030827599999999996
4,2D,1,flowmeter0,0.000250816,8.1778e-05,19203.0,3626.0,38406.0,0.000169038
4,2D,1,msdoor,0.023545504,0.00098753,4823733.0,155949.0,9647466.0,0.022557973999999998
4,2D,1,tmt_sym,0.011108875,0.001970768,1450962.0,272517.0,2901924.0,0.009138107000000001
4,2D,2,1138_bus,7.2241e-05,6.3181e-05,1289.0,426.0,2578.0,9.059999999999998e-06
4,2D,2,Hook_1498,0.120261908,0.003601789,15524280.0,561759.0,31048560.0,0.116660119
4,2D,2,cond-mat-2005,0.001158714,0.000167131,100606.0,11098.0,201212.0,0.0009915829999999999
4,2D,2,dixmaanl,0.000590563,0.000271797,69999.0,22500.0,139998.0,0.000318766
4,2D,2,flowmeter0,0.000405312,0.000247478,19203.0,3626.0,38406.0,0.00015783400000000003
4,2D,2,msdoor,0.02340889,0.001000881,4823733.0,155949.0,9647466.0,0.022408009000000003
4,2D,2,tmt_sym,0.011020899,0.001864672,1450962.0,272517.0,2901924.0,0.009156227000000001
4,2D,3,1138_bus,5.1737e-05,4.3631e-05,1289.0,426.0,2578.0,8.106e-06
4,2D,3,Hook_1498,0.120277643,0.003448486,15524280.0,561759.0,31048560.0,0.116829157
4,2D,3,cond-mat-2005,0.001137018,0.000146389,100606.0,11098.0,201212.0,0.000990629
4,2D,3,dixmaanl,0.00056839,0.000258923,69999.0,22500.0,139998.0,0.000309467
4,2D,3,flowmeter0,0.000403643,0.00024581,19203.0,3626.0,38406.0,0.00015783300000000002
4,2D,3,msdoor,0.02340579,0.001013517,4823733.0,155949.0,9647466.0,0.022392273
4,2D,3,tmt_sym,0.010948658,0.001828432,1450962.0,272517.0,2901924.0,0.009120226
4,2D,4,1138_bus,4.6253e-05,3.9339e-05,1289.0,426.0,2578.0,6.914000000000002e-06
4,2D,4,Hook_1498,0.119863749,0.003137827,15524280.0,561759.0,31048560.0,0.11672592200000001
4,2D,4,cond-mat-2005,0.00114274,0.000152826,100606.0,11098.0,201212.0,0.000989914
4,2D,4,dixmaanl,0.000569344,0.000259638,69999.0,22500.0,139998.0,0.0003097059999999999
4,2D,4,flowmeter0,0.00023675,8.0585e-05,19203.0,3626.0,38406.0,0.000156165
4,2D,4,msdoor,0.023404837,0.000992775,4823733.0,155949.0,9647466.0,0.022412062
4,2D,4,tmt_sym,0.010835171,0.001728296,1450962.0,272517.0,2901924.0,0.009106874999999999
4,2D,5,1138_bus,4.6492e-05,3.9816e-05,1289.0,426.0,2578.0,6.676000000000002e-06
4,2D,5,Hook_1498,0.11987114,0.00309062,15524280.0,561759.0,31048560.0,0.11678052
4,2D,5,cond-mat-2005,0.001147985,0.000152588,100606.0,11098.0,201212.0,0.000995397
4,2D,5,dixmaanl,0.000568628,0.000252247,69999.0,22500.0,139998.0,0.00031638099999999996
4,2D,5,flowmeter0,0.000403643,0.000245333,19203.0,3626.0,38406.0,0.00015831000000000005
4,2D,5,msdoor,0.023433924,0.000999451,4823733.0,155949.0,9647466.0,0.022434473
4,2D,5,tmt_sym,0.010784388,0.001666784,1450962.0,272517.0,2901924.0,0.009117604000000001
4,2D,6,1138_bus,4.673e-05,4.0293e-05,1289.0,426.0,2578.0,6.4369999999999995e-06
4,2D,6,Hook_1498,0.119989872,0.0032897,15524280.0,561759.0,31048560.0,0.11670017199999999
4,2D,6,cond-mat-2005,0.001140833,0.000150919,100606.0,11098.0,201212.0,0.000989914
4,2D,6,dixmaanl,0.000610352,0.000300884,69999.0,22500.0,139998.0,0.00030946799999999997
4,2D,6,flowmeter0,0.000408888,0.000247002,19203.0,3626.0,38406.0,0.00016188599999999997
4,2D,6,msdoor,0.02345252,0.000995398,4823733.0,155949.0,9647466.0,0.022457122
4,2D,6,tmt_sym,0.010833263,0.00165987,1450962.0,272517.0,2901924.0,0.009173392999999998
4,2D,7,1138_bus,4.673e-05,4.0531e-05,1289.0,426.0,2578.0,6.1989999999999994e-06
4,2D,7,Hook_1498,0.120043278,0.003446817,15524280.0,561759.0,31048560.0,0.116596461
4,2D,7,cond-mat-2005,0.001136303,0.00014782,100606.0,11098.0,201212.0,0.000988483
4,2D,7,dixmaanl,0.000610352,0.000300646,69999.0,22500.0,139998.0,0.000309706
4,2D,7,flowmeter0,0.000249386,9.2983e-05,19203.0,3626.0,38406.0,0.000156403
4,2D,7,msdoor,0.0233078,0.000999689,4823733.0,155949.0,9647466.0,0.022308111
4,2D,7,tmt_sym,0.01078558,0.001640797,1450962.0,272517.0,2901924.0,0.009144783
4,2D,8,1138_bus,4.6253e-05,4.0293e-05,1289.0,426.0,2578.0,5.959999999999997e-06
4,2D,8,Hook_1498,0.119904995,0.003100634,15524280.0,561759.0,31048560.0,0.116804361
4,2D,8,cond-mat-2005,0.001137257,0.000149488,100606.0,11098.0,201212.0,0.000987769
4,2D,8,dixmaanl,0.000583887,0.00027442,69999.0,22500.0,139998.0,0.00030946699999999996
4,2D,8,flowmeter0,0.000241518,8.4877e-05,19203.0,3626.0,38406.0,0.000156641
4,2D,8,msdoor,0.023509026,0.000979185,4823733.0,155949.0,9647466.0,0.022529841
4,2D,8,tmt_sym,0.010785103,0.001653433,1450962.0,272517.0,2901924.0,0.009131670000000001
4,2D,9,1138_bus,4.6015e-05,3.9816e-05,1289.0,426.0,2578.0,6.1989999999999994e-06
4,2D,9,Hook_1498,0.119890213,0.003238916,15524280.0,561759.0,31048560.0,0.116651297
4,2D,9,cond-mat-2005,0.001135588,0.000146866,100606.0,11098.0,201212.0,0.000988722
4,2D,9,dixmaanl,0.000557661,0.000244856,69999.0,22500.0,139998.0,0.000312805
4,2D,9,flowmeter0,0.000778675,0.000617743,19203.0,3626.0,38406.0,0.00016093200000000002
4,2D,9,msdoor,0.023481846,0.001015902,4823733.0,155949.0,9647466.0,0.022465944
4,2D,9,tmt_sym,0.011111975,0.002010345,1450962.0,272517.0,2901924.0,0.00910163
4,2D_cyclic,0,1138_bus,1.0729e-05,2.861e-06,885.0,284.0,1770.0,7.868e-06
4,2D_cyclic,0,Hook_1498,0.074700356,0.003176212,8006390.0,374506.0,16012780.0,0.071524144
4,2D_cyclic,0,cond-mat-2005,0.000679731,2.5511e-05,41269.0,4728.0,82538.0,0.0006542200000000001
4,2D_cyclic,0,dixmaanl,0.000386,9.346e-05,60000.0,15000.0,120000.0,0.00029254
4,2D_cyclic,0,flowmeter0,0.000137806,1.1206e-05,12073.0,2417.0,24146.0,0.0001266
4,2D_cyclic,0,msdoor,0.015180111,0.000866652,2632180.0,103966.0,5264360.0,0.014313458999999999
4,2D_cyclic,0,tmt_sym,0.007491589,0.001650572,726184.0,181678.0,1452368.0,0.0058410169999999996
4,2D_cyclic,1,1138_bus,8.345e-06,2.623e-06,885.0,284.0,1770.0,5.7220000000000004e-06
4,2D_cyclic,1,Hook_1498,0.073455811,0.001882315,8006390.0,374506.0,16012780.0,0.071573496
4,2D_cyclic,1,cond-mat-2005,0.000674486,2.5272e-05,41269.0,4728.0,82538.0,0.000649214
4,2D_cyclic,1,dixmaanl,0.00035882,8.7738e-05,60000.0,15000.0,120000.0,0.00027108199999999996
4,2D_cyclic,1,flowmeter0,0.000134468,1.1206e-05,12073.0,2417.0,24146.0,0.000123262
4,2D_cyclic,1,msdoor,0.014793634,0.000487089,2632180.0,103966.0,5264360.0,0.014306545
4,2D_cyclic,1,tmt_sym,0.006747484,0.000948429,726184.0,181678.0,1452368.0,0.005799055
4,2D_cyclic,2,1138_bus,7.629e-06,2.861e-06,885.0,284.0,1770.0,4.768000000000001e-06
4,2D_cyclic,2,Hook_1498,0.073536396,0.00189662,8006390.0,374506.0,16012780.0,0.071639776
4,2D_cyclic,2,cond-mat-2005,0.000671148,2.5272e-05,41269.0,4728.0,82538.0,0.000645876
4,2D_cyclic,2,dixmaanl,0.000355959,8.4639e-05,60000.0,15000.0,120000.0,0.00027131999999999997
4,2D_cyclic,2,flowmeter0,0.000132084,1.0014e-05,12073.0,2417.0,24146.0,0.00012207
4,2D_cyclic,2,msdoor,0.014723539,0.000482321,2632180.0,103966.0,5264360.0,0.014241218
4,2D_cyclic,2,tmt_sym,0.006709099,0.000940561,726184.0,181678.0,1452368.0,0.005768537999999999
4,2D_cyclic,3,1138_bus,7.391e-06,2.861e-06,885.0,284.0,1770.0,4.530000000000001e-06
4,2D_cyclic,3,Hook_1498,0.073602915,0.001914501,8006390.0,374506.0,16012780.0,0.071688414
4,2D_cyclic,3,cond-mat-2005,0.000681639,2.5511e-05,41269.0,4728.0,82538.0,0.0006561280000000001
4,2D_cyclic,3,dixmaanl,0.000365496,9.4175e-05,60000.0,15000.0,120000.0,0.000271321
4,2D_cyclic,3,flowmeter0,0.000131845,9.775e-06,12073.0,2417.0,24146.0,0.00012207
4,2D_cyclic,3,msdoor,0.014742136,0.000529051,2632180.0,103966.0,5264360.0,0.014213085
4,2D_cyclic,3,tmt_sym,0.006668568,0.000905037,726184.0,181678.0,1452368.0,0.005763531
4,2D_cyclic,4,1138_bus,7.153e-06,2.861e-06,885.0,284.0,1770.0,4.292000000000001e-06
4,2D_cyclic,4,Hook_1498,0.073446512,0.001866102,8006390.0,374506.0,16012780.0,0.07158041000000001
4,2D_cyclic,4,cond-mat-2005,0.000677586,2.5034e-05,41269.0,4728.0,82538.0,0.000652552
4,2D_cyclic,4,dixmaanl,0.000355244,8.4162e-05,60000.0,15000.0,120000.0,0.000271082
4,2D_cyclic,4,flowmeter0,0.000131845,1.0014e-05,12073.0,2417.0,24146.0,0.000121831
4,2D_cyclic,4,msdoor,0.014633179,0.000476599,2632180.0,103966.0,5264360.0,0.01415658
4,2D_cyclic,4,tmt_sym,0.006649733,0.000916719,726184.0,181678.0,1452368.0,0.005733014
4,2D_cyclic,5,1138_bus,6.914e-06,2.623e-06,885.0,284.0,1770.0,4.291e-06
4,2D_cyclic,5,Hook_1498,0.07343626,0.001873493,8006390.0,374506.0,16012780.0,0.071562767
4,2D_cyclic,5,cond-mat-2005,0.000670671,2.4557e-05,41269.0,4728.0,82538.0,0.0006461139999999999
4,2D_cyclic,5,dixmaanl,0.000361681,8.3447e-05,60000.0,15000.0,120000.0,0.000278234
4,2D_cyclic,5,flowmeter0,0.000138998,1.0252e-05,12073.0,2417.0,24146.0,0.000128746
4,2D_cyclic,5,msdoor,0.01471591,0.000509977,2632180.0,103966.0,5264360.0,0.014205933
4,2D_cyclic,5,tmt_sym,0.006714106,0.000936985,726184.0,181678.0,1452368.0,0.005777121
4,2D_cyclic,6,1138_bus,7.153e-06,2.861e-06,885.0,284.0,1770.0,4.292000000000001e-06
4,2D_cyclic,6,Hook_1498,0.073523998,0.001856327,8006390.0,374506.0,16012780.0,0.07166767099999999
4,2D_cyclic,6,cond-mat-2005,0.000673532,2.6464e-05,41269.0,4728.0,82538.0,0.000647068
4,2D_cyclic,6,dixmaanl,0.000362396,9.0837e-05,60000.0,15000.0,120000.0,0.000271559
4,2D_cyclic,6,flowmeter0,0.000132322,1.0014e-05,12073.0,2417.0,24146.0,0.000122308
4,2D_cyclic,6,msdoor,0.014852285,0.000491381,2632180.0,103966.0,5264360.0,0.014360903999999999
4,2D_cyclic,6,tmt_sym,0.006645441,0.000923872,726184.0,181678.0,1452368.0,0.005721569
4,2D_cyclic,7,1138_bus,7.153e-06,2.861e-06,885.0,284.0,1770.0,4.292000000000001e-06
4,2D_cyclic,7,Hook_1498,0.073392868,0.001885414,8006390.0,374506.0,16012780.0,0.071507454
4,2D_cyclic,7,cond-mat-2005,0.000677586,2.5511e-05,41269.0,4728.0,82538.0,0.000652075
4,2D_cyclic,7,dixmaanl,0.000355244,8.3923e-05,60000.0,15000.0,120000.0,0.000271321
4,2D_cyclic,7,flowmeter0,0.000132561,1.2875e-05,12073.0,2417.0,24146.0,0.000119686
4,2D_cyclic,7,msdoor,0.014838696,0.00052762,2632180.0,103966.0,5264360.0,0.014311076
4,2D_cyclic,7,tmt_sym,0.006791353,0.001049519,726184.0,181678.0,1452368.0,0.0057418339999999995
4,2D_cyclic,8,1138_bus,7.629e-06,3.338e-06,885.0,284.0,1770.0,4.291e-06
4,2D_cyclic,8,Hook_1498,0.073531628,0.001882315,8006390.0,374506.0,16012780.0,0.071649313
4,2D_cyclic,8,cond-mat-2005,0.000680447,2.6703e-05,41269.0,4728.0,82538.0,0.000653744
4,2D_cyclic,8,dixmaanl,0.000361681,8.2493e-05,60000.0,15000.0,120000.0,0.000279188
4,2D_cyclic,8,flowmeter0,0.000133038,1.2875e-05,12073.0,2417.0,24146.0,0.00012016300000000001
4,2D_cyclic,8,msdoor,0.014739752,0.000484228,2632180.0,103966.0,5264360.0,0.014255524
4,2D_cyclic,8,tmt_sym,0.006633043,0.000914335,726184.0,181678.0,1452368.0,0.005718708
4,2D_cyclic,9,1138_bus,7.153e-06,2.861e-06,885.0,284.0,1770.0,4.292000000000001e-06
4,2D_cyclic,9,Hook_1498,0.073575497,0.001877785,8006390.0,374506.0,16012780.0,0.071697712
4,2D_cyclic,9,cond-mat-2005,0.00067544,2.6464e-05,41269.0,4728.0,82538.0,0.000648976
4,2D_cyclic,9,dixmaanl,0.000360489,8.893e-05,60000.0,15000.0,120000.0,0.000271559
4,2D_cyclic,9,flowmeter0,0.000132561,1.3113e-05,12073.0,2417.0,24146.0,0.00011944800000000001
4,2D_cyclic,9,msdoor,0.014728546,0.00049448,2632180.0,103966.0,5264360.0,0.014234066
4,2D_cyclic,9,tmt_sym,0.006644964,0.000932455,726184.0,181678.0,1452368.0,0.005712508999999999
8,1D,0,1138_bus,6.6519e-05,6.3181e-05,322.0,139.0,644.0,3.338000000000001e-06
8,1D,0,Hook_1498,0.048055649,0.022716284,3898612.0,1139406.0,7797224.0,0.025339365
8,1D,0,cond-mat-2005,0.000385761,0.000216246,21865.0,10276.0,43730.0,0.000169515
8,1D,0,dixmaanl,0.000298977,0.000216484,22499.0,7499.0,44998.0,8.249300000000002e-05
8,1D,0,flowmeter0,0.000121832,9.2983e-05,4812.0,2734.0,9624.0,2.8848999999999994e-05
8,1D,0,msdoor,0.015458584,0.007296324,1281251.0,321469.0,2562502.0,0.00816226
8,1D,0,tmt_sym,0.007992744,0.00543189,362930.0,230881.0,725860.0,0.0025608539999999996
8,1D,1,1138_bus,6.6042e-05,6.3896e-05,322.0,139.0,644.0,2.146000000000003e-06
8,1D,1,Hook_1498,0.045004129,0.019629478,3898612.0,1139406.0,7797224.0,0.025374650999999998
8,1D,1,cond-mat-2005,0.000386953,0.000222445,21865.0,10276.0,43730.0,0.000164508
8,1D,1,dixmaanl,0.000300407,0.000218391,22499.0,7499.0,44998.0,8.2016e-05
8,1D,1,flowmeter0,0.000105858,7.9393e-05,4812.0,2734.0,9624.0,2.6464999999999998e-05
8,1D,1,msdoor,0.014177084,0.006084919,1281251.0,321469.0,2562502.0,0.008092164999999998
8,1D,1,tmt_sym,0.007137775,0.004612923,362930.0,230881.0,725860.0,0.002524852
8,1D,2,1138_bus,5.579e-05,5.4359e-05,322.0,139.0,644.0,1.4310000000000004e-06
8,1D,2,Hook_1498,0.044353247,0.019043446,3898612.0,1139406.0,7797224.0,0.025309801
8,1D,2,cond-mat-2005,0.000382423,0.000220299,21865.0,10276.0,43730.0,0.000162124
8,1D,2,dixmaanl,0.000300884,0.000217199,22499.0,7499.0,44998.0,8.368500000000001e-05
8,1D,2,flowmeter0,0.000104427,7.9393e-05,4812.0,2734.0,9624.0,2.503399999999999e-05
8,1D,2,msdoor,0.014176846,0.006207466,1281251.0,321469.0,2562502.0,0.00796938
8,1D,2,tmt_sym,0.007210732,0.004693747,362930.0,230881.0,725860.0,0.0025169850000000002
8,1D,3,1138_bus,5.2691e-05,5.126e-05,322.0,139.0,644.0,1.4310000000000004e-06
8,1D,3,Hook_1498,0.045073748,0.019876003,3898612.0,1139406.0,7797224.0,0.025197744999999997
8,1D,3,cond-mat-2005,0.000378609,0.000216007,21865.0,10276.0,43730.0,0.00016260200000000003
8,1D,3,dixmaanl,0.000320435,0.000238895,22499.0,7499.0,44998.0,8.153999999999998e-05
8,1D,3,flowmeter0,0.00011158,8.75e-05,4812.0,2734.0,9624.0,2.408e-05
8,1D,3,msdoor,0.013841629,0.006033659,1281251.0,321469.0,2562502.0,0.007807969999999999
8,1D,3,tmt_sym,0.007294893,0.004778385,362930.0,230881.0,725860.0,0.0025165080000000006
8,1D,4,1138_bus,5.722e-05,5.579e-05,322.0,139.0,644.0,1.4299999999999982e-06
8,1D,4,Hook_1498,0.045286179,0.0201087,3898612.0,1139406.0,7797224.0,0.025177479000000003
8,1D,4,cond-mat-2005,0.000389814,0.00022769,21865.0,10276.0,43730.0,0.00016212399999999998
8,1D,4,dixmaanl,0.000299692,0.000216007,22499.0,7499.0,44998.0,8.368500000000001e-05
8,1D,4,flowmeter0,0.000123978,0.000100851,4812.0,2734.0,9624.0,2.312700000000001e-05
8,1D,4,msdoor,0.013767719,0.005962133,1281251.0,321469.0,2562502.0,0.007805586
8,1D,4,tmt_sym,0.007023335,0.004544497,362930.0,230881.0,725860.0,0.0024788380000000006
8,1D,5,1138_bus,6.1989e-05,6.032e-05,322.0,139.0,644.0,1.6690000000000072e-06
8,1D,5,Hook_1498,0.044841766,0.019620657,3898612.0,1139406.0,7797224.0,0.025221109
8,1D,5,cond-mat-2005,0.00039196,0.000222206,21865.0,10276.0,43730.0,0.00016975400000000001
8,1D,5,dixmaanl,0.000290155,0.000208616,22499.0,7499.0,44998.0,8.153899999999999e-05
8,1D,5,flowmeter0,0.00012207,9.9659e-05,4812.0,2734.0,9624.0,2.2411e-05
8,1D,5,msdoor,0.0137887,0.005845308,1281251.0,321469.0,2562502.0,0.007943392
8,1D,5,tmt_sym,0.007074118,0.00460124,362930.0,230881.0,725860.0,0.0024728779999999995
8,1D,6,1138_bus,6.0558e-05,5.9128e-05,322.0,139.0,644.0,1.4299999999999982e-06
8,1D,6,Hook_1498,0.044522762,0.019291162,3898612.0,1139406.0,7797224.0,0.0252316
8,1D,6,cond-mat-2005,0.000377417,0.000215054,21865.0,10276.0,43730.0,0.000162363
8,1D,6,dixmaanl,0.000282049,0.000198364,22499.0,7499.0,44998.0,8.368499999999998e-05
8,1D,6,flowmeter0,0.000129223,0.000107288,4812.0,2734.0,9624.0,2.1935000000000013e-05
8,1D,6,msdoor,0.014416695,0.006280899,1281251.0,321469.0,2562502.0,0.008135796
8,1D,6,tmt_sym,0.007011175,0.004521847,362930.0,230881.0,725860.0,0.002489328
8,1D,7,1138_bus,6.9141e-05,6.7949e-05,322.0,139.0,644.0,1.191999999999998e-06
8,1D,7,Hook_1498,0.044388294,0.019207954,3898612.0,1139406.0,7797224.0,0.025180340000000002
8,1D,7,cond-mat-2005,0.000380278,0.000217438,21865.0,10276.0,43730.0,0.00016284
8,1D,7,dixmaanl,0.000333071,0.000251055,22499.0,7499.0,44998.0,8.201600000000002e-05
8,1D,7,flowmeter0,0.000132561,0.000110626,4812.0,2734.0,9624.0,2.1935000000000013e-05
8,1D,7,msdoor,0.014149189,0.006067991,1281251.0,321469.0,2562502.0,0.008081198
8,1D,7,tmt_sym,0.007059574,0.004600048,362930.0,230881.0,725860.0,0.002459526
8,1D,8,1138_bus,8.0347e-05,7.8678e-05,322.0,139.0,644.0,1.6690000000000005e-06
8,1D,8,Hook_1498,0.044551134,0.019299746,3898612.0,1139406.0,7797224.0,0.025251388
8,1D,8,cond-mat-2005,0.000387669,0.000225306,21865.0,10276.0,43730.0,0.000162363
8,1D,8,dixmaanl,0.000293732,0.000211954,22499.0,7499.0,44998.0,8.177799999999999e-05
8,1D,8,flowmeter0,0.000127792,0.000105619,4812.0,2734.0,9624.0,2.2172999999999993e-05
8,1D,8,msdoor,0.013851881,0.005914927,1281251.0,321469.0,2562502.0,0.007936954
8,1D,8,tmt_sym,0.006993532,0.004513264,362930.0,230881.0,725860.0,0.002480268
8,1D,9,1138_bus,0.000148058,0.000146627,322.0,139.0,644.0,1.4310000000000071e-06
8,1D,9,Hook_1498,0.044651747,0.019481897,3898612.0,1139406.0,7797224.0,0.025169849999999997
8,1D,9,cond-mat-2005,0.000380039,0.000217438,21865.0,10276.0,43730.0,0.00016260099999999998
8,1D,9,dixmaanl,0.000296116,0.000212669,22499.0,7499.0,44998.0,8.344700000000003e-05
8,1D,9,flowmeter0,0.000126839,0.000105381,4812.0,2734.0,9624.0,2.145800000000001e-05
8,1D,9,msdoor,0.013812065,0.005921602,1281251.0,321469.0,2562502.0,0.007890463
8,1D,9,tmt_sym,0.007215261,0.004770994,362930.0,230881.0,725860.0,0.002444267
8,2D,0,1138_bus,5.579e-05,4.9114e-05,723.0,249.0,1446.0,6.676000000000002e-06
8,2D,0,Hook_1498,0.052424431,0.003620148,7915821.0,327692.0,15831642.0,0.048804283000000004
8,2D,0,cond-mat-2005,0.000770807,0.00012207,80516.0,7616.0,161032.0,0.0006487369999999999
8,2D,0,dixmaanl,0.000428677,0.000203848,40000.0,13125.0,80000.0,0.00022482899999999998
8,2D,0,flowmeter0,0.000154734,8.75e-05,9666.0,2115.0,19332.0,6.723400000000001e-05
8,2D,0,msdoor,0.015663147,0.001049519,2751760.0,90970.0,5503520.0,0.014613627999999998
8,2D,0,tmt_sym,0.006855011,0.001919746,726504.0,158969.0,1453008.0,0.004935265
8,2D,1,1138_bus,6.4611e-05,5.8889e-05,723.0,249.0,1446.0,5.721999999999997e-06
8,2D,1,Hook_1498,0.052588463,0.003789425,7915821.0,327692.0,15831642.0,0.048799038
8,2D,1,cond-mat-2005,0.000782013,0.000132799,80516.0,7616.0,161032.0,0.0006492140000000001
8,2D,1,dixmaanl,0.00043726,0.000215769,40000.0,13125.0,80000.0,0.00022149100000000004
8,2D,1,flowmeter0,0.000146627,8.1301e-05,9666.0,2115.0,19332.0,6.5326e-05
8,2D,1,msdoor,0.015690565,0.001075029,2751760.0,90970.0,5503520.0,0.014615536
8,2D,1,tmt_sym,0.006788731,0.001900434,726504.0,158969.0,1453008.0,0.004888297
8,2D,2,1138_bus,7.0572e-05,6.5804e-05,723.0,249.0,1446.0,4.768000000000006e-06
8,2D,2,Hook_1498,0.052459717,0.003591299,7915821.0,327692.0,15831642.0,0.048868418000000004
8,2D,2,cond-mat-2005,0.000787497,0.000132084,80516.0,7616.0,161032.0,0.000655413
8,2D,2,dixmaanl,0.00044322,0.000219345,40000.0,13125.0,80000.0,0.00022387499999999998
8,2D,2,flowmeter0,0.000138521,7.4148e-05,9666.0,2115.0,19332.0,6.437300000000002e-05
8,2D,2,msdoor,0.015646458,0.001064301,2751760.0,90970.0,5503520.0,0.014582156999999998
8,2D,2,tmt_sym,0.006686687,0.001820564,726504.0,158969.0,1453008.0,0.004866123
8,2D,3,1138_bus,7.0095e-05,6.5804e-05,723.0,249.0,1446.0,4.2910000000000035e-06
8,2D,3,Hook_1498,0.052401066,0.0036273,7915821.0,327692.0,15831642.0,0.048773766
8,2D,3,cond-mat-2005,0.000777483,0.000123739,80516.0,7616.0,161032.0,0.000653744
8,2D,3,dixmaanl,0.000440359,0.000216722,40000.0,13125.0,80000.0,0.00022363699999999997
8,2D,3,flowmeter0,0.000123262,5.8889e-05,9666.0,2115.0,19332.0,6.437300000000002e-05
8,2D,3,msdoor,0.015676737,0.001072407,2751760.0,90970.0,5503520.0,0.014604329999999999
8,2D,3,tmt_sym,0.006695032,0.001839876,726504.0,158969.0,1453008.0,0.004855156
8,2D,4,1138_bus,7.2241e-05,6.8188e-05,723.0,249.0,1446.0,4.052999999999997e-06
8,2D,4,Hook_1498,0.05228138,0.003467083,7915821.0,327692.0,15831642.0,0.048814297
8,2D,4,cond-mat-2005,0.000790834,0.000133753,80516.0,7616.0,161032.0,0.000657081
8,2D,4,dixmaanl,0.000441313,0.00022006,40000.0,13125.0,80000.0,0.00022125299999999998
8,2D,4,flowmeter0,0.000128984,6.5088e-05,9666.0,2115.0,19332.0,6.389600000000001e-05
8,2D,4,msdoor,0.015618801,0.001049995,2751760.0,90970.0,5503520.0,0.014568806
8,2D,4,tmt_sym,0.006796598,0.0018363,726504.0,158969.0,1453008.0,0.004960298
8,2D,5,1138_bus,7.1049e-05,6.6996e-05,723.0,249.0,1446.0,4.05300000000001e-06
8,2D,5,Hook_1498,0.052036285,0.003218889,7915821.0,327692.0,15831642.0,0.048817396
8,2D,5,cond-mat-2005,0.000781298,0.000134945,80516.0,7616.0,161032.0,0.000646353
8,2D,5,dixmaanl,0.000438213,0.000210762,40000.0,13125.0,80000.0,0.00022745100000000001
8,2D,5,flowmeter0,0.000138998,7.5817e-05,9666.0,2115.0,19332.0,6.318100000000002e-05
8,2D,5,msdoor,0.015544653,0.001030207,2751760.0,90970.0,5503520.0,0.014514446
8,2D,5,tmt_sym,0.006768465,0.001824141,726504.0,158969.0,1453008.0,0.004944324
8,2D,6,1138_bus,7.0095e-05,6.6042e-05,723.0,249.0,1446.0,4.052999999999997e-06
8,2D,6,Hook_1498,0.052242517,0.003504753,7915821.0,327692.0,15831642.0,0.048737764
8,2D,6,cond-mat-2005,0.000778437,0.00013113,80516.0,7616.0,161032.0,0.000647307
8,2D,6,dixmaanl,0.000445843,0.000220299,40000.0,13125.0,80000.0,0.00022554400000000002
8,2D,6,flowmeter0,0.000135183,7.1526e-05,9666.0,2115.0,19332.0,6.3657e-05
8,2D,6,msdoor,0.015728712,0.001055956,2751760.0,90970.0,5503520.0,0.014672755999999999
8,2D,6,tmt_sym,0.006630421,0.001727104,726504.0,158969.0,1453008.0,0.004903317
8,2D,7,1138_bus,6.7472e-05,6.3419e-05,723.0,249.0,1446.0,4.052999999999997e-06
8,2D,7,Hook_1498,0.052258015,0.00339222,7915821.0,327692.0,15831642.0,0.048865795
8,2D,7,cond-mat-2005,0.000790358,0.00013566,80516.0,7616.0,161032.0,0.000654698
8,2D,7,dixmaanl,0.000448704,0.000216484,40000.0,13125.0,80000.0,0.00023222000000000002
8,2D,7,flowmeter0,0.000146627,8.297e-05,9666.0,2115.0,19332.0,6.3657e-05
8,2D,7,msdoor,0.015670776,0.001079559,2751760.0,90970.0,5503520.0,0.014591217
8,2D,7,tmt_sym,0.006684542,0.001782656,726504.0,158969.0,1453008.0,0.004901885999999999
8,2D,8,1138_bus,9.6798e-05,9.2506e-05,723.0,249.0,1446.0,4.292000000000006e-06
8,2D,8,Hook_1498,0.052199125,0.003359079,7915821.0,327692.0,15831642.0,0.048840046
8,2D,8,cond-mat-2005,0.000794888,0.000138044,80516.0,7616.0,161032.0,0.000656844
8,2D,8,dixmaanl,0.000436068,0.000219107,40000.0,13125.0,80000.0,0.00021696100000000003
8,2D,8,flowmeter0,0.000138283,7.4863e-05,9666.0,2115.0,19332.0,6.342e-05
8,2D,8,msdoor,0.015628338,0.001052618,2751760.0,90970.0,5503520.0,0.014575719999999999
8,2D,8,tmt_sym,0.006715298,0.001826048,726504.0,158969.0,1453008.0,0.0048892499999999995
8,2D,9,1138_bus,0.000101328,9.7513e-05,723.0,249.0,1446.0,3.815000000000003e-06
8,2D,9,Hook_1498,0.052336931,0.003482342,7915821.0,327692.0,15831642.0,0.048854589000000004
8,2D,9,cond-mat-2005,0.000797272,0.00014329,80516.0,7616.0,161032.0,0.000653982
8,2D,9,dixmaanl,0.000459909,0.000216961,40000.0,13125.0,80000.0,0.000242948
8,2D,9,flowmeter0,0.000158548,9.4891e-05,9666.0,2115.0,19332.0,6.3657e-05
8,2D,9,msdoor,0.01554656,0.001031876,2751760.0,90970.0,5503520.0,0.014514684
8,2D,9,tmt_sym,0.010055065,0.001757383,726504.0,158969.0,1453008.0,0.008297682
8,2D_cyclic,0,1138_bus,7.391e-06,1.907e-06,450.0,142.0,900.0,5.484e-06
8,2D_cyclic,0,Hook_1498,0.046238661,0.001053572,4002797.0,187253.0,8005594.0,0.045185089
8,2D_cyclic,0,cond-mat-2005,0.000421762,1.2636e-05,20748.0,2331.0,41496.0,0.000409126
8,2D_cyclic,0,dixmaanl,0.000190258,2.8133e-05,30000.0,7500.0,60000.0,0.000162125
8,2D_cyclic,0,flowmeter0,8.5354e-05,5.96e-06,6018.0,1209.0,12036.0,7.939399999999999e-05
8,2D_cyclic,0,msdoor,0.010774612,0.000249863,1323668.0,51983.0,2647336.0,0.010524749
8,2D_cyclic,0,tmt_sym,0.003825188,0.00041604,363176.0,90839.0,726352.0,0.0034091480000000003
8,2D_cyclic,1,1138_bus,4.768e-06,1.192e-06,450.0,142.0,900.0,3.576e-06
8,2D_cyclic,1,Hook_1498,0.046050072,0.000976801,4002797.0,187253.0,8005594.0,0.045073271
8,2D_cyclic,1,cond-mat-2005,0.00042963,1.2159e-05,20748.0,2331.0,41496.0,0.00041747100000000004
8,2D_cyclic,1,dixmaanl,0.000189066,2.8133e-05,30000.0,7500.0,60000.0,0.00016093299999999999
8,2D_cyclic,1,flowmeter0,8.2493e-05,6.676e-06,6018.0,1209.0,12036.0,7.5817e-05
8,2D_cyclic,1,msdoor,0.010831356,0.000282288,1323668.0,51983.0,2647336.0,0.010549068
8,2D_cyclic,1,tmt_sym,0.003807545,0.000404835,363176.0,90839.0,726352.0,0.0034027099999999998
8,2D_cyclic,2,1138_bus,4.53e-06,9.54e-07,450.0,142.0,900.0,3.5759999999999997e-06
8,2D_cyclic,2,Hook_1498,0.046192408,0.001021624,4002797.0,187253.0,8005594.0,0.045170784
8,2D_cyclic,2,cond-mat-2005,0.0004251,1.359e-05,20748.0,2331.0,41496.0,0.00041150999999999997
8,2D_cyclic,2,dixmaanl,0.000187159,2.5988e-05,30000.0,7500.0,60000.0,0.000161171
8,2D_cyclic,2,flowmeter0,7.9155e-05,6.676e-06,6018.0,1209.0,12036.0,7.2479e-05
8,2D_cyclic,2,msdoor,0.010691404,0.000220537,1323668.0,51983.0,2647336.0,0.010470867
8,2D_cyclic,2,tmt_sym,0.003772974,0.000396252,363176.0,90839.0,726352.0,0.003376722
8,2D_cyclic,3,1138_bus,4.292e-06,1.192e-06,450.0,142.0,900.0,3.1e-06
8,2D_cyclic,3,Hook_1498,0.046145201,0.00101614,4002797.0,187253.0,8005594.0,0.045129061
8,2D_cyclic,3,cond-mat-2005,0.000427246,1.3113e-05,20748.0,2331.0,41496.0,0.000414133
8,2D_cyclic,3,dixmaanl,0.000187874,2.718e-05,30000.0,7500.0,60000.0,0.00016069400000000002
8,2D_cyclic,3,flowmeter0,7.9393e-05,7.629e-06,6018.0,1209.0,12036.0,7.1764e-05
8,2D_cyclic,3,msdoor,0.010783911,0.000286579,1323668.0,51983.0,2647336.0,0.010497332
8,2D_cyclic,3,tmt_sym,0.003829002,0.00039053,363176.0,90839.0,726352.0,0.003438472
8,2D_cyclic,4,1138_bus,4.292e-06,1.192e-06,450.0,142.0,900.0,3.1e-06
8,2D_cyclic,4,Hook_1498,0.046195984,0.001048803,4002797.0,187253.0,8005594.0,0.045147181
8,2D_cyclic,4,cond-mat-2005,0.000417948,1.2159e-05,20748.0,2331.0,41496.0,0.00040578900000000004
8,2D_cyclic,4,dixmaanl,0.000197887,2.7657e-05,30000.0,7500.0,60000.0,0.00017023
8,2D_cyclic,4,flowmeter0,7.844e-05,7.391e-06,6018.0,1209.0,12036.0,7.1049e-05
8,2D_cyclic,4,msdoor,0.010744572,0.00028491,1323668.0,51983.0,2647336.0,0.010459662000000002
8,2D_cyclic,4,tmt_sym,0.003744364,0.000373363,363176.0,90839.0,726352.0,0.003371001
8,2D_cyclic,5,1138_bus,4.292e-06,1.192e-06,450.0,142.0,900.0,3.1e-06
8,2D_cyclic,5,Hook_1498,0.0461483,0.001008272,4002797.0,187253.0,8005594.0,0.045140028000000006
8,2D_cyclic,5,cond-mat-2005,0.000424862,1.2875e-05,20748.0,2331.0,41496.0,0.00041198700000000005
8,2D_cyclic,5,dixmaanl,0.000193357,2.8849e-05,30000.0,7500.0,60000.0,0.000164508
8,2D_cyclic,5,flowmeter0,7.6771e-05,7.153e-06,6018.0,1209.0,12036.0,6.9618e-05
8,2D_cyclic,5,msdoor,0.010876417,0.000276804,1323668.0,51983.0,2647336.0,0.010599612999999999
8,2D_cyclic,5,tmt_sym,0.003791571,0.000407696,363176.0,90839.0,726352.0,0.003383875
8,2D_cyclic,6,1138_bus,4.292e-06,1.192e-06,450.0,142.0,900.0,3.1e-06
8,2D_cyclic,6,Hook_1498,0.046230078,0.001067877,4002797.0,187253.0,8005594.0,0.045162201
8,2D_cyclic,6,cond-mat-2005,0.000420809,1.2636e-05,20748.0,2331.0,41496.0,0.000408173
8,2D_cyclic,6,dixmaanl,0.000192642,2.7895e-05,30000.0,7500.0,60000.0,0.000164747
8,2D_cyclic,6,flowmeter0,7.6294e-05,7.153e-06,6018.0,1209.0,12036.0,6.9141e-05
8,2D_cyclic,6,msdoor,0.010840178,0.000242472,1323668.0,51983.0,2647336.0,0.010597706
8,2D_cyclic,6,tmt_sym,0.003744125,0.000375271,363176.0,90839.0,726352.0,0.003368854
8,2D_cyclic,7,1138_bus,4.053e-06,1.192e-06,450.0,142.0,900.0,2.8610000000000002e-06
8,2D_cyclic,7,Hook_1498,0.046108961,0.000974655,4002797.0,187253.0,8005594.0,0.045134306
8,2D_cyclic,7,cond-mat-2005,0.000427961,1.359e-05,20748.0,2331.0,41496.0,0.00041437099999999997
8,2D_cyclic,7,dixmaanl,0.000191689,2.6941e-05,30000.0,7500.0,60000.0,0.000164748
8,2D_cyclic,7,flowmeter0,7.5102e-05,7.391e-06,6018.0,1209.0,12036.0,6.7711e-05
8,2D_cyclic,7,msdoor,0.010777235,0.000264645,1323668.0,51983.0,2647336.0,0.010512589999999999
8,2D_cyclic,7,tmt_sym,0.003761292,0.000371933,363176.0,90839.0,726352.0,0.0033893589999999998
8,2D_cyclic,8,1138_bus,4.053e-06,1.192e-06,450.0,142.0,900.0,2.8610000000000002e-06
8,2D_cyclic,8,Hook_1498,0.046230793,0.001030207,4002797.0,187253.0,8005594.0,0.045200586
8,2D_cyclic,8,cond-mat-2005,0.000422001,1.4067e-05,20748.0,2331.0,41496.0,0.000407934
8,2D_cyclic,8,dixmaanl,0.000192881,2.8133e-05,30000.0,7500.0,60000.0,0.000164748
8,2D_cyclic,8,flowmeter0,7.4863e-05,6.914e-06,6018.0,1209.0,12036.0,6.794900000000001e-05
8,2D_cyclic,8,msdoor,0.010777712,0.000301123,1323668.0,51983.0,2647336.0,0.010476589
8,2D_cyclic,8,tmt_sym,0.003903627,0.000422239,363176.0,90839.0,726352.0,0.0034813879999999998
8,2D_cyclic,9,1138_bus,4.053e-06,9.54e-07,450.0,142.0,900.0,3.099e-06
8,2D_cyclic,9,Hook_1498,0.046127558,0.001015425,4002797.0,187253.0,8005594.0,0.045112133
8,2D_cyclic,9,cond-mat-2005,0.000426769,1.2398e-05,20748.0,2331.0,41496.0,0.000414371
8,2D_cyclic,9,dixmaanl,0.000199318,2.8849e-05,30000.0,7500.0,60000.0,0.000170469
8,2D_cyclic,9,flowmeter0,7.4148e-05,6.676e-06,6018.0,1209.0,12036.0,6.7472e-05
8,2D_cyclic,9,msdoor,0.010729551,0.00022459,1323668.0,51983.0,2647336.0,0.010504961
8,2D_cyclic,9,tmt_sym,0.003816843,0.000417948,363176.0,90839.0,726352.0,0.003398895
16,1D,0,1138_bus,8.4877e-05,8.3208e-05,163.0,80.0,326.0,1.6690000000000005e-06
16,1D,0,Hook_1498,0.045361042,0.03458786,1948584.0,976716.0,3897168.0,0.010773182
16,1D,0,cond-mat-2005,0.000350952,0.000278711,11007.0,6865.0,22014.0,7.224100000000002e-05
16,1D,0,dixmaanl,0.000247717,0.00020647,11249.0,3749.0,22498.0,4.124700000000001e-05
16,1D,0,flowmeter0,0.000119925,0.00010848,2407.0,1680.0,4814.0,1.1444999999999996e-05
16,1D,0,msdoor,0.013724804,0.009758711,640437.0,282439.0,1280874.0,0.003966093
16,1D,0,tmt_sym,0.005709648,0.004446983,181270.0,126558.0,362540.0,0.0012626650000000005
16,1D,1,1138_bus,8.5592e-05,8.4639e-05,163.0,80.0,326.0,9.530000000000026e-07
16,1D,1,Hook_1498,0.041529655,0.030759335,1948584.0,976716.0,3897168.0,0.01077032
16,1D,1,cond-mat-2005,0.000287771,0.000216484,11007.0,6865.0,22014.0,7.128699999999998e-05
16,1D,1,dixmaanl,0.000462055,0.000421286,11249.0,3749.0,22498.0,4.0769000000000016e-05
16,1D,1,flowmeter0,0.000113487,0.000103235,2407.0,1680.0,4814.0,1.025200000000001e-05
16,1D,1,msdoor,0.012608528,0.008710861,640437.0,282439.0,1280874.0,0.0038976670000000005
16,1D,1,tmt_sym,0.005320787,0.004080296,181270.0,126558.0,362540.0,0.0012404910000000007
16,1D,2,1138_bus,8.5592e-05,8.4877e-05,163.0,80.0,326.0,7.150000000000092e-07
16,1D,2,Hook_1498,0.041697025,0.030891418,1948584.0,976716.0,3897168.0,0.010805606999999998
16,1D,2,cond-mat-2005,0.000335455,0.000264883,11007.0,6865.0,22014.0,7.057200000000003e-05
16,1D,2,dixmaanl,0.000463724,0.000423193,11249.0,3749.0,22498.0,4.053100000000001e-05
16,1D,2,flowmeter0,0.000117779,0.000107765,2407.0,1680.0,4814.0,1.0014000000000003e-05
16,1D,2,msdoor,0.012645245,0.008730888,640437.0,282439.0,1280874.0,0.003914357
16,1D,2,tmt_sym,0.005183935,0.003961325,181270.0,126558.0,362540.0,0.0012226099999999998
16,1D,3,1138_bus,8.9407e-05,8.8453e-05,163.0,80.0,326.0,9.540000000000048e-07
16,1D,3,Hook_1498,0.042171478,0.031394243,1948584.0,976716.0,3897168.0,0.010777234999999996
16,1D,3,cond-mat-2005,0.00033927,0.000268459,11007.0,6865.0,22014.0,7.0811e-05
16,1D,3,dixmaanl,0.000245094,0.000204563,11249.0,3749.0,22498.0,4.053100000000001e-05
16,1D,3,flowmeter0,0.000120401,0.000110388,2407.0,1680.0,4814.0,1.0013e-05
16,1D,3,msdoor,0.012397051,0.008744478,640437.0,282439.0,1280874.0,0.0036525729999999992
16,1D,3,tmt_sym,0.005207062,0.003988981,181270.0,126558.0,362540.0,0.0012180810000000002
16,1D,4,1138_bus,8.8215e-05,8.75e-05,163.0,80.0,326.0,7.149999999999957e-07
16,1D,4,Hook_1498,0.042113304,0.031314135,1948584.0,976716.0,3897168.0,0.010799168999999997
16,1D,4,cond-mat-2005,0.000329494,0.000258446,11007.0,6865.0,22014.0,7.104799999999999e-05
16,1D,4,dixmaanl,0.000232458,0.000191927,11249.0,3749.0,22498.0,4.053100000000001e-05
16,1D,4,flowmeter0,0.000110865,0.000101328,2407.0,1680.0,4814.0,9.537e-06
16,1D,4,msdoor,0.012353897,0.008775949,640437.0,282439.0,1280874.0,0.003577948000000001
16,1D,4,tmt_sym,0.005248547,0.00399828,181270.0,126558.0,362540.0,0.0012502670000000002
16,1D,5,1138_bus,9.0837e-05,9.0122e-05,163.0,80.0,326.0,7.149999999999957e-07
16,1D,5,Hook_1498,0.041808128,0.031001568,1948584.0,976716.0,3897168.0,0.01080656
16,1D,5,cond-mat-2005,0.000339508,0.000269175,11007.0,6865.0,22014.0,7.033299999999995e-05
16,1D,5,dixmaanl,0.000237942,0.000197172,11249.0,3749.0,22498.0,4.0770000000000004e-05
16,1D,5,flowmeter0,0.000105143,9.5367e-05,2407.0,1680.0,4814.0,9.77600000000001e-06
16,1D,5,msdoor,0.012233496,0.008579493,640437.0,282439.0,1280874.0,0.0036540029999999994
16,1D,5,tmt_sym,0.005282879,0.004080534,181270.0,126558.0,362540.0,0.0012023449999999996
16,1D,6,1138_bus,8.6069e-05,8.5354e-05,163.0,80.0,326.0,7.150000000000092e-07
16,1D,6,Hook_1498,0.041871071,0.031109571,1948584.0,976716.0,3897168.0,0.010761500000000004
16,1D,6,cond-mat-2005,0.000323057,0.000252485,11007.0,6865.0,22014.0,7.057200000000003e-05
16,1D,6,dixmaanl,0.000464678,0.000424147,11249.0,3749.0,22498.0,4.053100000000001e-05
16,1D,6,flowmeter0,0.000109673,0.000100136,2407.0,1680.0,4814.0,9.537e-06
16,1D,6,msdoor,0.012497425,0.008548975,640437.0,282439.0,1280874.0,0.003948449999999999
16,1D,6,tmt_sym,0.005270243,0.004087687,181270.0,126558.0,362540.0,0.0011825560000000004
16,1D,7,1138_bus,8.2731e-05,8.2016e-05,163.0,80.0,326.0,7.150000000000092e-07
16,1D,7,Hook_1498,0.041720152,0.030878067,1948584.0,976716.0,3897168.0,0.010842085000000005
16,1D,7,cond-mat-2005,0.000341415,0.000270844,11007.0,6865.0,22014.0,7.057100000000001e-05
16,1D,7,dixmaanl,0.000230551,0.00019002,11249.0,3749.0,22498.0,4.053100000000001e-05
16,1D,7,flowmeter0,0.00013113,0.000121355,2407.0,1680.0,4814.0,9.774999999999994e-06
16,1D,7,msdoor,0.012632847,0.008744478,640437.0,282439.0,1280874.0,0.003888369000000001
16,1D,7,tmt_sym,0.005208015,0.004006863,181270.0,126558.0,362540.0,0.0012011519999999996
16,1D,8,1138_bus,8.5115e-05,8.44e-05,163.0,80.0,326.0,7.149999999999957e-07
16,1D,8,Hook_1498,0.041674137,0.030781269,1948584.0,976716.0,3897168.0,0.010892868
16,1D,8,cond-mat-2005,0.000354767,0.000284433,11007.0,6865.0,22014.0,7.033399999999997e-05
16,1D,8,dixmaanl,0.000236988,0.000196218,11249.0,3749.0,22498.0,4.076999999999998e-05
16,1D,8,flowmeter0,0.000116825,0.000107288,2407.0,1680.0,4814.0,9.537e-06
16,1D,8,msdoor,0.012542725,0.008729458,640437.0,282439.0,1280874.0,0.0038132669999999987
16,1D,8,tmt_sym,0.005204201,0.004009485,181270.0,126558.0,362540.0,0.0011947160000000002
16,1D,9,1138_bus,9.2745e-05,9.203e-05,163.0,80.0,326.0,7.149999999999957e-07
16,1D,9,Hook_1498,0.042034626,0.031232834,1948584.0,976716.0,3897168.0,0.010801791999999998
16,1D,9,cond-mat-2005,0.000339985,0.00026989,11007.0,6865.0,22014.0,7.0095e-05
16,1D,9,dixmaanl,0.000245571,0.000204802,11249.0,3749.0,22498.0,4.076899999999999e-05
16,1D,9,flowmeter0,0.000104666,9.5129e-05,2407.0,1680.0,4814.0,9.537e-06
16,1D,9,msdoor,0.012605429,0.00868988,640437.0,282439.0,1280874.0,0.003915548999999999
16,1D,9,tmt_sym,0.005195856,0.004009247,181270.0,126558.0,362540.0,0.0011866090000000008
16,2D,0,1138_bus,6.8426e-05,6.3896e-05,630.0,267.0,1260.0,4.529999999999999e-06
16,2D,0,Hook_1498,0.043023825,0.003729105,7721104.0,351099.0,15442208.0,0.039294720000000005
16,2D,0,cond-mat-2005,0.000746489,0.000430584,47344.0,7399.0,94688.0,0.000315905
16,2D,0,dixmaanl,0.000419855,0.000275612,29999.0,14062.0,59998.0,0.000144243
16,2D,0,flowmeter0,0.000139236,8.9407e-05,9547.0,2266.0,19094.0,4.9828999999999987e-05
16,2D,0,msdoor,0.013159037,0.001064301,2469148.0,97468.0,4938296.0,0.012094736
16,2D,0,tmt_sym,0.00551939,0.001384258,724743.0,170324.0,1449486.0,0.004135132
16,2D,1,1138_bus,8.6069e-05,8.2254e-05,630.0,267.0,1260.0,3.815000000000003e-06
16,2D,1,Hook_1498,0.042588711,0.00332284,7721104.0,351099.0,15442208.0,0.039265871
16,2D,1,cond-mat-2005,0.00048399,0.000175953,47344.0,7399.0,94688.0,0.00030803700000000005
16,2D,1,dixmaanl,0.000428438,0.000284672,29999.0,14062.0,59998.0,0.00014376600000000003
16,2D,1,flowmeter0,0.000132322,8.4162e-05,9547.0,2266.0,19094.0,4.816000000000001e-05
16,2D,1,msdoor,0.012867689,0.001015663,2469148.0,97468.0,4938296.0,0.011852026
16,2D,1,tmt_sym,0.005490303,0.00139308,724743.0,170324.0,1449486.0,0.0040972230000000005
16,2D,2,1138_bus,8.5831e-05,8.2493e-05,630.0,267.0,1260.0,3.338000000000001e-06
16,2D,2,Hook_1498,0.042473555,0.003186941,7721104.0,351099.0,15442208.0,0.039286614000000004
16,2D,2,cond-mat-2005,0.000463486,0.000148773,47344.0,7399.0,94688.0,0.000314713
16,2D,2,dixmaanl,0.000406742,0.000262976,29999.0,14062.0,59998.0,0.00014376599999999998
16,2D,2,flowmeter0,0.000124693,7.7248e-05,9547.0,2266.0,19094.0,4.744499999999999e-05
16,2D,2,msdoor,0.013219595,0.001054049,2469148.0,97468.0,4938296.0,0.012165546000000001
16,2D,2,tmt_sym,0.005479336,0.00139308,724743.0,170324.0,1449486.0,0.004086256
16,2D,3,1138_bus,9.9421e-05,9.6083e-05,630.0,267.0,1260.0,3.338000000000001e-06
16,2D,3,Hook_1498,0.042614698,0.003273487,7721104.0,351099.0,15442208.0,0.039341211
16,2D,3,cond-mat-2005,0.000757217,0.000441551,47344.0,7399.0,94688.0,0.00031566600000000004
16,2D,3,dixmaanl,0.000428677,0.000285149,29999.0,14062.0,59998.0,0.00014352799999999997
16,2D,3,flowmeter0,0.000133991,8.7023e-05,9547.0,2266.0,19094.0,4.6968e-05
16,2D,3,msdoor,0.013213873,0.001057863,2469148.0,97468.0,4938296.0,0.012156009999999998
16,2D,3,tmt_sym,0.005581379,0.001445293,724743.0,170324.0,1449486.0,0.004136086
16,2D,4,1138_bus,0.000101089,9.799e-05,630.0,267.0,1260.0,3.098999999999992e-06
16,2D,4,Hook_1498,0.042667627,0.003470421,7721104.0,351099.0,15442208.0,0.039197206
16,2D,4,cond-mat-2005,0.000472307,0.000164986,47344.0,7399.0,94688.0,0.000307321
16,2D,4,dixmaanl,0.000460148,0.00031662,29999.0,14062.0,59998.0,0.00014352800000000003
16,2D,4,flowmeter0,0.000130415,8.3685e-05,9547.0,2266.0,19094.0,4.6729999999999995e-05
16,2D,4,msdoor,0.013243675,0.001121759,2469148.0,97468.0,4938296.0,0.012121916
16,2D,4,tmt_sym,0.005594015,0.001446009,724743.0,170324.0,1449486.0,0.004148006
16,2D,5,1138_bus,0.000105143,0.000102043,630.0,267.0,1260.0,3.1000000000000076e-06
16,2D,5,Hook_1498,0.042881966,0.003495455,7721104.0,351099.0,15442208.0,0.039386511
16,2D,5,cond-mat-2005,0.000468016,0.000151396,47344.0,7399.0,94688.0,0.00031662
16,2D,5,dixmaanl,0.000427961,0.000283957,29999.0,14062.0,59998.0,0.00014400399999999999
16,2D,5,flowmeter0,0.000124931,7.8201e-05,9547.0,2266.0,19094.0,4.6729999999999995e-05
16,2D,5,msdoor,0.0133605,0.001269341,2469148.0,97468.0,4938296.0,0.012091159
16,2D,5,tmt_sym,0.005604744,0.001470089,724743.0,170324.0,1449486.0,0.004134655
16,2D,6,1138_bus,8.5115e-05,8.1778e-05,630.0,267.0,1260.0,3.3369999999999987e-06
16,2D,6,Hook_1498,0.042462349,0.00321579,7721104.0,351099.0,15442208.0,0.039246559
16,2D,6,cond-mat-2005,0.000757456,0.000441551,47344.0,7399.0,94688.0,0.000315905
16,2D,6,dixmaanl,0.000438929,0.000286579,29999.0,14062.0,59998.0,0.00015235
16,2D,6,flowmeter0,0.000120163,7.3671e-05,9547.0,2266.0,19094.0,4.649199999999999e-05
16,2D,6,msdoor,0.013332605,0.001265526,2469148.0,97468.0,4938296.0,0.012067079000000001
16,2D,6,tmt_sym,0.005567789,0.001441002,724743.0,170324.0,1449486.0,0.004126787
16,2D,7,1138_bus,8.9884e-05,8.6784e-05,630.0,267.0,1260.0,3.099999999999994e-06
16,2D,7,Hook_1498,0.042713165,0.00331831,7721104.0,351099.0,15442208.0,0.039394855
16,2D,7,cond-mat-2005,0.000467539,0.00015974,47344.0,7399.0,94688.0,0.000307799
16,2D,7,dixmaanl,0.000419378,0.00027585,29999.0,14062.0,59998.0,0.00014352799999999997
16,2D,7,flowmeter0,0.00013566,8.893e-05,9547.0,2266.0,19094.0,4.673000000000001e-05
16,2D,7,msdoor,0.013352156,0.001260281,2469148.0,97468.0,4938296.0,0.012091875
16,2D,7,tmt_sym,0.005536556,0.001420975,724743.0,170324.0,1449486.0,0.004115581
16,2D,8,1138_bus,8.4639e-05,8.1539e-05,630.0,267.0,1260.0,3.099999999999994e-06
16,2D,8,Hook_1498,0.04256773,0.003385305,7721104.0,351099.0,15442208.0,0.039182425
16,2D,8,cond-mat-2005,0.000757217,0.000449657,47344.0,7399.0,94688.0,0.00030756
16,2D,8,dixmaanl,0.000415087,0.000270844,29999.0,14062.0,59998.0,0.000144243
16,2D,8,flowmeter0,0.000117302,7.1287e-05,9547.0,2266.0,19094.0,4.6015e-05
16,2D,8,msdoor,0.013337851,0.00126338,2469148.0,97468.0,4938296.0,0.012074471
16,2D,8,tmt_sym,0.005553961,0.001437187,724743.0,170324.0,1449486.0,0.004116774
16,2D,9,1138_bus,9.5844e-05,9.2745e-05,630.0,267.0,1260.0,3.0990000000000054e-06
16,2D,9,Hook_1498,0.043163061,0.003633738,7721104.0,351099.0,15442208.0,0.039529323000000005
16,2D,9,cond-mat-2005,0.000481606,0.000174284,47344.0,7399.0,94688.0,0.00030732199999999996
16,2D,9,dixmaanl,0.000427723,0.000283957,29999.0,14062.0,59998.0,0.00014376600000000003
16,2D,9,flowmeter0,0.000144243,9.799e-05,9547.0,2266.0,19094.0,4.6253000000000006e-05
16,2D,9,msdoor,0.013171673,0.000986814,2469148.0,97468.0,4938296.0,0.012184859
16,2D,9,tmt_sym,0.005528212,0.001414061,724743.0,170324.0,1449486.0,0.004114151
16,2D_cyclic,0,1138_bus,7.153e-06,3.576e-06,356.0,213.0,712.0,3.577e-06
16,2D_cyclic,0,Hook_1498,0.022634268,0.00234127,2109839.0,280879.0,4219678.0,0.020292998
16,2D_cyclic,0,cond-mat-2005,0.000181198,1.3113e-05,9564.0,2316.0,19128.0,0.000168085
16,2D_cyclic,0,dixmaanl,0.000172138,2.6226e-05,30000.0,11250.0,60000.0,0.00014591200000000002
16,2D_cyclic,0,flowmeter0,5.722e-05,8.106e-06,4186.0,1813.0,8372.0,4.9114e-05
16,2D_cyclic,0,msdoor,0.006555319,0.000637531,687717.0,77974.0,1375434.0,0.005917788
16,2D_cyclic,0,tmt_sym,0.003006697,0.000771761,272215.0,136259.0,544430.0,0.002234936
16,2D_cyclic,1,1138_bus,6.676e-06,4.053e-06,356.0,213.0,712.0,2.623e-06
16,2D_cyclic,1,Hook_1498,0.021613359,0.001368284,2109839.0,280879.0,4219678.0,0.020245074999999998
16,2D_cyclic,1,cond-mat-2005,0.00017786,1.2159e-05,9564.0,2316.0,19128.0,0.000165701
16,2D_cyclic,1,dixmaanl,0.000163555,2.5988e-05,30000.0,11250.0,60000.0,0.00013756699999999998
16,2D_cyclic,1,flowmeter0,6.3181e-05,8.345e-06,4186.0,1813.0,8372.0,5.4836e-05
16,2D_cyclic,1,msdoor,0.00641799,0.000401258,687717.0,77974.0,1375434.0,0.006016732
16,2D_cyclic,1,tmt_sym,0.002668619,0.000454426,272215.0,136259.0,544430.0,0.002214193
16,2D_cyclic,2,1138_bus,6.199e-06,3.815e-06,356.0,213.0,712.0,2.3840000000000004e-06
16,2D_cyclic,2,Hook_1498,0.021748304,0.001433372,2109839.0,280879.0,4219678.0,0.020314932
16,2D_cyclic,2,cond-mat-2005,0.00017643,1.1683e-05,9564.0,2316.0,19128.0,0.000164747
16,2D_cyclic,2,dixmaanl,0.000162601,2.5034e-05,30000.0,11250.0,60000.0,0.000137567
16,2D_cyclic,2,flowmeter0,5.2691e-05,8.345e-06,4186.0,1813.0,8372.0,4.4346e-05
16,2D_cyclic,2,msdoor,0.006311178,0.000329733,687717.0,77974.0,1375434.0,0.005981445
16,2D_cyclic,2,tmt_sym,0.00265789,0.0004282,272215.0,136259.0,544430.0,0.00222969
16,2D_cyclic,3,1138_bus,6.199e-06,4.053e-06,356.0,213.0,712.0,2.1460000000000003e-06
16,2D_cyclic,3,Hook_1498,0.021649599,0.001387358,2109839.0,280879.0,4219678.0,0.020262241
16,2D_cyclic,3,cond-mat-2005,0.000183582,1.2398e-05,9564.0,2316.0,19128.0,0.000171184
16,2D_cyclic,3,dixmaanl,0.000160694,2.3842e-05,30000.0,11250.0,60000.0,0.000136852
16,2D_cyclic,3,flowmeter0,5.1022e-05,8.345e-06,4186.0,1813.0,8372.0,4.2677e-05
16,2D_cyclic,3,msdoor,0.00627017,0.000314713,687717.0,77974.0,1375434.0,0.005955457
16,2D_cyclic,3,tmt_sym,0.002858162,0.000573397,272215.0,136259.0,544430.0,0.0022847650000000002
16,2D_cyclic,4,1138_bus,1.9073e-05,1.6928e-05,356.0,213.0,712.0,2.1449999999999973e-06
16,2D_cyclic,4,Hook_1498,0.021671057,0.001416922,2109839.0,280879.0,4219678.0,0.020254135
16,2D_cyclic,4,cond-mat-2005,0.000175238,1.1921e-05,9564.0,2316.0,19128.0,0.000163317
16,2D_cyclic,4,dixmaanl,0.000161648,2.408e-05,30000.0,11250.0,60000.0,0.000137568
16,2D_cyclic,4,flowmeter0,5.0068e-05,7.391e-06,4186.0,1813.0,8372.0,4.2677000000000005e-05
16,2D_cyclic,4,msdoor,0.00624609,0.000304222,687717.0,77974.0,1375434.0,0.005941868
16,2D_cyclic,4,tmt_sym,0.002704382,0.000460148,272215.0,136259.0,544430.0,0.002244234
16,2D_cyclic,5,1138_bus,5.722e-06,3.815e-06,356.0,213.0,712.0,1.9069999999999997e-06
16,2D_cyclic,5,Hook_1498,0.021618843,0.001409292,2109839.0,280879.0,4219678.0,0.020209551
16,2D_cyclic,5,cond-mat-2005,0.000177622,1.4305e-05,9564.0,2316.0,19128.0,0.000163317
16,2D_cyclic,5,dixmaanl,0.000169039,2.5034e-05,30000.0,11250.0,60000.0,0.000144005
16,2D_cyclic,5,flowmeter0,4.9353e-05,8.345e-06,4186.0,1813.0,8372.0,4.1008e-05
16,2D_cyclic,5,msdoor,0.006255627,0.000316858,687717.0,77974.0,1375434.0,0.005938769
16,2D_cyclic,5,tmt_sym,0.002765656,0.000522852,272215.0,136259.0,544430.0,0.002242804
16,2D_cyclic,6,1138_bus,5.722e-06,3.576e-06,356.0,213.0,712.0,2.1459999999999994e-06
16,2D_cyclic,6,Hook_1498,0.021654844,0.001387835,2109839.0,280879.0,4219678.0,0.020267009
16,2D_cyclic,6,cond-mat-2005,0.000174999,1.2159e-05,9564.0,2316.0,19128.0,0.00016284
16,2D_cyclic,6,dixmaanl,0.00016284,2.5272e-05,30000.0,11250.0,60000.0,0.000137568
16,2D_cyclic,6,flowmeter0,4.8637e-05,7.868e-06,4186.0,1813.0,8372.0,4.0769e-05
16,2D_cyclic,6,msdoor,0.006230831,0.000305891,687717.0,77974.0,1375434.0,0.00592494
16,2D_cyclic,6,tmt_sym,0.002686024,0.000456095,272215.0,136259.0,544430.0,0.002229929
16,2D_cyclic,7,1138_bus,6.199e-06,4.053e-06,356.0,213.0,712.0,2.1460000000000003e-06
16,2D_cyclic,7,Hook_1498,0.021742821,0.001465559,2109839.0,280879.0,4219678.0,0.020277261999999997
16,2D_cyclic,7,cond-mat-2005,0.00017643,1.3351e-05,9564.0,2316.0,19128.0,0.000163079
16,2D_cyclic,7,dixmaanl,0.000160933,2.3842e-05,30000.0,11250.0,60000.0,0.00013709100000000002
16,2D_cyclic,7,flowmeter0,4.7684e-05,7.629e-06,4186.0,1813.0,8372.0,4.0055e-05
16,2D_cyclic,7,msdoor,0.006274223,0.000357866,687717.0,77974.0,1375434.0,0.005916357
16,2D_cyclic,7,tmt_sym,0.00276041,0.000525475,272215.0,136259.0,544430.0,0.002234935
16,2D_cyclic,8,1138_bus,5.484e-06,3.338e-06,356.0,213.0,712.0,2.1460000000000003e-06
16,2D_cyclic,8,Hook_1498,0.021624088,0.001357794,2109839.0,280879.0,4219678.0,0.020266294
16,2D_cyclic,8,cond-mat-2005,0.000175238,1.1921e-05,9564.0,2316.0,19128.0,0.000163317
16,2D_cyclic,8,dixmaanl,0.000161886,2.4557e-05,30000.0,11250.0,60000.0,0.000137329
16,2D_cyclic,8,flowmeter0,4.6968e-05,7.629e-06,4186.0,1813.0,8372.0,3.9339000000000004e-05
16,2D_cyclic,8,msdoor,0.006224871,0.000313997,687717.0,77974.0,1375434.0,0.005910874
16,2D_cyclic,8,tmt_sym,0.002747297,0.00050211,272215.0,136259.0,544430.0,0.002245187
16,2D_cyclic,9,1138_bus,7.391e-06,5.245e-06,356.0,213.0,712.0,2.1460000000000003e-06
16,2D_cyclic,9,Hook_1498,0.021516085,0.001297712,2109839.0,280879.0,4219678.0,0.020218373
16,2D_cyclic,9,cond-mat-2005,0.000173569,1.1206e-05,9564.0,2316.0,19128.0,0.000162363
16,2D_cyclic,9,dixmaanl,0.000161886,2.4796e-05,30000.0,11250.0,60000.0,0.00013709
16,2D_cyclic,9,flowmeter0,4.6968e-05,7.629e-06,4186.0,1813.0,8372.0,3.9339000000000004e-05
16,2D_cyclic,9,msdoor,0.006294966,0.000372648,687717.0,77974.0,1375434.0,0.005922318
16,2D_cyclic,9,tmt_sym,0.002693892,0.000457764,272215.0,136259.0,544430.0,0.002236128
32,1D,0,1138_bus,0.00015521,0.000154018,86.0,46.0,172.0,1.1920000000000116e-06
32,1D,0,Hook_1498,0.047168732,0.041936398,972745.0,677726.0,1945490.0,0.005232333999999998
32,1D,0,cond-mat-2005,0.000315428,0.000280857,5498.0,4199.0,10996.0,3.457099999999995e-05
32,1D,0,dixmaanl,0.000202894,0.000181913,5624.0,1874.0,11248.0,2.098100000000002e-05
32,1D,0,flowmeter0,0.000243187,0.000237465,1202.0,894.0,2404.0,5.721999999999997e-06
32,1D,0,msdoor,0.01457119,0.012415409,320135.0,204959.0,640270.0,0.002155780999999999
32,1D,0,tmt_sym,0.005573034,0.004858732,90585.0,65697.0,181170.0,0.000714302
32,1D,1,1138_bus,0.000171661,0.000170708,86.0,46.0,172.0,9.530000000000161e-07
32,1D,1,Hook_1498,0.0458076,0.040513277,972745.0,677726.0,1945490.0,0.005294322999999997
32,1D,1,cond-mat-2005,0.000319719,0.000286818,5498.0,4199.0,10996.0,3.2901e-05
32,1D,1,dixmaanl,0.000186205,0.000165701,5624.0,1874.0,11248.0,2.0503999999999992e-05
32,1D,1,flowmeter0,0.000254154,0.000249386,1202.0,894.0,2404.0,4.767999999999992e-06
32,1D,1,msdoor,0.01403594,0.011858225,320135.0,204959.0,640270.0,0.002177715
32,1D,1,tmt_sym,0.00541544,0.004706144,90585.0,65697.0,181170.0,0.0007092959999999999
32,1D,2,1138_bus,0.000146627,0.000145912,86.0,46.0,172.0,7.150000000000092e-07
32,1D,2,Hook_1498,0.046149015,0.040890217,972745.0,677726.0,1945490.0,0.005258798000000002
32,1D,2,cond-mat-2005,0.00028944,0.000257015,5498.0,4199.0,10996.0,3.242500000000004e-05
32,1D,2,dixmaanl,0.000245333,0.000224829,5624.0,1874.0,11248.0,2.0503999999999965e-05
32,1D,2,flowmeter0,0.000214577,0.000210047,1202.0,894.0,2404.0,4.5300000000000125e-06
32,1D,2,msdoor,0.013891459,0.012056112,320135.0,204959.0,640270.0,0.0018353469999999993
32,1D,2,tmt_sym,0.005626202,0.004914522,90585.0,65697.0,181170.0,0.0007116800000000001
32,1D,3,1138_bus,0.000288963,0.000288486,86.0,46.0,172.0,4.769999999999753e-07
32,1D,3,Hook_1498,0.046545267,0.041221142,972745.0,677726.0,1945490.0,0.005324124999999999
32,1D,3,cond-mat-2005,0.000346184,0.000313997,5498.0,4199.0,10996.0,3.218699999999998e-05
32,1D,3,dixmaanl,0.000146866,0.0001266,5624.0,1874.0,11248.0,2.0266000000000012e-05
32,1D,3,flowmeter0,0.000231028,0.000226259,1202.0,894.0,2404.0,4.769000000000008e-06
32,1D,3,msdoor,0.013683796,0.011837721,320135.0,204959.0,640270.0,0.001846074999999999
32,1D,3,tmt_sym,0.005652666,0.00494957,90585.0,65697.0,181170.0,0.0007030959999999994
32,1D,4,1138_bus,0.000178814,0.000178337,86.0,46.0,172.0,4.770000000000024e-07
32,1D,4,Hook_1498,0.046010733,0.040725708,972745.0,677726.0,1945490.0,0.005285024999999999
32,1D,4,cond-mat-2005,0.000323534,0.000291824,5498.0,4199.0,10996.0,3.1710000000000006e-05
32,1D,4,dixmaanl,0.000168562,0.000148296,5624.0,1874.0,11248.0,2.0266000000000012e-05
32,1D,4,flowmeter0,0.000258446,0.000253439,1202.0,894.0,2404.0,5.007000000000015e-06
32,1D,4,msdoor,0.013812065,0.011896372,320135.0,204959.0,640270.0,0.0019156929999999996
32,1D,4,tmt_sym,0.005536795,0.00485158,90585.0,65697.0,181170.0,0.0006852149999999994
32,1D,5,1138_bus,0.000150442,0.000149727,86.0,46.0,172.0,7.150000000000092e-07
32,1D,5,Hook_1498,0.046347618,0.041079044,972745.0,677726.0,1945490.0,0.005268573999999998
32,1D,5,cond-mat-2005,0.000303507,0.000272036,5498.0,4199.0,10996.0,3.1470999999999984e-05
32,1D,5,dixmaanl,0.000159025,0.000138283,5624.0,1874.0,11248.0,2.0742e-05
32,1D,5,flowmeter0,0.000242472,0.000237465,1202.0,894.0,2404.0,5.007000000000015e-06
32,1D,5,msdoor,0.014169693,0.012037992,320135.0,204959.0,640270.0,0.0021317009999999997
32,1D,5,tmt_sym,0.005551338,0.004861355,90585.0,65697.0,181170.0,0.0006899829999999999
32,1D,6,1138_bus,0.000138998,0.000138521,86.0,46.0,172.0,4.770000000000024e-07
32,1D,6,Hook_1498,0.045680285,0.040385723,972745.0,677726.0,1945490.0,0.005294562000000003
32,1D,6,cond-mat-2005,0.00029397,0.000262737,5498.0,4199.0,10996.0,3.123300000000003e-05
32,1D,6,dixmaanl,0.00013566,0.000115395,5624.0,1874.0,11248.0,2.026500000000001e-05
32,1D,6,flowmeter0,0.000243187,0.000238419,1202.0,894.0,2404.0,4.767999999999992e-06
32,1D,6,msdoor,0.014202356,0.012087345,320135.0,204959.0,640270.0,0.002115011
32,1D,6,tmt_sym,0.00554657,0.004858732,90585.0,65697.0,181170.0,0.0006878379999999996
32,1D,7,1138_bus,0.000181675,0.00018096,86.0,46.0,172.0,7.150000000000092e-07
32,1D,7,Hook_1498,0.046217442,0.04092598,972745.0,677726.0,1945490.0,0.005291461999999997
32,1D,7,cond-mat-2005,0.000287056,0.000256062,5498.0,4199.0,10996.0,3.099400000000001e-05
32,1D,7,dixmaanl,0.000211954,0.000191212,5624.0,1874.0,11248.0,2.0742e-05
32,1D,7,flowmeter0,0.000221968,0.000216961,1202.0,894.0,2404.0,5.007000000000015e-06
32,1D,7,msdoor,0.014114618,0.012050152,320135.0,204959.0,640270.0,0.002064466000000001
32,1D,7,tmt_sym,0.00538516,0.004709721,90585.0,65697.0,181170.0,0.0006754389999999999
32,1D,8,1138_bus,0.000145197,0.000144482,86.0,46.0,172.0,7.150000000000092e-07
32,1D,8,Hook_1498,0.046168089,0.040896177,972745.0,677726.0,1945490.0,0.005271912000000004
32,1D,8,cond-mat-2005,0.000326872,0.000295639,5498.0,4199.0,10996.0,3.123300000000003e-05
32,1D,8,dixmaanl,0.000153303,0.000133038,5624.0,1874.0,11248.0,2.0264999999999997e-05
32,1D,8,flowmeter0,0.000330448,0.00032568,1202.0,894.0,2404.0,4.767999999999992e-06
32,1D,8,msdoor,0.014125109,0.012052298,320135.0,204959.0,640270.0,0.002072811000000001
32,1D,8,tmt_sym,0.004824162,0.004159451,90585.0,65697.0,181170.0,0.0006647110000000001
32,1D,9,1138_bus,0.000152588,0.000152111,86.0,46.0,172.0,4.770000000000024e-07
32,1D,9,Hook_1498,0.046664953,0.041324615,972745.0,677726.0,1945490.0,0.005340338
32,1D,9,cond-mat-2005,0.000320911,0.00028944,5498.0,4199.0,10996.0,3.1470999999999984e-05
32,1D,9,dixmaanl,0.000580311,0.000556469,5624.0,1874.0,11248.0,2.3842000000000047e-05
32,1D,9,flowmeter0,0.000232935,0.000228167,1202.0,894.0,2404.0,4.767999999999992e-06
32,1D,9,msdoor,0.013664007,0.011786222,320135.0,204959.0,640270.0,0.0018777849999999999
32,1D,9,tmt_sym,0.005598783,0.004902124,90585.0,65697.0,181170.0,0.0006966590000000005
32,2D,0,1138_bus,0.00010252,9.9421e-05,329.0,138.0,658.0,3.0990000000000054e-06
32,2D,0,Hook_1498,0.021636724,0.002851248,3937136.0,181401.0,7874272.0,0.018785476
32,2D,0,cond-mat-2005,0.000473738,0.000223637,37017.0,4378.0,74034.0,0.000250101
32,2D,0,dixmaanl,0.000391483,0.000302076,15000.0,7265.0,30000.0,8.940699999999995e-05
32,2D,0,flowmeter0,0.000127792,0.000101328,4833.0,1171.0,9666.0,2.6463999999999996e-05
32,2D,0,msdoor,0.006829023,0.000893116,1324463.0,50358.0,2648926.0,0.005935907
32,2D,0,tmt_sym,0.003441334,0.001310825,363270.0,88001.0,726540.0,0.002130509
32,2D,1,1138_bus,0.000138283,0.000135899,329.0,138.0,658.0,2.383999999999996e-06
32,2D,1,Hook_1498,0.021661282,0.002856731,3937136.0,181401.0,7874272.0,0.018804551
32,2D,1,cond-mat-2005,0.000491381,0.000241995,37017.0,4378.0,74034.0,0.00024938600000000004
32,2D,1,dixmaanl,0.000462294,0.000373363,15000.0,7265.0,30000.0,8.893099999999999e-05
32,2D,1,flowmeter0,0.000114202,8.8453e-05,4833.0,1171.0,9666.0,2.5749e-05
32,2D,1,msdoor,0.006863356,0.000933886,1324463.0,50358.0,2648926.0,0.00592947
32,2D,1,tmt_sym,0.0034163,0.001301765,363270.0,88001.0,726540.0,0.002114535
32,2D,2,1138_bus,0.00013423,0.000132084,329.0,138.0,658.0,2.1459999999999893e-06
32,2D,2,Hook_1498,0.021648645,0.002887011,3937136.0,181401.0,7874272.0,0.018761634
32,2D,2,cond-mat-2005,0.000478745,0.000229836,37017.0,4378.0,74034.0,0.00024890899999999996
32,2D,2,dixmaanl,0.000375748,0.000286579,15000.0,7265.0,30000.0,8.9169e-05
32,2D,2,flowmeter0,0.000132799,0.000108004,4833.0,1171.0,9666.0,2.4794999999999982e-05
32,2D,2,msdoor,0.006795645,0.000881195,1324463.0,50358.0,2648926.0,0.00591445
32,2D,2,tmt_sym,0.003581285,0.001471043,363270.0,88001.0,726540.0,0.002110242
32,2D,3,1138_bus,0.000154734,0.000152588,329.0,138.0,658.0,2.1460000000000164e-06
32,2D,3,Hook_1498,0.021514654,0.002867699,3937136.0,181401.0,7874272.0,0.018646955
32,2D,3,cond-mat-2005,0.000461817,0.000211954,37017.0,4378.0,74034.0,0.000249863
32,2D,3,dixmaanl,0.000390291,0.0003016,15000.0,7265.0,30000.0,8.869100000000001e-05
32,2D,3,flowmeter0,0.000134706,0.000109911,4833.0,1171.0,9666.0,2.479500000000001e-05
32,2D,3,msdoor,0.006717205,0.00080657,1324463.0,50358.0,2648926.0,0.005910635
32,2D,3,tmt_sym,0.003393412,0.001287222,363270.0,88001.0,726540.0,0.00210619
32,2D,4,1138_bus,9.1314e-05,8.9407e-05,329.0,138.0,658.0,1.9069999999999938e-06
32,2D,4,Hook_1498,0.021533728,0.002818346,3937136.0,181401.0,7874272.0,0.018715382
32,2D,4,cond-mat-2005,0.000477076,0.000227928,37017.0,4378.0,74034.0,0.00024914800000000003
32,2D,4,dixmaanl,0.000367403,0.000278234,15000.0,7265.0,30000.0,8.9169e-05
32,2D,4,flowmeter0,0.000131845,0.000107288,4833.0,1171.0,9666.0,2.4557000000000016e-05
32,2D,4,msdoor,0.006828547,0.000865221,1324463.0,50358.0,2648926.0,0.005963326
32,2D,4,tmt_sym,0.003582716,0.001467943,363270.0,88001.0,726540.0,0.0021147730000000003
32,2D,5,1138_bus,0.000149965,0.00014782,329.0,138.0,658.0,2.1450000000000006e-06
32,2D,5,Hook_1498,0.021696568,0.002892494,3937136.0,181401.0,7874272.0,0.018804074
32,2D,5,cond-mat-2005,0.000456333,0.000206947,37017.0,4378.0,74034.0,0.000249386
32,2D,5,dixmaanl,0.000417709,0.000328541,15000.0,7265.0,30000.0,8.916799999999998e-05
32,2D,5,flowmeter0,0.000113726,8.9407e-05,4833.0,1171.0,9666.0,2.4318999999999995e-05
32,2D,5,msdoor,0.006778717,0.000845671,1324463.0,50358.0,2648926.0,0.005933046
32,2D,5,tmt_sym,0.003394365,0.00129056,363270.0,88001.0,726540.0,0.002103805
32,2D,6,1138_bus,0.000105619,0.000103235,329.0,138.0,658.0,2.3840000000000097e-06
32,2D,6,Hook_1498,0.021658659,0.002883673,3937136.0,181401.0,7874272.0,0.018774986
32,2D,6,cond-mat-2005,0.0004704,0.000221491,37017.0,4378.0,74034.0,0.00024890899999999996
32,2D,6,dixmaanl,0.000364304,0.000275612,15000.0,7265.0,30000.0,8.869199999999997e-05
32,2D,6,flowmeter0,0.000128746,0.000104427,4833.0,1171.0,9666.0,2.431900000000001e-05
32,2D,6,msdoor,0.006790876,0.000889063,1324463.0,50358.0,2648926.0,0.0059018130000000005
32,2D,6,tmt_sym,0.003453493,0.001350641,363270.0,88001.0,726540.0,0.002102852
32,2D,7,1138_bus,0.000154257,0.000152349,329.0,138.0,658.0,1.9080000000000095e-06
32,2D,7,Hook_1498,0.021581411,0.002920151,3937136.0,181401.0,7874272.0,0.018661260000000002
32,2D,7,cond-mat-2005,0.000485182,0.00023675,37017.0,4378.0,74034.0,0.00024843200000000004
32,2D,7,dixmaanl,0.000361681,0.000272751,15000.0,7265.0,30000.0,8.892999999999998e-05
32,2D,7,flowmeter0,0.000105858,8.1778e-05,4833.0,1171.0,9666.0,2.408e-05
32,2D,7,msdoor,0.006734848,0.000831366,1324463.0,50358.0,2648926.0,0.005903482
32,2D,7,tmt_sym,0.00336504,0.001266003,363270.0,88001.0,726540.0,0.002099037
32,2D,8,1138_bus,7.9155e-05,7.6771e-05,329.0,138.0,658.0,2.383999999999996e-06
32,2D,8,Hook_1498,0.021645308,0.002906084,3937136.0,181401.0,7874272.0,0.018739224
32,2D,8,cond-mat-2005,0.000476122,0.000227213,37017.0,4378.0,74034.0,0.00024890899999999996
32,2D,8,dixmaanl,0.000490427,0.000400782,15000.0,7265.0,30000.0,8.964499999999996e-05
32,2D,8,flowmeter0,0.00014782,0.000123501,4833.0,1171.0,9666.0,2.4318999999999995e-05
32,2D,8,msdoor,0.006769896,0.000870705,1324463.0,50358.0,2648926.0,0.005899191
32,2D,8,tmt_sym,0.003392935,0.001286268,363270.0,88001.0,726540.0,0.0021066670000000004
32,2D,9,1138_bus,0.000115871,0.000113964,329.0,138.0,658.0,1.9070000000000073e-06
32,2D,9,Hook_1498,0.021704435,0.002904415,3937136.0,181401.0,7874272.0,0.01880002
32,2D,9,cond-mat-2005,0.000503063,0.000254154,37017.0,4378.0,74034.0,0.000248909
32,2D,9,dixmaanl,0.00041914,0.000329256,15000.0,7265.0,30000.0,8.988399999999998e-05
32,2D,9,flowmeter0,0.000310183,0.000285864,4833.0,1171.0,9666.0,2.4319000000000022e-05
32,2D,9,msdoor,0.006762743,0.00084877,1324463.0,50358.0,2648926.0,0.0059139729999999995
32,2D,9,tmt_sym,0.00347805,0.001334429,363270.0,88001.0,726540.0,0.002143621
32,2D_cyclic,0,1138_bus,5.245e-06,2.861e-06,177.0,107.0,354.0,2.384e-06
32,2D_cyclic,0,Hook_1498,0.012488604,0.000756741,1054601.0,140439.0,2109202.0,0.011731863
32,2D_cyclic,0,cond-mat-2005,0.000105619,6.676e-06,4703.0,1146.0,9406.0,9.8943e-05
32,2D_cyclic,0,dixmaanl,9.9897e-05,1.6212e-05,15000.0,5625.0,30000.0,8.3685e-05
32,2D_cyclic,0,flowmeter0,3.3617e-05,4.53e-06,2101.0,906.0,4202.0,2.9087e-05
32,2D_cyclic,0,msdoor,0.003345251,0.000210047,345634.0,38987.0,691268.0,0.003135204
32,2D_cyclic,0,tmt_sym,0.001650095,0.000308514,136050.0,68130.0,272100.0,0.0013415810000000001
32,2D_cyclic,1,1138_bus,4.292e-06,2.861e-06,177.0,107.0,354.0,1.431e-06
32,2D_cyclic,1,Hook_1498,0.012607574,0.000774622,1054601.0,140439.0,2109202.0,0.011832952
32,2D_cyclic,1,cond-mat-2005,0.000103951,7.153e-06,4703.0,1146.0,9406.0,9.679799999999999e-05
32,2D_cyclic,1,dixmaanl,0.000100613,1.812e-05,15000.0,5625.0,30000.0,8.2493e-05
32,2D_cyclic,1,flowmeter0,3.1471e-05,4.292e-06,2101.0,906.0,4202.0,2.7179e-05
32,2D_cyclic,1,msdoor,0.003315926,0.000213146,345634.0,38987.0,691268.0,0.00310278
32,2D_cyclic,1,tmt_sym,0.001591206,0.00028944,136050.0,68130.0,272100.0,0.001301766
32,2D_cyclic,2,1138_bus,4.768e-06,3.338e-06,177.0,107.0,354.0,1.4299999999999999e-06
32,2D_cyclic,2,Hook_1498,0.012513876,0.00074029,1054601.0,140439.0,2109202.0,0.011773586
32,2D_cyclic,2,cond-mat-2005,0.000103235,7.391e-06,4703.0,1146.0,9406.0,9.5844e-05
32,2D_cyclic,2,dixmaanl,9.9897e-05,1.7405e-05,15000.0,5625.0,30000.0,8.2492e-05
32,2D_cyclic,2,flowmeter0,2.9564e-05,4.53e-06,2101.0,906.0,4202.0,2.5034e-05
32,2D_cyclic,2,msdoor,0.003318071,0.000232935,345634.0,38987.0,691268.0,0.003085136
32,2D_cyclic,2,tmt_sym,0.001549721,0.00024724,136050.0,68130.0,272100.0,0.0013024809999999999
32,2D_cyclic,3,1138_bus,4.292e-06,3.099e-06,177.0,107.0,354.0,1.1929999999999998e-06
32,2D_cyclic,3,Hook_1498,0.012448549,0.000653267,1054601.0,140439.0,2109202.0,0.011795281999999999
32,2D_cyclic,3,cond-mat-2005,0.000103474,7.629e-06,4703.0,1146.0,9406.0,9.5845e-05
32,2D_cyclic,3,dixmaanl,0.000101566,1.8597e-05,15000.0,5625.0,30000.0,8.2969e-05
32,2D_cyclic,3,flowmeter0,2.8133e-05,4.292e-06,2101.0,906.0,4202.0,2.3841e-05
32,2D_cyclic,3,msdoor,0.003288746,0.000208378,345634.0,38987.0,691268.0,0.003080368
32,2D_cyclic,3,tmt_sym,0.001531363,0.000247478,136050.0,68130.0,272100.0,0.001283885
32,2D_cyclic,4,1138_bus,4.292e-06,2.623e-06,177.0,107.0,354.0,1.6689999999999996e-06
32,2D_cyclic,4,Hook_1498,0.012422323,0.000648737,1054601.0,140439.0,2109202.0,0.011773586
32,2D_cyclic,4,cond-mat-2005,0.000101805,7.153e-06,4703.0,1146.0,9406.0,9.4652e-05
32,2D_cyclic,4,dixmaanl,0.000101566,1.9073e-05,15000.0,5625.0,30000.0,8.2493e-05
32,2D_cyclic,4,flowmeter0,3.7909e-05,4.292e-06,2101.0,906.0,4202.0,3.3617e-05
32,2D_cyclic,4,msdoor,0.003326893,0.000247717,345634.0,38987.0,691268.0,0.003079176
32,2D_cyclic,4,tmt_sym,0.001534939,0.000247478,136050.0,68130.0,272100.0,0.001287461
32,2D_cyclic,5,1138_bus,4.053e-06,2.861e-06,177.0,107.0,354.0,1.1920000000000002e-06
32,2D_cyclic,5,Hook_1498,0.012391329,0.000648499,1054601.0,140439.0,2109202.0,0.01174283
32,2D_cyclic,5,cond-mat-2005,0.00010252,6.914e-06,4703.0,1146.0,9406.0,9.5606e-05
32,2D_cyclic,5,dixmaanl,0.000106812,1.7643e-05,15000.0,5625.0,30000.0,8.9169e-05
32,2D_cyclic,5,flowmeter0,2.6226e-05,4.292e-06,2101.0,906.0,4202.0,2.1934e-05
32,2D_cyclic,5,msdoor,0.003302336,0.000230551,345634.0,38987.0,691268.0,0.003071785
32,2D_cyclic,5,tmt_sym,0.001516342,0.000233173,136050.0,68130.0,272100.0,0.001283169
32,2D_cyclic,6,1138_bus,3.815e-06,2.623e-06,177.0,107.0,354.0,1.1919999999999998e-06
32,2D_cyclic,6,Hook_1498,0.012526274,0.000777006,1054601.0,140439.0,2109202.0,0.011749268
32,2D_cyclic,6,cond-mat-2005,0.000101566,6.914e-06,4703.0,1146.0,9406.0,9.4652e-05
32,2D_cyclic,6,dixmaanl,0.000100613,1.812e-05,15000.0,5625.0,30000.0,8.2493e-05
32,2D_cyclic,6,flowmeter0,2.5988e-05,4.292e-06,2101.0,906.0,4202.0,2.1696e-05
32,2D_cyclic,6,msdoor,0.003334284,0.000231743,345634.0,38987.0,691268.0,0.003102541
32,2D_cyclic,6,tmt_sym,0.00155282,0.000264645,136050.0,68130.0,272100.0,0.001288175
32,2D_cyclic,7,1138_bus,4.053e-06,2.861e-06,177.0,107.0,354.0,1.1920000000000002e-06
32,2D_cyclic,7,Hook_1498,0.01244235,0.000703335,1054601.0,140439.0,2109202.0,0.011739015
32,2D_cyclic,7,cond-mat-2005,0.000109673,7.391e-06,4703.0,1146.0,9406.0,0.00010228200000000001
32,2D_cyclic,7,dixmaanl,0.000102282,1.955e-05,15000.0,5625.0,30000.0,8.2732e-05
32,2D_cyclic,7,flowmeter0,2.4557e-05,4.292e-06,2101.0,906.0,4202.0,2.0265e-05
32,2D_cyclic,7,msdoor,0.003334045,0.000235558,345634.0,38987.0,691268.0,0.003098487
32,2D_cyclic,7,tmt_sym,0.001529932,0.000239849,136050.0,68130.0,272100.0,0.001290083
32,2D_cyclic,8,1138_bus,4.53e-06,3.099e-06,177.0,107.0,354.0,1.431e-06
32,2D_cyclic,8,Hook_1498,0.012531042,0.000731468,1054601.0,140439.0,2109202.0,0.011799573999999998
32,2D_cyclic,8,cond-mat-2005,0.000101805,7.629e-06,4703.0,1146.0,9406.0,9.4176e-05
32,2D_cyclic,8,dixmaanl,0.000101328,1.8597e-05,15000.0,5625.0,30000.0,8.2731e-05
32,2D_cyclic,8,flowmeter0,2.4319e-05,4.53e-06,2101.0,906.0,4202.0,1.9789e-05
32,2D_cyclic,8,msdoor,0.003307343,0.000232697,345634.0,38987.0,691268.0,0.003074646
32,2D_cyclic,8,tmt_sym,0.00157094,0.000286579,136050.0,68130.0,272100.0,0.001284361
32,2D_cyclic,9,1138_bus,3.815e-06,2.623e-06,177.0,107.0,354.0,1.1919999999999998e-06
32,2D_cyclic,9,Hook_1498,0.012557507,0.000798702,1054601.0,140439.0,2109202.0,0.011758805
32,2D_cyclic,9,cond-mat-2005,0.000102043,8.345e-06,4703.0,1146.0,9406.0,9.3698e-05
32,2D_cyclic,9,dixmaanl,0.000102043,1.9073e-05,15000.0,5625.0,30000.0,8.297e-05
32,2D_cyclic,9,flowmeter0,2.3842e-05,4.292e-06,2101.0,906.0,4202.0,1.955e-05
32,2D_cyclic,9,msdoor,0.003248692,0.000198126,345634.0,38987.0,691268.0,0.003050566
32,2D_cyclic,9,tmt_sym,0.001518011,0.00022316,136050.0,68130.0,272100.0,0.001294851
64,1D,0,1138_bus,0.000272989,0.000272274,43.0,24.0,86.0,7.150000000000364e-07
64,1D,0,Hook_1498,0.051817894,0.04743886,485623.0,399766.0,971246.0,0.004379034000000004
64,1D,0,cond-mat-2005,0.000942945,0.000926495,2633.0,2238.0,5266.0,1.6449999999999993e-05
64,1D,0,dixmaanl,0.000173807,0.000162125,2813.0,1562.0,5626.0,1.1682000000000001e-05
64,1D,0,flowmeter0,0.000730038,0.000727177,599.0,447.0,1198.0,2.8610000000000527e-06
64,1D,0,msdoor,0.016365767,0.015113354,159890.0,126168.0,319780.0,0.001252412999999999
64,1D,0,tmt_sym,0.005236864,0.00463748,45253.0,33413.0,90506.0,0.0005993839999999997
64,1D,1,1138_bus,0.000183105,0.000182629,43.0,24.0,86.0,4.7600000000001374e-07
64,1D,1,Hook_1498,0.051298857,0.046994448,485623.0,399766.0,971246.0,0.004304409000000002
64,1D,1,cond-mat-2005,0.000955105,0.000937462,2633.0,2238.0,5266.0,1.764300000000002e-05
64,1D,1,dixmaanl,0.000177145,0.000165939,2813.0,1562.0,5626.0,1.1205999999999987e-05
64,1D,1,flowmeter0,0.000552177,0.000549555,599.0,447.0,1198.0,2.6220000000000843e-06
64,1D,1,msdoor,0.015913725,0.014731884,159890.0,126168.0,319780.0,0.0011818409999999994
64,1D,1,tmt_sym,0.005302668,0.00474453,45253.0,33413.0,90506.0,0.0005581379999999997
64,1D,2,1138_bus,0.000191689,0.00019145,43.0,24.0,86.0,2.389999999999955e-07
64,1D,2,Hook_1498,0.051343441,0.046918154,485623.0,399766.0,971246.0,0.004425287
64,1D,2,cond-mat-2005,0.000938416,0.000921726,2633.0,2238.0,5266.0,1.6689999999999977e-05
64,1D,2,dixmaanl,0.000249624,0.000238419,2813.0,1562.0,5626.0,1.1204999999999999e-05
64,1D,2,flowmeter0,0.000658512,0.000656128,599.0,447.0,1198.0,2.3840000000000233e-06
64,1D,2,msdoor,0.015923262,0.014765739,159890.0,126168.0,319780.0,0.0011575230000000006
64,1D,2,tmt_sym,0.005475998,0.004913092,45253.0,33413.0,90506.0,0.0005629060000000002
64,1D,3,1138_bus,0.0001719,0.000171661,43.0,24.0,86.0,2.389999999999955e-07
64,1D,3,Hook_1498,0.051136255,0.046936274,485623.0,399766.0,971246.0,0.0041999809999999985
64,1D,3,cond-mat-2005,0.000947237,0.000932217,2633.0,2238.0,5266.0,1.501999999999992e-05
64,1D,3,dixmaanl,0.000239372,0.000228167,2813.0,1562.0,5626.0,1.1204999999999999e-05
64,1D,3,flowmeter0,0.000538349,0.000535965,599.0,447.0,1198.0,2.3840000000000233e-06
64,1D,3,msdoor,0.016124487,0.014779568,159890.0,126168.0,319780.0,0.001344919
64,1D,3,tmt_sym,0.005062819,0.004534245,45253.0,33413.0,90506.0,0.0005285739999999995
64,1D,4,1138_bus,0.000187635,0.000187397,43.0,24.0,86.0,2.3799999999997976e-07
64,1D,4,Hook_1498,0.051959038,0.047660112,485623.0,399766.0,971246.0,0.0042989260000000015
64,1D,4,cond-mat-2005,0.000927687,0.000912666,2633.0,2238.0,5266.0,1.5020999999999936e-05
64,1D,4,dixmaanl,0.000252724,0.000237226,2813.0,1562.0,5626.0,1.549800000000002e-05
64,1D,4,flowmeter0,0.000680923,0.000678539,599.0,447.0,1198.0,2.3840000000000233e-06
64,1D,4,msdoor,0.016152143,0.014845371,159890.0,126168.0,319780.0,0.0013067720000000012
64,1D,4,tmt_sym,0.005274057,0.004743814,45253.0,33413.0,90506.0,0.0005302430000000006
64,1D,5,1138_bus,0.000165939,0.000165701,43.0,24.0,86.0,2.3800000000000687e-07
64,1D,5,Hook_1498,0.051653862,0.047016382,485623.0,399766.0,971246.0,0.004637479999999999
64,1D,5,cond-mat-2005,0.000920296,0.000905752,2633.0,2238.0,5266.0,1.4544000000000015e-05
64,1D,5,dixmaanl,0.000200272,0.000189066,2813.0,1562.0,5626.0,1.1206000000000014e-05
64,1D,5,flowmeter0,0.000738621,0.000735998,599.0,447.0,1198.0,2.6229999999999917e-06
64,1D,5,msdoor,0.015921354,0.014650583,159890.0,126168.0,319780.0,0.0012707709999999987
64,1D,5,tmt_sym,0.005218744,0.004735947,45253.0,33413.0,90506.0,0.0004827970000000001
64,1D,6,1138_bus,0.000183105,0.000182867,43.0,24.0,86.0,2.3800000000000687e-07
64,1D,6,Hook_1498,0.051363945,0.047044516,485623.0,399766.0,971246.0,0.004319429
64,1D,6,cond-mat-2005,0.000972986,0.000956535,2633.0,2238.0,5266.0,1.645100000000001e-05
64,1D,6,dixmaanl,0.000180006,0.0001688,2813.0,1562.0,5626.0,1.1205999999999987e-05
64,1D,6,flowmeter0,0.000690699,0.000688314,599.0,447.0,1198.0,2.385000000000039e-06
64,1D,6,msdoor,0.015443563,0.014276981,159890.0,126168.0,319780.0,0.001166582000000001
64,1D,6,tmt_sym,0.005382538,0.004905701,45253.0,33413.0,90506.0,0.0004768369999999999
64,1D,7,1138_bus,0.000201464,0.000201225,43.0,24.0,86.0,2.389999999999955e-07
64,1D,7,Hook_1498,0.051986694,0.047345877,485623.0,399766.0,971246.0,0.0046408169999999985
64,1D,7,cond-mat-2005,0.001011848,0.000996828,2633.0,2238.0,5266.0,1.5020000000000137e-05
64,1D,7,dixmaanl,0.000190258,0.000179291,2813.0,1562.0,5626.0,1.0967000000000019e-05
64,1D,7,flowmeter0,0.000641108,0.000638723,599.0,447.0,1198.0,2.385000000000039e-06
64,1D,7,msdoor,0.016024351,0.014887571,159890.0,126168.0,319780.0,0.0011367799999999987
64,1D,7,tmt_sym,0.00521636,0.004695415,45253.0,33413.0,90506.0,0.0005209450000000001
64,1D,8,1138_bus,0.000183344,0.000183105,43.0,24.0,86.0,2.389999999999955e-07
64,1D,8,Hook_1498,0.052110195,0.047795296,485623.0,399766.0,971246.0,0.004314898999999997
64,1D,8,cond-mat-2005,0.00093627,0.000920773,2633.0,2238.0,5266.0,1.549700000000006e-05
64,1D,8,dixmaanl,0.000257015,0.000246048,2813.0,1562.0,5626.0,1.0966999999999965e-05
64,1D,8,flowmeter0,0.000671625,0.000669241,599.0,447.0,1198.0,2.3840000000000233e-06
64,1D,8,msdoor,0.015595675,0.014497995,159890.0,126168.0,319780.0,0.0010976800000000002
64,1D,8,tmt_sym,0.005431175,0.004888058,45253.0,33413.0,90506.0,0.0005431170000000001
64,1D,9,1138_bus,0.00016737,0.000167131,43.0,24.0,86.0,2.389999999999955e-07
64,1D,9,Hook_1498,0.051709414,0.047012568,485623.0,399766.0,971246.0,0.0046968460000000045
64,1D,9,cond-mat-2005,0.000962496,0.000946999,2633.0,2238.0,5266.0,1.549699999999995e-05
64,1D,9,dixmaanl,0.000693083,0.000678062,2813.0,1562.0,5626.0,1.5021000000000045e-05
64,1D,9,flowmeter0,0.000546455,0.000544071,599.0,447.0,1198.0,2.3840000000000233e-06
64,1D,9,msdoor,0.016020536,0.014696836,159890.0,126168.0,319780.0,0.0013236999999999988
64,1D,9,tmt_sym,0.00546217,0.004934072,45253.0,33413.0,90506.0,0.0005280979999999994
64,2D,0,1138_bus,0.000293016,0.000291109,302.0,140.0,604.0,1.9069999999999938e-06
64,2D,0,Hook_1498,0.019762039,0.002973318,3833892.0,184327.0,7667784.0,0.016788721
64,2D,0,cond-mat-2005,0.000830889,0.000697613,19990.0,4027.0,39980.0,0.000133276
64,2D,0,dixmaanl,0.000647068,0.000569105,14999.0,7382.0,29998.0,7.796300000000001e-05
64,2D,0,flowmeter0,0.00028944,0.000267029,4715.0,1190.0,9430.0,2.2411000000000013e-05
64,2D,0,msdoor,0.006618738,0.001511097,1191716.0,51170.0,2383432.0,0.005107641
64,2D,0,tmt_sym,0.003591537,0.001646757,361783.0,89420.0,723566.0,0.0019447800000000001
64,2D,1,1138_bus,0.000653744,0.000651598,302.0,140.0,604.0,2.1460000000000706e-06
64,2D,1,Hook_1498,0.019859791,0.002961397,3833892.0,184327.0,7667784.0,0.016898394
64,2D,1,cond-mat-2005,0.000629663,0.000505686,19990.0,4027.0,39980.0,0.00012397700000000005
64,2D,1,dixmaanl,0.000631094,0.000544786,14999.0,7382.0,29998.0,8.6308e-05
64,2D,1,flowmeter0,0.000327349,0.000305414,4715.0,1190.0,9430.0,2.1935e-05
64,2D,1,msdoor,0.006492853,0.001465797,1191716.0,51170.0,2383432.0,0.005027056
64,2D,1,tmt_sym,0.00359273,0.001693726,361783.0,89420.0,723566.0,0.0018990040000000001
64,2D,2,1138_bus,0.00026536,0.000263691,302.0,140.0,604.0,1.6690000000000411e-06
64,2D,2,Hook_1498,0.01958847,0.00297761,3833892.0,184327.0,7667784.0,0.01661086
64,2D,2,cond-mat-2005,0.000826597,0.000703096,19990.0,4027.0,39980.0,0.00012350100000000004
64,2D,2,dixmaanl,0.000614882,0.000538111,14999.0,7382.0,29998.0,7.6771e-05
64,2D,2,flowmeter0,0.000288725,0.00026679,4715.0,1190.0,9430.0,2.1935e-05
64,2D,2,msdoor,0.006640196,0.001559496,1191716.0,51170.0,2383432.0,0.0050807000000000005
64,2D,2,tmt_sym,0.003554106,0.001667976,361783.0,89420.0,723566.0,0.00188613
64,2D,3,1138_bus,0.000250578,0.000248671,302.0,140.0,604.0,1.9069999999999938e-06
64,2D,3,Hook_1498,0.019417048,0.002923489,3833892.0,184327.0,7667784.0,0.016493558999999998
64,2D,3,cond-mat-2005,0.000603199,0.000479937,19990.0,4027.0,39980.0,0.000123262
64,2D,3,dixmaanl,0.000617981,0.00054121,14999.0,7382.0,29998.0,7.6771e-05
64,2D,3,flowmeter0,0.000300646,0.00027895,4715.0,1190.0,9430.0,2.169600000000003e-05
64,2D,3,msdoor,0.006554365,0.001496315,1191716.0,51170.0,2383432.0,0.005058050000000001
64,2D,3,tmt_sym,0.003584623,0.001694202,361783.0,89420.0,723566.0,0.001890421
64,2D,4,1138_bus,0.000237942,0.000236273,302.0,140.0,604.0,1.668999999999987e-06
64,2D,4,Hook_1498,0.019565105,0.00292778,3833892.0,184327.0,7667784.0,0.016637324999999998
64,2D,4,cond-mat-2005,0.000790596,0.000667334,19990.0,4027.0,39980.0,0.00012326199999999996
64,2D,4,dixmaanl,0.000615835,0.000539064,14999.0,7382.0,29998.0,7.6771e-05
64,2D,4,flowmeter0,0.000328541,0.000306845,4715.0,1190.0,9430.0,2.169600000000003e-05
64,2D,4,msdoor,0.006537199,0.001458168,1191716.0,51170.0,2383432.0,0.0050790309999999995
64,2D,4,tmt_sym,0.003567457,0.001667976,361783.0,89420.0,723566.0,0.001899481
64,2D,5,1138_bus,0.000213146,0.000211477,302.0,140.0,604.0,1.668999999999987e-06
64,2D,5,Hook_1498,0.019831419,0.003041267,3833892.0,184327.0,7667784.0,0.016790152
64,2D,5,cond-mat-2005,0.000589132,0.000466347,19990.0,4027.0,39980.0,0.00012278500000000004
64,2D,5,dixmaanl,0.000623226,0.000546694,14999.0,7382.0,29998.0,7.653200000000003e-05
64,2D,5,flowmeter0,0.000296116,0.000274658,4715.0,1190.0,9430.0,2.1458000000000024e-05
64,2D,5,msdoor,0.00657177,0.001496077,1191716.0,51170.0,2383432.0,0.005075693
64,2D,5,tmt_sym,0.003543377,0.001668215,361783.0,89420.0,723566.0,0.0018751619999999999
64,2D,6,1138_bus,0.00026679,0.000265121,302.0,140.0,604.0,1.668999999999987e-06
64,2D,6,Hook_1498,0.019611597,0.002840281,3833892.0,184327.0,7667784.0,0.016771316
64,2D,6,cond-mat-2005,0.000802517,0.000679493,19990.0,4027.0,39980.0,0.000123024
64,2D,6,dixmaanl,0.000627518,0.000550985,14999.0,7382.0,29998.0,7.653299999999994e-05
64,2D,6,flowmeter0,0.000324726,0.000303268,4715.0,1190.0,9430.0,2.1458000000000024e-05
64,2D,6,msdoor,0.006584406,0.001491308,1191716.0,51170.0,2383432.0,0.005093098
64,2D,6,tmt_sym,0.003577471,0.001704931,361783.0,89420.0,723566.0,0.00187254
64,2D,7,1138_bus,0.000237226,0.000235558,302.0,140.0,604.0,1.6679999999999983e-06
64,2D,7,Hook_1498,0.019471407,0.002915144,3833892.0,184327.0,7667784.0,0.016556262999999998
64,2D,7,cond-mat-2005,0.000597,0.000461578,19990.0,4027.0,39980.0,0.000135422
64,2D,7,dixmaanl,0.000633001,0.000555515,14999.0,7382.0,29998.0,7.748599999999998e-05
64,2D,7,flowmeter0,0.000277758,0.000256062,4715.0,1190.0,9430.0,2.169600000000003e-05
64,2D,7,msdoor,0.006552935,0.001492977,1191716.0,51170.0,2383432.0,0.005059958
64,2D,7,tmt_sym,0.003535032,0.001664639,361783.0,89420.0,723566.0,0.001870393
64,2D,8,1138_bus,0.000225544,0.000224113,302.0,140.0,604.0,1.4310000000000071e-06
64,2D,8,Hook_1498,0.019376278,0.002919674,3833892.0,184327.0,7667784.0,0.016456604
64,2D,8,cond-mat-2005,0.000760794,0.000637293,19990.0,4027.0,39980.0,0.00012350099999999993
64,2D,8,dixmaanl,0.000617027,0.000540257,14999.0,7382.0,29998.0,7.676999999999998e-05
64,2D,8,flowmeter0,0.000318766,0.00029707,4715.0,1190.0,9430.0,2.169600000000003e-05
64,2D,8,msdoor,0.006583929,0.001493216,1191716.0,51170.0,2383432.0,0.005090713
64,2D,8,tmt_sym,0.003544807,0.001671076,361783.0,89420.0,723566.0,0.001873731
64,2D,9,1138_bus,0.000598907,0.000597239,302.0,140.0,604.0,1.6680000000000254e-06
64,2D,9,Hook_1498,0.019744873,0.002938271,3833892.0,184327.0,7667784.0,0.016806602
64,2D,9,cond-mat-2005,0.000607491,0.00048399,19990.0,4027.0,39980.0,0.00012350100000000004
64,2D,9,dixmaanl,0.000877619,0.000719547,14999.0,7382.0,29998.0,0.000158072
64,2D,9,flowmeter0,0.000365019,0.000343084,4715.0,1190.0,9430.0,2.1935e-05
64,2D,9,msdoor,0.006533146,0.001495361,1191716.0,51170.0,2383432.0,0.005037785
64,2D,9,tmt_sym,0.003454924,0.001533985,361783.0,89420.0,723566.0,0.0019209389999999998
64,2D_cyclic,0,1138_bus,8.821e-06,7.391e-06,158.0,125.0,316.0,1.4300000000000007e-06
64,2D_cyclic,0,Hook_1498,0.006393671,0.001076221,589831.0,163846.0,1179662.0,0.00531745
64,2D_cyclic,0,cond-mat-2005,5.6028e-05,1.2636e-05,2187.0,887.0,4374.0,4.3392e-05
64,2D_cyclic,0,dixmaanl,9.799e-05,2.0504e-05,15000.0,6562.0,30000.0,7.748600000000001e-05
64,2D_cyclic,0,flowmeter0,2.6464e-05,1.0014e-05,1757.0,1057.0,3514.0,1.645e-05
64,2D_cyclic,0,msdoor,0.001778126,0.000218868,187620.0,45485.0,375240.0,0.001559258
64,2D_cyclic,0,tmt_sym,0.001255035,0.000326395,111269.0,79485.0,222538.0,0.0009286400000000001
64,2D_cyclic,1,1138_bus,7.868e-06,6.914e-06,158.0,125.0,316.0,9.539999999999997e-07
64,2D_cyclic,1,Hook_1498,0.006491899,0.001115084,589831.0,163846.0,1179662.0,0.005376815
64,2D_cyclic,1,cond-mat-2005,5.3167e-05,1.0967e-05,2187.0,887.0,4374.0,4.22e-05
64,2D_cyclic,1,dixmaanl,9.3699e-05,1.6451e-05,15000.0,6562.0,30000.0,7.7248e-05
64,2D_cyclic,1,flowmeter0,2.408e-05,9.775e-06,1757.0,1057.0,3514.0,1.4305e-05
64,2D_cyclic,1,msdoor,0.00174284,0.000223637,187620.0,45485.0,375240.0,0.001519203
64,2D_cyclic,1,tmt_sym,0.001323462,0.000317574,111269.0,79485.0,222538.0,0.0010058880000000001
64,2D_cyclic,2,1138_bus,8.821e-06,7.868e-06,158.0,125.0,316.0,9.530000000000009e-07
64,2D_cyclic,2,Hook_1498,0.006453276,0.001105309,589831.0,163846.0,1179662.0,0.005347967
64,2D_cyclic,2,cond-mat-2005,5.1975e-05,1.1921e-05,2187.0,887.0,4374.0,4.0054000000000006e-05
64,2D_cyclic,2,dixmaanl,9.346e-05,1.5974e-05,15000.0,6562.0,30000.0,7.748600000000001e-05
64,2D_cyclic,2,flowmeter0,2.2411e-05,9.298e-06,1757.0,1057.0,3514.0,1.3113e-05
64,2D_cyclic,2,msdoor,0.001709223,0.000204086,187620.0,45485.0,375240.0,0.001505137
64,2D_cyclic,2,tmt_sym,0.001250505,0.000342369,111269.0,79485.0,222538.0,0.0009081360000000001
64,2D_cyclic,3,1138_bus,7.629e-06,6.676e-06,158.0,125.0,316.0,9.53e-07
64,2D_cyclic,3,Hook_1498,0.006318092,0.000988007,589831.0,163846.0,1179662.0,0.005330085
64,2D_cyclic,3,cond-mat-2005,5.1498e-05,1.2159e-05,2187.0,887.0,4374.0,3.9339e-05
64,2D_cyclic,3,dixmaanl,0.00010252,2.5511e-05,15000.0,6562.0,30000.0,7.700900000000001e-05
64,2D_cyclic,3,flowmeter0,2.3365e-05,1.0967e-05,1757.0,1057.0,3514.0,1.2398e-05
64,2D_cyclic,3,msdoor,0.00171566,0.000212908,187620.0,45485.0,375240.0,0.001502752
64,2D_cyclic,3,tmt_sym,0.001246452,0.000324726,111269.0,79485.0,222538.0,0.0009217260000000001
64,2D_cyclic,4,1138_bus,8.345e-06,7.153e-06,158.0,125.0,316.0,1.1920000000000006e-06
64,2D_cyclic,4,Hook_1498,0.006290913,0.001012325,589831.0,163846.0,1179662.0,0.005278588000000001
64,2D_cyclic,4,cond-mat-2005,4.9591e-05,1.1683e-05,2187.0,887.0,4374.0,3.7908000000000004e-05
64,2D_cyclic,4,dixmaanl,9.2745e-05,1.6212e-05,15000.0,6562.0,30000.0,7.6533e-05
64,2D_cyclic,4,flowmeter0,2.1219e-05,9.06e-06,1757.0,1057.0,3514.0,1.2159000000000002e-05
64,2D_cyclic,4,msdoor,0.001681089,0.000210047,187620.0,45485.0,375240.0,0.001471042
64,2D_cyclic,4,tmt_sym,0.001223326,0.000302076,111269.0,79485.0,222538.0,0.00092125
64,2D_cyclic,5,1138_bus,8.106e-06,6.914e-06,158.0,125.0,316.0,1.1919999999999998e-06
64,2D_cyclic,5,Hook_1498,0.00650382,0.001164436,589831.0,163846.0,1179662.0,0.005339383999999999
64,2D_cyclic,5,cond-mat-2005,4.9829e-05,1.1921e-05,2187.0,887.0,4374.0,3.7908000000000004e-05
64,2D_cyclic,5,dixmaanl,9.346e-05,1.6689e-05,15000.0,6562.0,30000.0,7.6771e-05
64,2D_cyclic,5,flowmeter0,2.2411e-05,1.0967e-05,1757.0,1057.0,3514.0,1.1444e-05
64,2D_cyclic,5,msdoor,0.001733065,0.000208139,187620.0,45485.0,375240.0,0.001524926
64,2D_cyclic,5,tmt_sym,0.001224279,0.000320196,111269.0,79485.0,222538.0,0.000904083
64,2D_cyclic,6,1138_bus,8.345e-06,7.391e-06,158.0,125.0,316.0,9.540000000000005e-07
64,2D_cyclic,6,Hook_1498,0.006206274,0.001010418,589831.0,163846.0,1179662.0,0.005195856
64,2D_cyclic,6,cond-mat-2005,4.9829e-05,1.1921e-05,2187.0,887.0,4374.0,3.7908000000000004e-05
64,2D_cyclic,6,dixmaanl,9.1791e-05,1.5736e-05,15000.0,6562.0,30000.0,7.6055e-05
64,2D_cyclic,6,flowmeter0,2.0742e-05,9.298e-06,1757.0,1057.0,3514.0,1.1444e-05
64,2D_cyclic,6,msdoor,0.00165987,0.000202179,187620.0,45485.0,375240.0,0.0014576909999999999
64,2D_cyclic,6,tmt_sym,0.001707315,0.000771046,111269.0,79485.0,222538.0,0.0009362690000000001
64,2D_cyclic,7,1138_bus,8.345e-06,6.914e-06,158.0,125.0,316.0,1.4310000000000004e-06
64,2D_cyclic,7,Hook_1498,0.006211042,0.000989199,589831.0,163846.0,1179662.0,0.005221843
64,2D_cyclic,7,cond-mat-2005,4.8399e-05,1.0967e-05,2187.0,887.0,4374.0,3.7432000000000003e-05
64,2D_cyclic,7,dixmaanl,9.3222e-05,1.6689e-05,15000.0,6562.0,30000.0,7.6533e-05
64,2D_cyclic,7,flowmeter0,2.0981e-05,1.0014e-05,1757.0,1057.0,3514.0,1.0967000000000002e-05
64,2D_cyclic,7,msdoor,0.001700401,0.000209093,187620.0,45485.0,375240.0,0.001491308
64,2D_cyclic,7,tmt_sym,0.001215696,0.000314951,111269.0,79485.0,222538.0,0.0009007450000000001
64,2D_cyclic,8,1138_bus,8.583e-06,7.629e-06,158.0,125.0,316.0,9.540000000000005e-07
64,2D_cyclic,8,Hook_1498,0.006412983,0.001014709,589831.0,163846.0,1179662.0,0.005398274
64,2D_cyclic,8,cond-mat-2005,5.0783e-05,1.2875e-05,2187.0,887.0,4374.0,3.7908e-05
64,2D_cyclic,8,dixmaanl,9.1314e-05,1.4544e-05,15000.0,6562.0,30000.0,7.677e-05
64,2D_cyclic,8,flowmeter0,2.0742e-05,9.775e-06,1757.0,1057.0,3514.0,1.0966999999999999e-05
64,2D_cyclic,8,msdoor,0.001699209,0.000205994,187620.0,45485.0,375240.0,0.001493215
64,2D_cyclic,8,tmt_sym,0.001264811,0.000336647,111269.0,79485.0,222538.0,0.000928164
64,2D_cyclic,9,1138_bus,8.583e-06,7.629e-06,158.0,125.0,316.0,9.540000000000005e-07
64,2D_cyclic,9,Hook_1498,0.006315947,0.000972033,589831.0,163846.0,1179662.0,0.005343914
64,2D_cyclic,9,cond-mat-2005,4.8876e-05,1.1683e-05,2187.0,887.0,4374.0,3.7192999999999994e-05
64,2D_cyclic,9,dixmaanl,9.2268e-05,1.5497e-05,15000.0,6562.0,30000.0,7.6771e-05
64,2D_cyclic,9,flowmeter0,2.1458e-05,1.0729e-05,1757.0,1057.0,3514.0,1.0729e-05
64,2D_cyclic,9,msdoor,0.0017097,0.000214577,187620.0,45485.0,375240.0,0.001495123
64,2D_cyclic,9,tmt_sym,0.001207829,0.000310183,111269.0,79485.0,222538.0,0.0008976460000000001
128,1D,0,1138_bus,0.013330936,0.013330221,25.0,16.0,50.0,7.150000000000906e-07
128,1D,0,Hook_1498,0.05437851,0.051186323,242533.0,216047.0,485066.0,0.003192186999999999
128,1D,0,cond-mat-2005,0.002570629,0.002559185,1447.0,1308.0,2894.0,1.1444000000000211e-05
128,1D,0,dixmaanl,0.000286341,0.000278711,1405.0,936.0,2810.0,7.630000000000007e-06
128,1D,0,flowmeter0,0.014213562,0.014211655,297.0,221.0,594.0,1.9070000000006443e-06
128,1D,0,msdoor,0.017613649,0.016779661,79377.0,69694.0,158754.0,0.0008339879999999973
128,1D,0,tmt_sym,0.003727198,0.003397703,22609.0,16797.0,45218.0,0.00032949499999999996
128,1D,1,1138_bus,0.013283014,0.013282299,25.0,16.0,50.0,7.150000000000906e-07
128,1D,1,Hook_1498,0.054574251,0.051400661,242533.0,216047.0,485066.0,0.003173589999999997
128,1D,1,cond-mat-2005,0.002676487,0.002667189,1447.0,1308.0,2894.0,9.298000000000032e-06
128,1D,1,dixmaanl,0.000277281,0.000270844,1405.0,936.0,2810.0,6.436999999999979e-06
128,1D,1,flowmeter0,0.014126778,0.014125586,297.0,221.0,594.0,1.191999999998819e-06
128,1D,1,msdoor,0.017050505,0.016207695,79377.0,69694.0,158754.0,0.0008428099999999994
128,1D,1,tmt_sym,0.005216837,0.004871607,22609.0,16797.0,45218.0,0.0003452300000000002
128,1D,2,1138_bus,0.013285398,0.013284922,25.0,16.0,50.0,4.760000000009895e-07
128,1D,2,Hook_1498,0.0542202,0.051070929,242533.0,216047.0,485066.0,0.003149271000000002
128,1D,2,cond-mat-2005,0.002675772,0.002666473,1447.0,1308.0,2894.0,9.29899999999994e-06
128,1D,2,dixmaanl,0.000640392,0.000634432,1405.0,936.0,2810.0,5.960000000000058e-06
128,1D,2,flowmeter0,0.014070034,0.014068604,297.0,221.0,594.0,1.4300000000001811e-06
128,1D,2,msdoor,0.015573025,0.014771223,79377.0,69694.0,158754.0,0.0008018020000000008
128,1D,2,tmt_sym,0.003943443,0.003634691,22609.0,16797.0,45218.0,0.0003087519999999998
128,1D,3,1138_bus,0.013224125,0.013223648,25.0,16.0,50.0,4.770000000004632e-07
128,1D,3,Hook_1498,0.059875727,0.056704998,242533.0,216047.0,485066.0,0.003170728999999997
128,1D,3,cond-mat-2005,0.002392769,0.002383947,1447.0,1308.0,2894.0,8.82199999999991e-06
128,1D,3,dixmaanl,0.000969887,0.000961781,1405.0,936.0,2810.0,8.10600000000002e-06
128,1D,3,flowmeter0,0.01406312,0.014061689,297.0,221.0,594.0,1.4309999999996548e-06
128,1D,3,msdoor,0.017393827,0.016578913,79377.0,69694.0,158754.0,0.0008149139999999999
128,1D,3,tmt_sym,0.003320217,0.003019571,22609.0,16797.0,45218.0,0.0003006459999999999
128,1D,4,1138_bus,0.013212919,0.013212681,25.0,16.0,50.0,2.379999999996274e-07
128,1D,4,Hook_1498,0.058056116,0.054839373,242533.0,216047.0,485066.0,0.003216743000000001
128,1D,4,cond-mat-2005,0.002734661,0.002725124,1447.0,1308.0,2894.0,9.537e-06
128,1D,4,dixmaanl,0.000635386,0.000629187,1405.0,936.0,2810.0,6.1990000000000265e-06
128,1D,4,flowmeter0,0.014115095,0.014113188,297.0,221.0,594.0,1.9069999999989096e-06
128,1D,4,msdoor,0.016495228,0.015696764,79377.0,69694.0,158754.0,0.0007984640000000022
128,1D,4,tmt_sym,0.004034281,0.003743649,22609.0,16797.0,45218.0,0.00029063199999999987
128,1D,5,1138_bus,0.013289213,0.013288975,25.0,16.0,50.0,2.379999999996274e-07
128,1D,5,Hook_1498,0.057257175,0.054026604,242533.0,216047.0,485066.0,0.0032305710000000015
128,1D,5,cond-mat-2005,0.002555609,0.00254631,1447.0,1308.0,2894.0,9.29899999999994e-06
128,1D,5,dixmaanl,0.000624418,0.000618219,1405.0,936.0,2810.0,6.198999999999918e-06
128,1D,5,flowmeter0,0.014040947,0.014039516,297.0,221.0,594.0,1.4309999999996548e-06
128,1D,5,msdoor,0.017309189,0.016473055,79377.0,69694.0,158754.0,0.0008361339999999988
128,1D,5,tmt_sym,0.005464315,0.005160332,22609.0,16797.0,45218.0,0.00030398299999999986
128,1D,6,1138_bus,0.013279438,0.013278961,25.0,16.0,50.0,4.769999999987284e-07
128,1D,6,Hook_1498,0.060827017,0.057792425,242533.0,216047.0,485066.0,0.0030345919999999957
128,1D,6,cond-mat-2005,0.002648354,0.002639294,1447.0,1308.0,2894.0,9.059999999999971e-06
128,1D,6,dixmaanl,0.000642061,0.000635862,1405.0,936.0,2810.0,6.1990000000000265e-06
128,1D,6,flowmeter0,0.014069796,0.014068365,297.0,221.0,594.0,1.4310000000013895e-06
128,1D,6,msdoor,0.017356634,0.016497612,79377.0,69694.0,158754.0,0.000859022000000001
128,1D,6,tmt_sym,0.004312515,0.004011631,22609.0,16797.0,45218.0,0.0003008840000000004
128,1D,7,1138_bus,0.013226032,0.013226032,25.0,16.0,50.0,0.0
128,1D,7,Hook_1498,0.059161901,0.055958986,242533.0,216047.0,485066.0,0.0032029150000000006
128,1D,7,cond-mat-2005,0.002542257,0.002533674,1447.0,1308.0,2894.0,8.582999999999941e-06
128,1D,7,dixmaanl,0.000260353,0.000254393,1405.0,936.0,2810.0,5.960000000000004e-06
128,1D,7,flowmeter0,0.014048338,0.014046907,297.0,221.0,594.0,1.4309999999996548e-06
128,1D,7,msdoor,0.016932249,0.016099453,79377.0,69694.0,158754.0,0.0008327960000000002
128,1D,7,tmt_sym,0.004060984,0.003764391,22609.0,16797.0,45218.0,0.00029659299999999994
128,1D,8,1138_bus,0.013221502,0.013221025,25.0,16.0,50.0,4.769999999987284e-07
128,1D,8,Hook_1498,0.060692072,0.057466745,242533.0,216047.0,485066.0,0.003225327
128,1D,8,cond-mat-2005,0.002506018,0.002496958,1447.0,1308.0,2894.0,9.059999999999971e-06
128,1D,8,dixmaanl,0.000263929,0.00025773,1405.0,936.0,2810.0,6.198999999999972e-06
128,1D,8,flowmeter0,0.014110565,0.014109373,297.0,221.0,594.0,1.1920000000005537e-06
128,1D,8,msdoor,0.01734066,0.016445398,79377.0,69694.0,158754.0,0.0008952620000000008
128,1D,8,tmt_sym,0.005065203,0.004769087,22609.0,16797.0,45218.0,0.0002961159999999999
128,1D,9,1138_bus,0.013247013,0.013246536,25.0,16.0,50.0,4.770000000004632e-07
128,1D,9,Hook_1498,0.059765577,0.056524038,242533.0,216047.0,485066.0,0.0032415390000000016
128,1D,9,cond-mat-2005,0.002304792,0.002296209,1447.0,1308.0,2894.0,8.582999999999941e-06
128,1D,9,dixmaanl,0.000280619,0.00027442,1405.0,936.0,2810.0,6.1990000000000265e-06
128,1D,9,flowmeter0,0.014063358,0.014062166,297.0,221.0,594.0,1.1920000000005537e-06
128,1D,9,msdoor,0.017380953,0.016457558,79377.0,69694.0,158754.0,0.0009233950000000005
128,1D,9,tmt_sym,0.005204916,0.004930973,22609.0,16797.0,45218.0,0.00027394300000000045
128,2D,0,1138_bus,0.02601099,0.026009083,165.0,71.0,330.0,1.907000000002379e-06
128,2D,0,Hook_1498,0.013097286,0.003292322,1954287.0,92895.0,3908574.0,0.009804964
128,2D,0,cond-mat-2005,0.02625823,0.026128769,14382.0,2215.0,28764.0,0.00012946100000000085
128,2D,0,dixmaanl,0.039114952,0.039063454,7500.0,3720.0,15000.0,5.1498000000003985e-05
128,2D,0,flowmeter0,0.001016617,0.00100255,2421.0,600.0,4842.0,1.4066999999999986e-05
128,2D,0,msdoor,0.055095196,0.052155733,624351.0,25788.0,1248702.0,0.0029394629999999963
128,2D,0,tmt_sym,0.003118753,0.001838684,181626.0,45065.0,363252.0,0.0012800690000000002
128,2D,1,1138_bus,0.013054371,0.013052702,165.0,71.0,330.0,1.6690000000010169e-06
128,2D,1,Hook_1498,0.013170242,0.003286123,1954287.0,92895.0,3908574.0,0.009884119
128,2D,1,cond-mat-2005,0.025933981,0.025812149,14382.0,2215.0,28764.0,0.0001218319999999988
128,2D,1,dixmaanl,0.025935411,0.025886536,7500.0,3720.0,15000.0,4.887499999999684e-05
128,2D,1,flowmeter0,0.000600576,0.000586987,2421.0,600.0,4842.0,1.3589000000000049e-05
128,2D,1,msdoor,0.051520586,0.048565388,624351.0,25788.0,1248702.0,0.002955197999999999
128,2D,1,tmt_sym,0.003181934,0.001952887,181626.0,45065.0,363252.0,0.001229047
128,2D,2,1138_bus,0.013064146,0.013062716,165.0,71.0,330.0,1.4300000000001811e-06
128,2D,2,Hook_1498,0.01299572,0.00328207,1954287.0,92895.0,3908574.0,0.00971365
128,2D,2,cond-mat-2005,0.026025057,0.025897264,14382.0,2215.0,28764.0,0.00012779300000000104
128,2D,2,dixmaanl,0.025924444,0.02587676,7500.0,3720.0,15000.0,4.7684000000002696e-05
128,2D,2,flowmeter0,0.000975847,0.000962257,2421.0,600.0,4842.0,1.3589999999999956e-05
128,2D,2,msdoor,0.051530361,0.048594952,624351.0,25788.0,1248702.0,0.002935409
128,2D,2,tmt_sym,0.003098488,0.001865149,181626.0,45065.0,363252.0,0.001233339
128,2D,3,1138_bus,0.013042688,0.013041258,165.0,71.0,330.0,1.4300000000001811e-06
128,2D,3,Hook_1498,0.013144016,0.00333786,1954287.0,92895.0,3908574.0,0.009806156
128,2D,3,cond-mat-2005,0.025947094,0.025824785,14382.0,2215.0,28764.0,0.000122309000000001
128,2D,3,dixmaanl,0.02592063,0.025869608,7500.0,3720.0,15000.0,5.102200000000126e-05
128,2D,3,flowmeter0,0.000586033,0.000572681,2421.0,600.0,4842.0,1.3352000000000004e-05
128,2D,3,msdoor,0.051504374,0.048603773,624351.0,25788.0,1248702.0,0.0029006009999999957
128,2D,3,tmt_sym,0.00310874,0.001864672,181626.0,45065.0,363252.0,0.001244068
128,2D,4,1138_bus,0.013035536,0.013034344,165.0,71.0,330.0,1.1920000000005537e-06
128,2D,4,Hook_1498,0.01312542,0.003321409,1954287.0,92895.0,3908574.0,0.009804011000000001
128,2D,4,cond-mat-2005,0.025935411,0.025814772,14382.0,2215.0,28764.0,0.00012063899999999877
128,2D,4,dixmaanl,0.030920029,0.030869484,7500.0,3720.0,15000.0,5.054500000000253e-05
128,2D,4,flowmeter0,0.00097394,0.000960827,2421.0,600.0,4842.0,1.3112999999999927e-05
128,2D,4,msdoor,0.051533222,0.048603535,624351.0,25788.0,1248702.0,0.0029296869999999933
128,2D,4,tmt_sym,0.00305438,0.001834869,181626.0,45065.0,363252.0,0.0012195110000000002
128,2D,5,1138_bus,0.013048649,0.01304698,165.0,71.0,330.0,1.6690000000010169e-06
128,2D,5,Hook_1498,0.012974501,0.003324032,1954287.0,92895.0,3908574.0,0.009650468999999998
128,2D,5,cond-mat-2005,0.025969982,0.025852442,14382.0,2215.0,28764.0,0.00011753999999999931
128,2D,5,dixmaanl,0.025917053,0.02586937,7500.0,3720.0,15000.0,4.768299999999975e-05
128,2D,5,flowmeter0,0.000552416,0.000539541,2421.0,600.0,4842.0,1.2874999999999974e-05
128,2D,5,msdoor,0.051535606,0.048606396,624351.0,25788.0,1248702.0,0.0029292099999999946
128,2D,5,tmt_sym,0.003292084,0.002072334,181626.0,45065.0,363252.0,0.00121975
128,2D,6,1138_bus,0.013024092,0.013022661,165.0,71.0,330.0,1.4309999999996548e-06
128,2D,6,Hook_1498,0.013038874,0.003343582,1954287.0,92895.0,3908574.0,0.009695292000000001
128,2D,6,cond-mat-2005,0.025992155,0.025866508,14382.0,2215.0,28764.0,0.00012564699999999956
128,2D,6,dixmaanl,0.025883436,0.025835514,7500.0,3720.0,15000.0,4.7921999999998854e-05
128,2D,6,flowmeter0,0.000954151,0.000941038,2421.0,600.0,4842.0,1.3112999999999927e-05
128,2D,6,msdoor,0.046528816,0.043605566,624351.0,25788.0,1248702.0,0.0029232500000000022
128,2D,6,tmt_sym,0.003176928,0.001951933,181626.0,45065.0,363252.0,0.0012249949999999998
128,2D,7,1138_bus,0.013047457,0.013046026,165.0,71.0,330.0,1.4309999999996548e-06
128,2D,7,Hook_1498,0.012961626,0.003346443,1954287.0,92895.0,3908574.0,0.009615183
128,2D,7,cond-mat-2005,0.025971889,0.025849581,14382.0,2215.0,28764.0,0.00012230800000000153
128,2D,7,dixmaanl,0.025918245,0.025869846,7500.0,3720.0,15000.0,4.839900000000105e-05
128,2D,7,flowmeter0,0.000560522,0.000547171,2421.0,600.0,4842.0,1.3350999999999988e-05
128,2D,7,msdoor,0.051477432,0.048545361,624351.0,25788.0,1248702.0,0.0029320709999999944
128,2D,7,tmt_sym,0.003046751,0.001829863,181626.0,45065.0,363252.0,0.001216888
128,2D,8,1138_bus,0.013041019,0.013039589,165.0,71.0,330.0,1.4299999999984464e-06
128,2D,8,Hook_1498,0.013159513,0.003367901,1954287.0,92895.0,3908574.0,0.009791612
128,2D,8,cond-mat-2005,0.025964499,0.025844097,14382.0,2215.0,28764.0,0.00012040199999999862
128,2D,8,dixmaanl,0.025888443,0.025840282,7500.0,3720.0,15000.0,4.8161000000001425e-05
128,2D,8,flowmeter0,0.000932455,0.000919342,2421.0,600.0,4842.0,1.3113000000000035e-05
128,2D,8,msdoor,0.051544905,0.048614979,624351.0,25788.0,1248702.0,0.0029299259999999994
128,2D,8,tmt_sym,0.003008604,0.001793861,181626.0,45065.0,363252.0,0.001214743
128,2D,9,1138_bus,0.013088703,0.013087273,165.0,71.0,330.0,1.4300000000001811e-06
128,2D,9,Hook_1498,0.012954473,0.00365901,1954287.0,92895.0,3908574.0,0.009295463
128,2D,9,cond-mat-2005,0.026227474,0.026108503,14382.0,2215.0,28764.0,0.00011897099999999897
128,2D,9,dixmaanl,0.026085854,0.026035309,7500.0,3720.0,15000.0,5.054499999999906e-05
128,2D,9,flowmeter0,0.00143981,0.001426458,2421.0,600.0,4842.0,1.3351999999999895e-05
128,2D,9,msdoor,0.051479101,0.048713923,624351.0,25788.0,1248702.0,0.002765178
128,2D,9,tmt_sym,0.003905296,0.002652407,181626.0,45065.0,363252.0,0.001252889
128,2D_cyclic,0,1138_bus,1.1444e-05,1.0252e-05,78.0,63.0,156.0,1.1919999999999998e-06
128,2D_cyclic,0,Hook_1498,0.005413055,0.000935555,294786.0,81923.0,589572.0,0.0044775
128,2D_cyclic,0,cond-mat-2005,4.2439e-05,1.4544e-05,1040.0,447.0,2080.0,2.7894999999999996e-05
128,2D_cyclic,0,dixmaanl,6.1035e-05,1.2636e-05,7500.0,3281.0,15000.0,4.8399e-05
128,2D_cyclic,0,flowmeter0,2.1219e-05,1.049e-05,865.0,529.0,1730.0,1.0729000000000002e-05
128,2D_cyclic,0,msdoor,0.001338482,0.000202894,92851.0,22743.0,185702.0,0.0011355879999999999
128,2D_cyclic,0,tmt_sym,0.000941992,0.000169516,55638.0,39742.0,111276.0,0.000772476
128,2D_cyclic,1,1138_bus,1.049e-05,9.537e-06,78.0,63.0,156.0,9.529999999999992e-07
128,2D_cyclic,1,Hook_1498,0.005306959,0.000873804,294786.0,81923.0,589572.0,0.004433155
128,2D_cyclic,1,cond-mat-2005,3.9577e-05,1.2875e-05,1040.0,447.0,2080.0,2.6701999999999996e-05
128,2D_cyclic,1,dixmaanl,5.8889e-05,1.2636e-05,7500.0,3281.0,15000.0,4.6253e-05
128,2D_cyclic,1,flowmeter0,1.9789e-05,1.0967e-05,865.0,529.0,1730.0,8.822e-06
128,2D_cyclic,1,msdoor,0.001291513,0.000162601,92851.0,22743.0,185702.0,0.001128912
128,2D_cyclic,1,tmt_sym,0.000889301,0.000151396,55638.0,39742.0,111276.0,0.000737905
128,2D_cyclic,2,1138_bus,8.583e-06,7.868e-06,78.0,63.0,156.0,7.150000000000008e-07
128,2D_cyclic,2,Hook_1498,0.005192757,0.000850439,294786.0,81923.0,589572.0,0.004342318
128,2D_cyclic,2,cond-mat-2005,4.077e-05,1.5497e-05,1040.0,447.0,2080.0,2.5272999999999997e-05
128,2D_cyclic,2,dixmaanl,5.8174e-05,1.2875e-05,7500.0,3281.0,15000.0,4.5299e-05
128,2D_cyclic,2,flowmeter0,1.8835e-05,1.0967e-05,865.0,529.0,1730.0,7.867999999999998e-06
128,2D_cyclic,2,msdoor,0.001314402,0.000166893,92851.0,22743.0,185702.0,0.0011475090000000001
128,2D_cyclic,2,tmt_sym,0.000870943,0.000142336,55638.0,39742.0,111276.0,0.000728607
128,2D_cyclic,3,1138_bus,8.821e-06,8.106e-06,78.0,63.0,156.0,7.150000000000008e-07
128,2D_cyclic,3,Hook_1498,0.005207777,0.000831604,294786.0,81923.0,589572.0,0.0043761730000000006
128,2D_cyclic,3,cond-mat-2005,3.9101e-05,1.4782e-05,1040.0,447.0,2080.0,2.4318999999999995e-05
128,2D_cyclic,3,dixmaanl,7.844e-05,1.4782e-05,7500.0,3281.0,15000.0,6.3658e-05
128,2D_cyclic,3,flowmeter0,1.9312e-05,1.1444e-05,865.0,529.0,1730.0,7.868000000000002e-06
128,2D_cyclic,3,msdoor,0.00131464,0.00016284,92851.0,22743.0,185702.0,0.0011518
128,2D_cyclic,3,tmt_sym,0.000849724,0.000142574,55638.0,39742.0,111276.0,0.00070715
128,2D_cyclic,4,1138_bus,9.06e-06,8.106e-06,78.0,63.0,156.0,9.539999999999997e-07
128,2D_cyclic,4,Hook_1498,0.005261183,0.000869751,294786.0,81923.0,589572.0,0.004391432
128,2D_cyclic,4,cond-mat-2005,3.7193e-05,1.3351e-05,1040.0,447.0,2080.0,2.3842e-05
128,2D_cyclic,4,dixmaanl,5.9605e-05,1.3828e-05,7500.0,3281.0,15000.0,4.5777000000000006e-05
128,2D_cyclic,4,flowmeter0,1.7881e-05,1.0729e-05,865.0,529.0,1730.0,7.152e-06
128,2D_cyclic,4,msdoor,0.001319885,0.000163794,92851.0,22743.0,185702.0,0.001156091
128,2D_cyclic,4,tmt_sym,0.000873804,0.000142574,55638.0,39742.0,111276.0,0.00073123
128,2D_cyclic,5,1138_bus,1.0252e-05,9.06e-06,78.0,63.0,156.0,1.1919999999999998e-06
128,2D_cyclic,5,Hook_1498,0.005209446,0.000852585,294786.0,81923.0,589572.0,0.004356861
128,2D_cyclic,5,cond-mat-2005,3.5763e-05,1.2636e-05,1040.0,447.0,2080.0,2.3127000000000004e-05
128,2D_cyclic,5,dixmaanl,5.8889e-05,1.3351e-05,7500.0,3281.0,15000.0,4.5538e-05
128,2D_cyclic,5,flowmeter0,1.8835e-05,1.1683e-05,865.0,529.0,1730.0,7.151999999999999e-06
128,2D_cyclic,5,msdoor,0.00131464,0.000162363,92851.0,22743.0,185702.0,0.001152277
128,2D_cyclic,5,tmt_sym,0.000828505,0.000135899,55638.0,39742.0,111276.0,0.000692606
128,2D_cyclic,6,1138_bus,1.0014e-05,9.06e-06,78.0,63.0,156.0,9.539999999999997e-07
128,2D_cyclic,6,Hook_1498,0.005356312,0.000890017,294786.0,81923.0,589572.0,0.004466295
128,2D_cyclic,6,cond-mat-2005,3.6478e-05,1.3113e-05,1040.0,447.0,2080.0,2.3364999999999997e-05
128,2D_cyclic,6,dixmaanl,5.9128e-05,1.3828e-05,7500.0,3281.0,15000.0,4.53e-05
128,2D_cyclic,6,flowmeter0,1.7881e-05,1.0729e-05,865.0,529.0,1730.0,7.152e-06
128,2D_cyclic,6,msdoor,0.00131917,0.00016427,92851.0,22743.0,185702.0,0.0011549
128,2D_cyclic,6,tmt_sym,0.000963926,0.000167608,55638.0,39742.0,111276.0,0.0007963180000000001
128,2D_cyclic,7,1138_bus,9.06e-06,8.106e-06,78.0,63.0,156.0,9.539999999999997e-07
128,2D_cyclic,7,Hook_1498,0.005401611,0.000848532,294786.0,81923.0,589572.0,0.004553079
128,2D_cyclic,7,cond-mat-2005,3.9101e-05,1.5974e-05,1040.0,447.0,2080.0,2.3126999999999997e-05
128,2D_cyclic,7,dixmaanl,5.9128e-05,1.3351e-05,7500.0,3281.0,15000.0,4.5777e-05
128,2D_cyclic,7,flowmeter0,2.0266e-05,1.2875e-05,865.0,529.0,1730.0,7.390999999999999e-06
128,2D_cyclic,7,msdoor,0.00131011,0.000163317,92851.0,22743.0,185702.0,0.001146793
128,2D_cyclic,7,tmt_sym,0.000935078,0.000152826,55638.0,39742.0,111276.0,0.000782252
128,2D_cyclic,8,1138_bus,9.06e-06,8.345e-06,78.0,63.0,156.0,7.149999999999991e-07
128,2D_cyclic,8,Hook_1498,0.005432367,0.000856638,294786.0,81923.0,589572.0,0.004575729
128,2D_cyclic,8,cond-mat-2005,3.5524e-05,1.2636e-05,1040.0,447.0,2080.0,2.2888000000000002e-05
128,2D_cyclic,8,dixmaanl,5.9366e-05,1.3351e-05,7500.0,3281.0,15000.0,4.6015e-05
128,2D_cyclic,8,flowmeter0,1.6928e-05,9.775e-06,865.0,529.0,1730.0,7.153000000000001e-06
128,2D_cyclic,8,msdoor,0.00131917,0.000171423,92851.0,22743.0,185702.0,0.001147747
128,2D_cyclic,8,tmt_sym,0.000910282,0.000150442,55638.0,39742.0,111276.0,0.00075984
128,2D_cyclic,9,1138_bus,8.821e-06,8.106e-06,78.0,63.0,156.0,7.150000000000008e-07
128,2D_cyclic,9,Hook_1498,0.005433798,0.000954866,294786.0,81923.0,589572.0,0.004478932
128,2D_cyclic,9,cond-mat-2005,3.624e-05,1.3351e-05,1040.0,447.0,2080.0,2.2888999999999997e-05
128,2D_cyclic,9,dixmaanl,6.0081e-05,1.4305e-05,7500.0,3281.0,15000.0,4.5776000000000004e-05
128,2D_cyclic,9,flowmeter0,1.7166e-05,1.0014e-05,865.0,529.0,1730.0,7.152000000000002e-06
128,2D_cyclic,9,msdoor,0.001396179,0.000167608,92851.0,22743.0,185702.0,0.001228571
128,2D_cyclic,9,tmt_sym,0.000903845,0.000150681,55638.0,39742.0,111276.0,0.000753164
