num_procs,distribution,run,matrix,elapsed_time,comm_time,local_nz,ghost_entries,local_flops,comp_time
1,1D,0,1138_bus,6.6996e-05,2.0742e-05,2596.0,0.0,5192.0,4.6253999999999995e-05
1,1D,0,Hook_1498,0.099560261,0.000260592,31207734.0,0.0,62415468.0,0.099299669
1,1D,0,cond-mat-2005,0.016097307,0.014877796,175693.0,0.0,351386.0,0.0012195110000000012
1,1D,0,dixmaanl,0.017125845,0.016356945,179999.0,0.0,359998.0,0.0007688999999999994
1,1D,0,flowmeter0,0.01401186,0.013657331,38530.0,0.0,77060.0,0.00035452899999999926
1,1D,0,msdoor,0.032540083,0.000228167,10328399.0,0.0,20656798.0,0.032311915999999996
1,1D,0,tmt_sym,0.013464689,0.000221491,2903837.0,0.0,5807674.0,0.013243198
1,1D,1,1138_bus,7.0095e-05,2.1458e-05,2596.0,0.0,5192.0,4.8637e-05
1,1D,1,Hook_1498,0.099528074,0.000260115,31207734.0,0.0,62415468.0,0.09926795899999999
1,1D,1,cond-mat-2005,0.001090765,1.7405e-05,175693.0,0.0,351386.0,0.00107336
1,1D,1,dixmaanl,0.000791788,1.955e-05,179999.0,0.0,359998.0,0.000772238
1,1D,1,flowmeter0,0.000240326,2.6703e-05,38530.0,0.0,77060.0,0.000213623
1,1D,1,msdoor,0.032591343,0.000235558,10328399.0,0.0,20656798.0,0.032355785000000005
1,1D,1,tmt_sym,0.013461351,0.000219584,2903837.0,0.0,5807674.0,0.013241767
1,1D,2,1138_bus,6.8188e-05,2.2173e-05,2596.0,0.0,5192.0,4.6015000000000006e-05
1,1D,2,Hook_1498,0.099559069,0.000251055,31207734.0,0.0,62415468.0,0.099308014
1,1D,2,cond-mat-2005,0.001091957,3.8147e-05,175693.0,0.0,351386.0,0.0010538099999999999
1,1D,2,dixmaanl,0.000833273,2.0981e-05,179999.0,0.0,359998.0,0.000812292
1,1D,2,flowmeter0,0.000234842,2.2888e-05,38530.0,0.0,77060.0,0.000211954
1,1D,2,msdoor,0.032556295,0.000229836,10328399.0,0.0,20656798.0,0.032326459
1,1D,2,tmt_sym,0.013490915,0.000246525,2903837.0,0.0,5807674.0,0.01324439
1,1D,3,1138_bus,6.7711e-05,1.8835e-05,2596.0,0.0,5192.0,4.8876000000000004e-05
1,1D,3,Hook_1498,0.099651575,0.000262976,31207734.0,0.0,62415468.0,0.09938859900000001
1,1D,3,cond-mat-2005,0.001049757,1.7881e-05,175693.0,0.0,351386.0,0.001031876
1,1D,3,dixmaanl,0.000807762,1.6928e-05,179999.0,0.0,359998.0,0.0007908339999999999
1,1D,3,flowmeter0,0.000260353,1.9073e-05,38530.0,0.0,77060.0,0.00024128000000000002
1,1D,3,msdoor,0.032591581,0.000240803,10328399.0,0.0,20656798.0,0.032350778000000004
1,1D,3,tmt_sym,0.013456821,0.000208378,2903837.0,0.0,5807674.0,0.013248443
1,1D,4,1138_bus,6.6996e-05,2.2888e-05,2596.0,0.0,5192.0,4.410799999999999e-05
1,1D,4,Hook_1498,0.099549055,0.000220537,31207734.0,0.0,62415468.0,0.09932851799999999
1,1D,4,cond-mat-2005,0.001068115,1.9789e-05,175693.0,0.0,351386.0,0.0010483259999999998
1,1D,4,dixmaanl,0.000836134,1.8835e-05,179999.0,0.0,359998.0,0.000817299
1,1D,4,flowmeter0,0.000231266,1.5974e-05,38530.0,0.0,77060.0,0.00021529199999999998
1,1D,4,msdoor,0.032570839,0.000229597,10328399.0,0.0,20656798.0,0.032341242
1,1D,4,tmt_sym,0.013438702,0.000203371,2903837.0,0.0,5807674.0,0.013235331
1,1D,5,1138_bus,6.8426e-05,2.2888e-05,2596.0,0.0,5192.0,4.5538e-05
1,1D,5,Hook_1498,0.099543333,0.000252008,31207734.0,0.0,62415468.0,0.099291325
1,1D,5,cond-mat-2005,0.00107193,1.8358e-05,175693.0,0.0,351386.0,0.001053572
1,1D,5,dixmaanl,0.000808239,1.8358e-05,179999.0,0.0,359998.0,0.000789881
1,1D,5,flowmeter0,0.000243902,2.408e-05,38530.0,0.0,77060.0,0.000219822
1,1D,5,msdoor,0.032585859,0.000240326,10328399.0,0.0,20656798.0,0.032345533
1,1D,5,tmt_sym,0.013455153,0.000199556,2903837.0,0.0,5807674.0,0.013255597
1,1D,6,1138_bus,6.6519e-05,2.2411e-05,2596.0,0.0,5192.0,4.4108000000000005e-05
1,1D,6,Hook_1498,0.099571466,0.000247002,31207734.0,0.0,62415468.0,0.099324464
1,1D,6,cond-mat-2005,0.001058102,1.8358e-05,175693.0,0.0,351386.0,0.001039744
1,1D,6,dixmaanl,0.00078702,2.1935e-05,179999.0,0.0,359998.0,0.000765085
1,1D,6,flowmeter0,0.000264168,5.0068e-05,38530.0,0.0,77060.0,0.0002141
1,1D,6,msdoor,0.032598257,0.000226736,10328399.0,0.0,20656798.0,0.032371521
1,1D,6,tmt_sym,0.013449669,0.000223637,2903837.0,0.0,5807674.0,0.013226031999999999
1,1D,7,1138_bus,6.6996e-05,2.1935e-05,2596.0,0.0,5192.0,4.5060999999999994e-05
1,1D,7,Hook_1498,0.099591255,0.000244856,31207734.0,0.0,62415468.0,0.099346399
1,1D,7,cond-mat-2005,0.001046419,1.9312e-05,175693.0,0.0,351386.0,0.001027107
1,1D,7,dixmaanl,0.000805378,1.7643e-05,179999.0,0.0,359998.0,0.000787735
1,1D,7,flowmeter0,0.000267029,2.5988e-05,38530.0,0.0,77060.0,0.000241041
1,1D,7,msdoor,0.032577276,0.000236511,10328399.0,0.0,20656798.0,0.032340765
1,1D,7,tmt_sym,0.013483047,0.000253677,2903837.0,0.0,5807674.0,0.013229369999999999
1,1D,8,1138_bus,6.938e-05,2.1935e-05,2596.0,0.0,5192.0,4.7445000000000004e-05
1,1D,8,Hook_1498,0.099467754,0.000203848,31207734.0,0.0,62415468.0,0.099263906
1,1D,8,cond-mat-2005,0.001055241,2.1219e-05,175693.0,0.0,351386.0,0.001034022
1,1D,8,dixmaanl,0.000806808,2.0027e-05,179999.0,0.0,359998.0,0.000786781
1,1D,8,flowmeter0,0.000246286,2.3842e-05,38530.0,0.0,77060.0,0.00022244400000000003
1,1D,8,msdoor,0.032600164,0.000240803,10328399.0,0.0,20656798.0,0.032359361
1,1D,8,tmt_sym,0.013455153,0.000227928,2903837.0,0.0,5807674.0,0.013227224999999999
1,1D,9,1138_bus,8.9645e-05,2.0981e-05,2596.0,0.0,5192.0,6.866399999999999e-05
1,1D,9,Hook_1498,0.099577188,0.000264168,31207734.0,0.0,62415468.0,0.09931302
1,1D,9,cond-mat-2005,0.001042604,1.7405e-05,175693.0,0.0,351386.0,0.0010251989999999999
1,1D,9,dixmaanl,0.000802517,1.812e-05,179999.0,0.0,359998.0,0.0007843969999999999
1,1D,9,flowmeter0,0.000251055,2.7657e-05,38530.0,0.0,77060.0,0.00022339799999999998
1,1D,9,msdoor,0.032556295,0.000231743,10328399.0,0.0,20656798.0,0.032324552
1,1D,9,tmt_sym,0.013444901,0.000220776,2903837.0,0.0,5807674.0,0.013224125
2,1D,0,1138_bus,0.024003267,0.023843527,1333.0,300.0,2666.0,0.0001597399999999985
2,1D,0,Hook_1498,0.100432634,0.010386944,15603136.0,744635.0,31206272.0,0.09004569000000001
2,1D,0,cond-mat-2005,0.001569986,0.000347137,88263.0,12310.0,176526.0,0.001222849
2,1D,0,dixmaanl,0.004354,0.0039289,89999.0,29999.0,179998.0,0.0004251000000000003
2,1D,0,flowmeter0,0.00033927,0.000129938,19271.0,4358.0,38542.0,0.00020933200000000003
2,1D,0,msdoor,0.025575876,0.002985954,5144923.0,202562.0,10289846.0,0.022589922000000002
2,1D,0,tmt_sym,0.030023336,0.005909443,1452176.0,363244.0,2904352.0,0.024113893
2,1D,1,1138_bus,0.00011301,7.534e-05,1333.0,300.0,2666.0,3.767000000000001e-05
2,1D,1,Hook_1498,0.099081755,0.008918047,15603136.0,744635.0,31206272.0,0.090163708
2,1D,1,cond-mat-2005,0.001430273,0.000239372,88263.0,12310.0,176526.0,0.0011909009999999999
2,1D,1,dixmaanl,0.000773191,0.000365257,89999.0,29999.0,179998.0,0.000407934
2,1D,1,flowmeter0,0.000336647,0.000123262,19271.0,4358.0,38542.0,0.00021338499999999996
2,1D,1,msdoor,0.025253057,0.002649784,5144923.0,202562.0,10289846.0,0.022603273
2,1D,1,tmt_sym,0.016649485,0.003957987,1452176.0,363244.0,2904352.0,0.012691497999999999
2,1D,2,1138_bus,9.8467e-05,6.9141e-05,1333.0,300.0,2666.0,2.932600000000001e-05
2,1D,2,Hook_1498,0.098613977,0.008539915,15603136.0,744635.0,31206272.0,0.09007406200000001
2,1D,2,cond-mat-2005,0.001465797,0.00025034,88263.0,12310.0,176526.0,0.001215457
2,1D,2,dixmaanl,0.000784874,0.000370741,89999.0,29999.0,179998.0,0.00041413299999999996
2,1D,2,flowmeter0,0.00033021,0.000122786,19271.0,4358.0,38542.0,0.000207424
2,1D,2,msdoor,0.025210381,0.00261569,5144923.0,202562.0,10289846.0,0.022594691
2,1D,2,tmt_sym,0.01632452,0.003695011,1452176.0,363244.0,2904352.0,0.012629508999999999
2,1D,3,1138_bus,9.7752e-05,6.9857e-05,1333.0,300.0,2666.0,2.789499999999999e-05
2,1D,3,Hook_1498,0.105887651,0.008221388,15603136.0,744635.0,31206272.0,0.097666263
2,1D,3,cond-mat-2005,0.001441956,0.000245094,88263.0,12310.0,176526.0,0.0011968620000000001
2,1D,3,dixmaanl,0.00078845,0.000344515,89999.0,29999.0,179998.0,0.000443935
2,1D,3,flowmeter0,0.000331163,0.000126123,19271.0,4358.0,38542.0,0.00020503999999999997
2,1D,3,msdoor,0.025165558,0.002543449,5144923.0,202562.0,10289846.0,0.022622109
2,1D,3,tmt_sym,0.015996933,0.003363848,1452176.0,363244.0,2904352.0,0.012633085000000002
2,1D,4,1138_bus,9.7036e-05,6.938e-05,1333.0,300.0,2666.0,2.7655999999999994e-05
2,1D,4,Hook_1498,0.09803009,0.007957935,15603136.0,744635.0,31206272.0,0.090072155
2,1D,4,cond-mat-2005,0.001457453,0.000247002,88263.0,12310.0,176526.0,0.001210451
2,1D,4,dixmaanl,0.000799179,0.00036788,89999.0,29999.0,179998.0,0.000431299
2,1D,4,flowmeter0,0.000314713,0.000100374,19271.0,4358.0,38542.0,0.000214339
2,1D,4,msdoor,0.024992704,0.002444029,5144923.0,202562.0,10289846.0,0.022548675
2,1D,4,tmt_sym,0.030397654,0.008907318,1452176.0,363244.0,2904352.0,0.021490336
2,1D,5,1138_bus,9.5129e-05,6.6996e-05,1333.0,300.0,2666.0,2.813300000000001e-05
2,1D,5,Hook_1498,0.09793663,0.008014441,15603136.0,744635.0,31206272.0,0.089922189
2,1D,5,cond-mat-2005,0.001451969,0.000246763,88263.0,12310.0,176526.0,0.001205206
2,1D,5,dixmaanl,0.000787973,0.000370502,89999.0,29999.0,179998.0,0.000417471
2,1D,5,flowmeter0,0.000306129,9.9182e-05,19271.0,4358.0,38542.0,0.00020694699999999997
2,1D,5,msdoor,0.024919748,0.002306938,5144923.0,202562.0,10289846.0,0.022612809999999997
2,1D,5,tmt_sym,0.015686989,0.003035307,1452176.0,363244.0,2904352.0,0.012651681999999997
2,1D,6,1138_bus,9.3937e-05,6.7711e-05,1333.0,300.0,2666.0,2.6226000000000003e-05
2,1D,6,Hook_1498,0.097696304,0.007670641,15603136.0,744635.0,31206272.0,0.09002566299999999
2,1D,6,cond-mat-2005,0.001456499,0.000250816,88263.0,12310.0,176526.0,0.001205683
2,1D,6,dixmaanl,0.000779152,0.000362396,89999.0,29999.0,179998.0,0.00041675599999999995
2,1D,6,flowmeter0,0.000319481,0.00011158,19271.0,4358.0,38542.0,0.00020790099999999997
2,1D,6,msdoor,0.024867058,0.002272129,5144923.0,202562.0,10289846.0,0.022594929
2,1D,6,tmt_sym,0.015792131,0.00310874,1452176.0,363244.0,2904352.0,0.012683391
2,1D,7,1138_bus,9.4175e-05,6.9141e-05,1333.0,300.0,2666.0,2.5034000000000005e-05
2,1D,7,Hook_1498,0.097546101,0.007529974,15603136.0,744635.0,31206272.0,0.090016127
2,1D,7,cond-mat-2005,0.0014503,0.000243902,88263.0,12310.0,176526.0,0.001206398
2,1D,7,dixmaanl,0.000798941,0.000359058,89999.0,29999.0,179998.0,0.00043988299999999996
2,1D,7,flowmeter0,0.000307083,9.9421e-05,19271.0,4358.0,38542.0,0.000207662
2,1D,7,msdoor,0.024773836,0.002240181,5144923.0,202562.0,10289846.0,0.022533655
2,1D,7,tmt_sym,0.015723705,0.003077745,1452176.0,363244.0,2904352.0,0.012645960000000001
2,1D,8,1138_bus,0.000104666,6.8188e-05,1333.0,300.0,2666.0,3.6478e-05
2,1D,8,Hook_1498,0.097454786,0.007495642,15603136.0,744635.0,31206272.0,0.089959144
2,1D,8,cond-mat-2005,0.014072657,0.012857199,88263.0,12310.0,176526.0,0.0012154580000000009
2,1D,8,dixmaanl,0.000793695,0.00036788,89999.0,29999.0,179998.0,0.00042581499999999996
2,1D,8,flowmeter0,0.000303984,9.799e-05,19271.0,4358.0,38542.0,0.00020599399999999998
2,1D,8,msdoor,0.024736404,0.002107859,5144923.0,202562.0,10289846.0,0.022628545
2,1D,8,tmt_sym,0.015813351,0.003065825,1452176.0,363244.0,2904352.0,0.012747526
2,1D,9,1138_bus,9.2745e-05,6.7711e-05,1333.0,300.0,2666.0,2.503399999999999e-05
2,1D,9,Hook_1498,0.107400179,0.007431269,15603136.0,744635.0,31206272.0,0.09996891
2,1D,9,cond-mat-2005,0.001463413,0.000243187,88263.0,12310.0,176526.0,0.001220226
2,1D,9,dixmaanl,0.013784885,0.00036025,89999.0,29999.0,179998.0,0.013424635
2,1D,9,flowmeter0,0.000292301,8.9884e-05,19271.0,4358.0,38542.0,0.00020241700000000004
2,1D,9,msdoor,0.02454567,0.002024174,5144923.0,202562.0,10289846.0,0.022521496
2,1D,9,tmt_sym,0.015804291,0.003121853,1452176.0,363244.0,2904352.0,0.012682438
2,2D,0,1138_bus,0.004894733,0.00485611,1429.0,284.0,2858.0,3.862299999999978e-05
2,2D,0,Hook_1498,0.108182669,0.006094217,15771362.0,374506.0,31542724.0,0.102088452
2,2D,0,cond-mat-2005,0.002386808,0.000277519,151319.0,8131.0,302638.0,0.002109289
2,2D,0,dixmaanl,0.000871897,0.000231504,110000.0,15000.0,220000.0,0.000640393
2,2D,0,flowmeter0,0.000325203,0.000101805,19324.0,2417.0,38648.0,0.00022339799999999998
2,2D,0,msdoor,0.024998665,0.001780987,5658766.0,103966.0,11317532.0,0.023217678
2,2D,0,tmt_sym,0.027433395,0.010658264,1452885.0,181678.0,2905770.0,0.016775131
2,2D,1,1138_bus,6.175e-05,3.171e-05,1429.0,284.0,2858.0,3.0039999999999997e-05
2,2D,1,Hook_1498,0.095321894,0.005011082,15771362.0,374506.0,31542724.0,0.090310812
2,2D,1,cond-mat-2005,0.002331257,0.00023222,151319.0,8131.0,302638.0,0.002099037
2,2D,1,dixmaanl,0.000876665,0.000233173,110000.0,15000.0,220000.0,0.000643492
2,2D,1,flowmeter0,0.000312805,7.8917e-05,19324.0,2417.0,38648.0,0.00023388799999999997
2,2D,1,msdoor,0.024852991,0.001628399,5658766.0,103966.0,11317532.0,0.023224592000000002
2,2D,1,tmt_sym,0.012928009,0.002470732,1452885.0,181678.0,2905770.0,0.010457277000000001
2,2D,2,1138_bus,5.7459e-05,3.0279e-05,1429.0,284.0,2858.0,2.718e-05
2,2D,2,Hook_1498,0.095254898,0.004884958,15771362.0,374506.0,31542724.0,0.09036994000000001
2,2D,2,cond-mat-2005,0.002416849,0.000296354,151319.0,8131.0,302638.0,0.002120495
2,2D,2,dixmaanl,0.000835896,0.000218153,110000.0,15000.0,220000.0,0.000617743
2,2D,2,flowmeter0,0.0003016,7.9393e-05,19324.0,2417.0,38648.0,0.000222207
2,2D,2,msdoor,0.02466011,0.001559258,5658766.0,103966.0,11317532.0,0.023100851999999998
2,2D,2,tmt_sym,0.013007164,0.002406359,1452885.0,181678.0,2905770.0,0.010600805
2,2D,3,1138_bus,5.579e-05,3.0279e-05,1429.0,284.0,2858.0,2.5511e-05
2,2D,3,Hook_1498,0.095189333,0.004910946,15771362.0,374506.0,31542724.0,0.090278387
2,2D,3,cond-mat-2005,0.00232625,0.000236273,151319.0,8131.0,302638.0,0.0020899770000000002
2,2D,3,dixmaanl,0.000845671,0.000221729,110000.0,15000.0,220000.0,0.0006239419999999999
2,2D,3,flowmeter0,0.000297546,7.987e-05,19324.0,2417.0,38648.0,0.00021767599999999998
2,2D,3,msdoor,0.024701118,0.001556396,5658766.0,103966.0,11317532.0,0.023144722
2,2D,3,tmt_sym,0.027917385,0.009863138,1452885.0,181678.0,2905770.0,0.018054247
2,2D,4,1138_bus,5.5552e-05,3.0756e-05,1429.0,284.0,2858.0,2.4795999999999998e-05
2,2D,4,Hook_1498,0.095143795,0.004774094,15771362.0,374506.0,31542724.0,0.090369701
2,2D,4,cond-mat-2005,0.002337456,0.000236988,151319.0,8131.0,302638.0,0.002100468
2,2D,4,dixmaanl,0.000865936,0.000248671,110000.0,15000.0,220000.0,0.000617265
2,2D,4,flowmeter0,0.000297785,7.844e-05,19324.0,2417.0,38648.0,0.00021934500000000002
2,2D,4,msdoor,0.024607897,0.001416922,5658766.0,103966.0,11317532.0,0.023190975
2,2D,4,tmt_sym,0.012685061,0.002189875,1452885.0,181678.0,2905770.0,0.010495186
2,2D,5,1138_bus,5.579e-05,3.0041e-05,1429.0,284.0,2858.0,2.5749e-05
2,2D,5,Hook_1498,0.09504962,0.004805803,15771362.0,374506.0,31542724.0,0.090243817
2,2D,5,cond-mat-2005,0.013630867,0.011514425,151319.0,8131.0,302638.0,0.0021164419999999996
2,2D,5,dixmaanl,0.000859976,0.000221252,110000.0,15000.0,220000.0,0.000638724
2,2D,5,flowmeter0,0.000301838,8.1778e-05,19324.0,2417.0,38648.0,0.00022006
2,2D,5,msdoor,0.024632931,0.001408577,5658766.0,103966.0,11317532.0,0.023224354
2,2D,5,tmt_sym,0.012584448,0.002091408,1452885.0,181678.0,2905770.0,0.01049304
2,2D,6,1138_bus,5.9605e-05,3.4809e-05,1429.0,284.0,2858.0,2.4796000000000005e-05
2,2D,6,Hook_1498,0.094957113,0.004686594,15771362.0,374506.0,31542724.0,0.090270519
2,2D,6,cond-mat-2005,0.002342939,0.000237942,151319.0,8131.0,302638.0,0.002104997
2,2D,6,dixmaanl,0.000877142,0.000232935,110000.0,15000.0,220000.0,0.000644207
2,2D,6,flowmeter0,0.0002985,7.6532e-05,19324.0,2417.0,38648.0,0.00022196799999999999
2,2D,6,msdoor,0.024589062,0.001381874,5658766.0,103966.0,11317532.0,0.023207187999999997
2,2D,6,tmt_sym,0.034752131,0.010220528,1452885.0,181678.0,2905770.0,0.024531603
2,2D,7,1138_bus,5.4598e-05,2.9325e-05,1429.0,284.0,2858.0,2.5273e-05
2,2D,7,Hook_1498,0.09528327,0.004484892,15771362.0,374506.0,31542724.0,0.090798378
2,2D,7,cond-mat-2005,0.002338648,0.000239611,151319.0,8131.0,302638.0,0.002099037
2,2D,7,dixmaanl,0.000869036,0.000219107,110000.0,15000.0,220000.0,0.000649929
2,2D,7,flowmeter0,0.000298977,8.4162e-05,19324.0,2417.0,38648.0,0.00021481500000000004
2,2D,7,msdoor,0.024604082,0.001387119,5658766.0,103966.0,11317532.0,0.023216963
2,2D,7,tmt_sym,0.012490273,0.001989841,1452885.0,181678.0,2905770.0,0.010500432
2,2D,8,1138_bus,5.8651e-05,2.9802e-05,1429.0,284.0,2858.0,2.8848999999999998e-05
2,2D,8,Hook_1498,0.10751009,0.004496098,15771362.0,374506.0,31542724.0,0.103013992
2,2D,8,cond-mat-2005,0.002328396,0.000233412,151319.0,8131.0,302638.0,0.002094984
2,2D,8,dixmaanl,0.000846386,0.000218391,110000.0,15000.0,220000.0,0.000627995
2,2D,8,flowmeter0,0.000313044,8.1301e-05,19324.0,2417.0,38648.0,0.00023174300000000002
2,2D,8,msdoor,0.024316311,0.001269579,5658766.0,103966.0,11317532.0,0.023046732
2,2D,8,tmt_sym,0.012449265,0.001936436,1452885.0,181678.0,2905770.0,0.010512829
2,2D,9,1138_bus,4.5061e-05,1.9789e-05,1429.0,284.0,2858.0,2.5272e-05
2,2D,9,Hook_1498,0.094908714,0.004506588,15771362.0,374506.0,31542724.0,0.090402126
2,2D,9,cond-mat-2005,0.002342224,0.000229359,151319.0,8131.0,302638.0,0.002112865
2,2D,9,dixmaanl,0.000827074,0.000218391,110000.0,15000.0,220000.0,0.000608683
2,2D,9,flowmeter0,0.000295401,8.0109e-05,19324.0,2417.0,38648.0,0.00021529199999999998
2,2D,9,msdoor,0.024529457,0.001316786,5658766.0,103966.0,11317532.0,0.023212671
2,2D,9,tmt_sym,0.033949375,0.009219885,1452885.0,181678.0,2905770.0,0.024729489999999996
2,2D_cyclic,0,1138_bus,3.9101e-05,9.298e-06,1297.0,0.0,2594.0,2.9803e-05
2,2D_cyclic,0,Hook_1498,0.058583498,0.000151634,15604795.0,0.0,31209590.0,0.058431864
2,2D_cyclic,0,cond-mat-2005,0.000806332,1.0729e-05,88229.0,0.0,176458.0,0.000795603
2,2D_cyclic,0,dixmaanl,0.000566959,1.2636e-05,90000.0,0.0,180000.0,0.000554323
2,2D_cyclic,0,flowmeter0,0.000162601,1.1444e-05,19283.0,0.0,38566.0,0.00015115700000000002
2,2D_cyclic,0,msdoor,0.028647423,0.010756493,5177581.0,0.0,10355162.0,0.01789093
2,2D_cyclic,0,tmt_sym,0.015297651,0.006548405,1451920.0,0.0,2903840.0,0.008749246
2,2D_cyclic,1,1138_bus,2.7895e-05,5.96e-06,1297.0,0.0,2594.0,2.1935e-05
2,2D_cyclic,1,Hook_1498,0.058696508,0.00016427,15604795.0,0.0,31209590.0,0.058532238
2,2D_cyclic,1,cond-mat-2005,0.000802279,1.0014e-05,88229.0,0.0,176458.0,0.000792265
2,2D_cyclic,1,dixmaanl,0.000567198,1.1683e-05,90000.0,0.0,180000.0,0.000555515
2,2D_cyclic,1,flowmeter0,0.000160694,9.775e-06,19283.0,0.0,38566.0,0.00015091899999999998
2,2D_cyclic,1,msdoor,0.017899513,0.000140905,5177581.0,0.0,10355162.0,0.017758608
2,2D_cyclic,1,tmt_sym,0.019000053,0.010244608,1451920.0,0.0,2903840.0,0.008755444999999999
2,2D_cyclic,2,1138_bus,3.0518e-05,7.391e-06,1297.0,0.0,2594.0,2.3127e-05
2,2D_cyclic,2,Hook_1498,0.058534384,0.000155449,15604795.0,0.0,31209590.0,0.058378935
2,2D_cyclic,2,cond-mat-2005,0.000794888,9.298e-06,88229.0,0.0,176458.0,0.00078559
2,2D_cyclic,2,dixmaanl,0.000591516,1.359e-05,90000.0,0.0,180000.0,0.0005779260000000001
2,2D_cyclic,2,flowmeter0,0.000173807,1.2636e-05,19283.0,0.0,38566.0,0.000161171
2,2D_cyclic,2,msdoor,0.017902851,0.000135183,5177581.0,0.0,10355162.0,0.017767668
2,2D_cyclic,2,tmt_sym,0.018987894,0.010263443,1451920.0,0.0,2903840.0,0.008724451000000001
2,2D_cyclic,3,1138_bus,3.2425e-05,7.391e-06,1297.0,0.0,2594.0,2.5034e-05
2,2D_cyclic,3,Hook_1498,0.058607817,0.0001688,15604795.0,0.0,31209590.0,0.058439017
2,2D_cyclic,3,cond-mat-2005,0.00077486,1.359e-05,88229.0,0.0,176458.0,0.0007612700000000001
2,2D_cyclic,3,dixmaanl,0.000563622,1.049e-05,90000.0,0.0,180000.0,0.0005531319999999999
2,2D_cyclic,3,flowmeter0,0.00015378,1.0252e-05,19283.0,0.0,38566.0,0.000143528
2,2D_cyclic,3,msdoor,0.01789546,0.000161648,5177581.0,0.0,10355162.0,0.017733811999999998
2,2D_cyclic,3,tmt_sym,0.018959284,0.010195017,1451920.0,0.0,2903840.0,0.008764267
2,2D_cyclic,4,1138_bus,3.314e-05,8.821e-06,1297.0,0.0,2594.0,2.4318999999999995e-05
2,2D_cyclic,4,Hook_1498,0.058589697,0.000175238,15604795.0,0.0,31209590.0,0.058414459
2,2D_cyclic,4,cond-mat-2005,0.000785351,1.3113e-05,88229.0,0.0,176458.0,0.000772238
2,2D_cyclic,4,dixmaanl,0.000559092,1.1921e-05,90000.0,0.0,180000.0,0.0005471709999999999
2,2D_cyclic,4,flowmeter0,0.000158548,1.0252e-05,19283.0,0.0,38566.0,0.000148296
2,2D_cyclic,4,msdoor,0.017907858,0.000151157,5177581.0,0.0,10355162.0,0.017756701
2,2D_cyclic,4,tmt_sym,0.02098465,0.012206316,1451920.0,0.0,2903840.0,0.008778334
2,2D_cyclic,5,1138_bus,3.2902e-05,7.629e-06,1297.0,0.0,2594.0,2.5272999999999997e-05
2,2D_cyclic,5,Hook_1498,0.058547258,0.000174999,15604795.0,0.0,31209590.0,0.058372258999999996
2,2D_cyclic,5,cond-mat-2005,0.000787735,1.049e-05,88229.0,0.0,176458.0,0.000777245
2,2D_cyclic,5,dixmaanl,0.000580072,1.359e-05,90000.0,0.0,180000.0,0.0005664820000000001
2,2D_cyclic,5,flowmeter0,0.000154257,9.537e-06,19283.0,0.0,38566.0,0.00014472
2,2D_cyclic,5,msdoor,0.017889261,0.000139236,5177581.0,0.0,10355162.0,0.017750025
2,2D_cyclic,5,tmt_sym,0.008829355,0.000139236,1451920.0,0.0,2903840.0,0.008690119000000001
2,2D_cyclic,6,1138_bus,3.4332e-05,6.676e-06,1297.0,0.0,2594.0,2.7656e-05
2,2D_cyclic,6,Hook_1498,0.058593273,0.000167847,15604795.0,0.0,31209590.0,0.058425426
2,2D_cyclic,6,cond-mat-2005,0.000795364,1.0967e-05,88229.0,0.0,176458.0,0.000784397
2,2D_cyclic,6,dixmaanl,0.000570059,1.3351e-05,90000.0,0.0,180000.0,0.000556708
2,2D_cyclic,6,flowmeter0,0.000156403,1.1206e-05,19283.0,0.0,38566.0,0.000145197
2,2D_cyclic,6,msdoor,0.017934322,0.000132561,5177581.0,0.0,10355162.0,0.017801761
2,2D_cyclic,6,tmt_sym,0.019002438,0.010207653,1451920.0,0.0,2903840.0,0.008794785
2,2D_cyclic,7,1138_bus,3.0518e-05,7.391e-06,1297.0,0.0,2594.0,2.3127e-05
2,2D_cyclic,7,Hook_1498,0.058589935,0.000174284,15604795.0,0.0,31209590.0,0.058415651000000006
2,2D_cyclic,7,cond-mat-2005,0.000794888,1.1683e-05,88229.0,0.0,176458.0,0.000783205
2,2D_cyclic,7,dixmaanl,0.00057888,1.5259e-05,90000.0,0.0,180000.0,0.000563621
2,2D_cyclic,7,flowmeter0,0.000164747,1.0967e-05,19283.0,0.0,38566.0,0.00015378
2,2D_cyclic,7,msdoor,0.017953634,0.000154257,5177581.0,0.0,10355162.0,0.017799376999999998
2,2D_cyclic,7,tmt_sym,0.018966436,0.010182381,1451920.0,0.0,2903840.0,0.008784054999999999
2,2D_cyclic,8,1138_bus,3.1948e-05,6.914e-06,1297.0,0.0,2594.0,2.5033999999999998e-05
2,2D_cyclic,8,Hook_1498,0.058559895,0.000186682,15604795.0,0.0,31209590.0,0.058373213
2,2D_cyclic,8,cond-mat-2005,0.000779629,1.2398e-05,88229.0,0.0,176458.0,0.000767231
2,2D_cyclic,8,dixmaanl,0.000568867,1.3828e-05,90000.0,0.0,180000.0,0.000555039
2,2D_cyclic,8,flowmeter0,0.000176668,2.3127e-05,19283.0,0.0,38566.0,0.00015354099999999999
2,2D_cyclic,8,msdoor,0.017900944,0.000137091,5177581.0,0.0,10355162.0,0.017763853
2,2D_cyclic,8,tmt_sym,0.018964052,0.010185242,1451920.0,0.0,2903840.0,0.008778809999999998
2,2D_cyclic,9,1138_bus,2.8372e-05,6.914e-06,1297.0,0.0,2594.0,2.1457999999999997e-05
2,2D_cyclic,9,Hook_1498,0.058751583,0.000172377,15604795.0,0.0,31209590.0,0.058579206
2,2D_cyclic,9,cond-mat-2005,0.000795841,2.5988e-05,88229.0,0.0,176458.0,0.000769853
2,2D_cyclic,9,dixmaanl,0.000567436,1.359e-05,90000.0,0.0,180000.0,0.0005538460000000001
2,2D_cyclic,9,flowmeter0,0.000153065,9.775e-06,19283.0,0.0,38566.0,0.00014329
2,2D_cyclic,9,msdoor,0.017916679,0.000140429,5177581.0,0.0,10355162.0,0.01777625
2,2D_cyclic,9,tmt_sym,0.018972635,0.010210514,1451920.0,0.0,2903840.0,0.008762121000000001
4,1D,0,1138_bus,0.026099205,0.025988817,665.0,247.0,1330.0,0.00011038799999999946
4,1D,0,Hook_1498,0.735152483,0.623999119,7802548.0,1087032.0,15605096.0,0.11115336399999998
4,1D,0,cond-mat-2005,0.026569605,0.026013613,44345.0,13288.0,88690.0,0.0005559919999999982
4,1D,0,dixmaanl,0.00686264,0.006565809,44999.0,14999.0,89998.0,0.000296831
4,1D,0,flowmeter0,0.026160479,0.025987625,9635.0,4313.0,19270.0,0.00017285400000000006
4,1D,0,msdoor,0.233958006,0.20599246,2558744.0,295524.0,5117488.0,0.027965546000000008
4,1D,0,tmt_sym,0.154488802,0.148334265,726120.0,363253.0,1452240.0,0.0061545370000000155
4,1D,1,1138_bus,0.025970459,0.025866032,665.0,247.0,1330.0,0.00010442700000000069
4,1D,1,Hook_1498,0.724267721,0.613060951,7802548.0,1087032.0,15605096.0,0.11120677000000001
4,1D,1,cond-mat-2005,0.025949955,0.025403976,44345.0,13288.0,88690.0,0.0005459789999999985
4,1D,1,dixmaanl,0.015977144,0.015675545,44999.0,14999.0,89998.0,0.0003015989999999996
4,1D,1,flowmeter0,0.025992632,0.025813341,9635.0,4313.0,19270.0,0.00017929100000000156
4,1D,1,msdoor,0.230989695,0.203070641,2558744.0,295524.0,5117488.0,0.027919054
4,1D,1,tmt_sym,0.150040865,0.14402771,726120.0,363253.0,1452240.0,0.006013154999999992
4,1D,2,1138_bus,0.02598834,0.025874615,665.0,247.0,1330.0,0.00011372499999999855
4,1D,2,Hook_1498,0.735191822,0.624007463,7802548.0,1087032.0,15605096.0,0.11118435900000001
4,1D,2,cond-mat-2005,0.021016121,0.020468473,44345.0,13288.0,88690.0,0.0005476479999999978
4,1D,2,dixmaanl,0.015959024,0.015670061,44999.0,14999.0,89998.0,0.0002889629999999997
4,1D,2,flowmeter0,0.025977612,0.025806189,9635.0,4313.0,19270.0,0.0001714230000000004
4,1D,2,msdoor,0.226640463,0.198611498,2558744.0,295524.0,5117488.0,0.02802896499999999
4,1D,2,tmt_sym,0.153010368,0.146912098,726120.0,363253.0,1452240.0,0.006098270000000017
4,1D,3,1138_bus,0.025982857,0.025878191,665.0,247.0,1330.0,0.00010466600000000326
4,1D,3,Hook_1498,0.729940176,0.616774559,7802548.0,1087032.0,15605096.0,0.11316561700000005
4,1D,3,cond-mat-2005,0.023710012,0.023158073,44345.0,13288.0,88690.0,0.0005519389999999978
4,1D,3,dixmaanl,0.015940905,0.015668631,44999.0,14999.0,89998.0,0.00027227399999999943
4,1D,3,flowmeter0,0.026006937,0.025829554,9635.0,4313.0,19270.0,0.0001773829999999997
4,1D,3,msdoor,0.232005358,0.20393014,2558744.0,295524.0,5117488.0,0.028075217999999985
4,1D,3,tmt_sym,0.15285778,0.14674449,726120.0,363253.0,1452240.0,0.0061132899999999935
4,1D,4,1138_bus,0.026000261,0.025891304,665.0,247.0,1330.0,0.0001089569999999998
4,1D,4,Hook_1498,0.733192921,0.62200141,7802548.0,1087032.0,15605096.0,0.11119151100000002
4,1D,4,cond-mat-2005,0.023708344,0.023155928,44345.0,13288.0,88690.0,0.000552416
4,1D,4,dixmaanl,0.015949249,0.015667677,44999.0,14999.0,89998.0,0.0002815719999999973
4,1D,4,flowmeter0,0.0216465,0.021466732,9635.0,4313.0,19270.0,0.0001797680000000003
4,1D,4,msdoor,0.2355268,0.207596064,2558744.0,295524.0,5117488.0,0.02793073600000001
4,1D,4,tmt_sym,0.151845217,0.145799875,726120.0,363253.0,1452240.0,0.006045342000000009
4,1D,5,1138_bus,0.025983334,0.025877476,665.0,247.0,1330.0,0.00010585800000000034
4,1D,5,Hook_1498,0.737311602,0.626081944,7802548.0,1087032.0,15605096.0,0.11122965800000006
4,1D,5,cond-mat-2005,0.023723125,0.02317071,44345.0,13288.0,88690.0,0.0005524150000000005
4,1D,5,dixmaanl,0.015959024,0.015672922,44999.0,14999.0,89998.0,0.0002861019999999999
4,1D,5,flowmeter0,0.02163887,0.021473646,9635.0,4313.0,19270.0,0.000165224000000002
4,1D,5,msdoor,0.233914614,0.206023216,2558744.0,295524.0,5117488.0,0.027891397999999984
4,1D,5,tmt_sym,0.15380168,0.147739649,726120.0,363253.0,1452240.0,0.0060620309999999955
4,1D,6,1138_bus,0.026988268,0.026881456,665.0,247.0,1330.0,0.0001068119999999978
4,1D,6,Hook_1498,0.735175371,0.624001026,7802548.0,1087032.0,15605096.0,0.11117434500000001
4,1D,6,cond-mat-2005,0.023940325,0.023154497,44345.0,13288.0,88690.0,0.0007858279999999988
4,1D,6,dixmaanl,0.005085707,0.00487566,44999.0,14999.0,89998.0,0.00021004699999999966
4,1D,6,flowmeter0,0.021648407,0.021473169,9635.0,4313.0,19270.0,0.00017523800000000117
4,1D,6,msdoor,0.22592473,0.198006868,2558744.0,295524.0,5117488.0,0.027917861999999988
4,1D,6,tmt_sym,0.162021399,0.156034946,726120.0,363253.0,1452240.0,0.005986453000000003
4,1D,7,1138_bus,0.024156809,0.024049282,665.0,247.0,1330.0,0.00010752699999999962
4,1D,7,Hook_1498,0.726611137,0.615605831,7802548.0,1087032.0,15605096.0,0.11100530600000003
4,1D,7,cond-mat-2005,0.017878294,0.017114878,44345.0,13288.0,88690.0,0.0007634159999999994
4,1D,7,dixmaanl,0.004986048,0.004776478,44999.0,14999.0,89998.0,0.00020957000000000007
4,1D,7,flowmeter0,0.021640301,0.021473408,9635.0,4313.0,19270.0,0.0001668930000000013
4,1D,7,msdoor,0.235963821,0.208009243,2558744.0,295524.0,5117488.0,0.02795457799999998
4,1D,7,tmt_sym,0.157062054,0.150974512,726120.0,363253.0,1452240.0,0.006087542000000001
4,1D,8,1138_bus,0.024132729,0.024023533,665.0,247.0,1330.0,0.0001091959999999989
4,1D,8,Hook_1498,0.735180616,0.623995304,7802548.0,1087032.0,15605096.0,0.11118531199999993
4,1D,8,cond-mat-2005,0.017596483,0.01712203,44345.0,13288.0,88690.0,0.0004744529999999997
4,1D,8,dixmaanl,0.004924774,0.00472784,44999.0,14999.0,89998.0,0.00019693400000000017
4,1D,8,flowmeter0,0.021640539,0.0214746,9635.0,4313.0,19270.0,0.00016593900000000036
4,1D,8,msdoor,0.234017611,0.205999613,2558744.0,295524.0,5117488.0,0.02801799799999999
4,1D,8,tmt_sym,0.162194967,0.156028271,726120.0,363253.0,1452240.0,0.006166695999999999
4,1D,9,1138_bus,0.022686243,0.022578955,665.0,247.0,1330.0,0.00010728799999999705
4,1D,9,Hook_1498,0.729001045,0.618007421,7802548.0,1087032.0,15605096.0,0.11099362400000001
4,1D,9,cond-mat-2005,0.017968416,0.017498016,44345.0,13288.0,88690.0,0.0004703999999999993
4,1D,9,dixmaanl,0.004912138,0.004714489,44999.0,14999.0,89998.0,0.00019764900000000026
4,1D,9,flowmeter0,0.022156715,0.021968842,9635.0,4313.0,19270.0,0.0001878730000000016
4,1D,9,msdoor,0.236047268,0.208004951,2558744.0,295524.0,5117488.0,0.02804231700000001
4,1D,9,tmt_sym,0.155818224,0.149795771,726120.0,363253.0,1452240.0,0.006022453000000011
4,2D,0,1138_bus,0.026109457,0.025993586,1289.0,426.0,2578.0,0.00011587100000000003
4,2D,0,Hook_1498,0.39153862,0.176478386,15524280.0,561759.0,31048560.0,0.21506023400000002
4,2D,0,cond-mat-2005,0.022634029,0.021465063,100606.0,11098.0,201212.0,0.0011689660000000004
4,2D,0,dixmaanl,0.026386023,0.025999784,69999.0,22500.0,139998.0,0.000386239
4,2D,0,flowmeter0,0.01787138,0.013556242,19203.0,3626.0,38406.0,0.004315138
4,2D,0,msdoor,0.113390446,0.078018904,4823733.0,155949.0,9647466.0,0.035371542000000006
4,2D,0,tmt_sym,0.113347054,0.104034185,1450962.0,272517.0,2901924.0,0.009312869000000001
4,2D,1,1138_bus,0.03497839,0.034866571,1289.0,426.0,2578.0,0.00011181899999999911
4,2D,1,Hook_1498,0.389559507,0.174890041,15524280.0,561759.0,31048560.0,0.21466946600000003
4,2D,1,cond-mat-2005,0.022692204,0.021527767,100606.0,11098.0,201212.0,0.0011644370000000008
4,2D,1,dixmaanl,0.026001692,0.025589705,69999.0,22500.0,139998.0,0.0004119869999999991
4,2D,1,flowmeter0,0.018048763,0.013633728,19203.0,3626.0,38406.0,0.0044150349999999994
4,2D,1,msdoor,0.103936672,0.068577051,4823733.0,155949.0,9647466.0,0.035359620999999994
4,2D,1,tmt_sym,0.103902578,0.094639301,1450962.0,272517.0,2901924.0,0.009263277
4,2D,2,1138_bus,0.025989056,0.025875807,1289.0,426.0,2578.0,0.0001132489999999993
4,2D,2,Hook_1498,0.389220715,0.174515963,15524280.0,561759.0,31048560.0,0.214704752
4,2D,2,cond-mat-2005,0.024678707,0.023520947,100606.0,11098.0,201212.0,0.0011577600000000007
4,2D,2,dixmaanl,0.025982141,0.025566101,69999.0,22500.0,139998.0,0.00041603999999999947
4,2D,2,flowmeter0,0.026781797,0.013592958,19203.0,3626.0,38406.0,0.013188838999999999
4,2D,2,msdoor,0.113408089,0.078024387,4823733.0,155949.0,9647466.0,0.035383702
4,2D,2,tmt_sym,0.104021311,0.094702244,1450962.0,272517.0,2901924.0,0.009319067
4,2D,3,1138_bus,0.030353546,0.025883913,1289.0,426.0,2578.0,0.004469632999999997
4,2D,3,Hook_1498,0.396767139,0.18202734,15524280.0,561759.0,31048560.0,0.21473979899999998
4,2D,3,cond-mat-2005,0.024706841,0.023526907,100606.0,11098.0,201212.0,0.0011799340000000005
4,2D,3,dixmaanl,0.025967836,0.025567055,69999.0,22500.0,139998.0,0.00040078099999999936
4,2D,3,flowmeter0,0.025042057,0.024787903,19203.0,3626.0,38406.0,0.0002541539999999995
4,2D,3,msdoor,0.104047775,0.068705797,4823733.0,155949.0,9647466.0,0.035341977999999996
4,2D,3,tmt_sym,0.1039958,0.094639063,1450962.0,272517.0,2901924.0,0.009356737000000004
4,2D,4,1138_bus,0.013540983,0.013525724,1289.0,426.0,2578.0,1.5259000000000106e-05
4,2D,4,Hook_1498,0.389993906,0.175213099,15524280.0,561759.0,31048560.0,0.214780807
4,2D,4,cond-mat-2005,0.02466917,0.023523808,100606.0,11098.0,201212.0,0.0011453620000000005
4,2D,4,dixmaanl,0.025997162,0.025582314,69999.0,22500.0,139998.0,0.0004148480000000024
4,2D,4,flowmeter0,0.025884867,0.025625229,19203.0,3626.0,38406.0,0.00025963799999999954
4,2D,4,msdoor,0.103873968,0.068477631,4823733.0,155949.0,9647466.0,0.035396337
4,2D,4,tmt_sym,0.102020979,0.092604876,1450962.0,272517.0,2901924.0,0.009416102999999995
4,2D,5,1138_bus,0.026039362,0.026001692,1289.0,426.0,2578.0,3.7670000000000065e-05
4,2D,5,Hook_1498,0.389975786,0.175168753,15524280.0,561759.0,31048560.0,0.21480703299999998
4,2D,5,cond-mat-2005,0.024691343,0.023544073,100606.0,11098.0,201212.0,0.0011472700000000023
4,2D,5,dixmaanl,0.025977373,0.025568247,69999.0,22500.0,139998.0,0.0004091260000000027
4,2D,5,flowmeter0,0.025879145,0.025624752,19203.0,3626.0,38406.0,0.0002543929999999986
4,2D,5,msdoor,0.113921404,0.068555355,4823733.0,155949.0,9647466.0,0.045366049000000006
4,2D,5,tmt_sym,0.103868723,0.094529152,1450962.0,272517.0,2901924.0,0.009339570999999991
4,2D,6,1138_bus,0.018502951,0.018471956,1289.0,426.0,2578.0,3.099499999999894e-05
4,2D,6,Hook_1498,0.388904095,0.174156666,15524280.0,561759.0,31048560.0,0.21474742900000002
4,2D,6,cond-mat-2005,0.024828911,0.023674011,100606.0,11098.0,201212.0,0.0011549000000000004
4,2D,6,dixmaanl,0.025970936,0.025566339,69999.0,22500.0,139998.0,0.0004045969999999996
4,2D,6,flowmeter0,0.025878191,0.025622845,19203.0,3626.0,38406.0,0.0002553459999999966
4,2D,6,msdoor,0.096818924,0.060991764,4823733.0,155949.0,9647466.0,0.035827160000000004
4,2D,6,tmt_sym,0.113371372,0.104041338,1450962.0,272517.0,2901924.0,0.009330034000000001
4,2D,7,1138_bus,0.018505573,0.018473387,1289.0,426.0,2578.0,3.218600000000002e-05
4,2D,7,Hook_1498,0.390300751,0.1752069,15524280.0,561759.0,31048560.0,0.215093851
4,2D,7,cond-mat-2005,0.024675369,0.023517847,100606.0,11098.0,201212.0,0.0011575219999999976
4,2D,7,dixmaanl,0.025995255,0.025574684,69999.0,22500.0,139998.0,0.00042057099999999806
4,2D,7,flowmeter0,0.025882483,0.025626659,19203.0,3626.0,38406.0,0.0002558240000000017
4,2D,7,msdoor,0.104984045,0.069496155,4823733.0,155949.0,9647466.0,0.035487889999999994
4,2D,7,tmt_sym,0.103959799,0.094638109,1450962.0,272517.0,2901924.0,0.009321690000000007
4,2D,8,1138_bus,0.018499851,0.018469572,1289.0,426.0,2578.0,3.027900000000111e-05
4,2D,8,Hook_1498,0.387490034,0.174858332,15524280.0,561759.0,31048560.0,0.21263170199999998
4,2D,8,cond-mat-2005,0.024680614,0.023531437,100606.0,11098.0,201212.0,0.0011491770000000012
4,2D,8,dixmaanl,0.025957823,0.02555728,69999.0,22500.0,139998.0,0.00040054299999999973
4,2D,8,flowmeter0,0.026881933,0.026611567,19203.0,3626.0,38406.0,0.00027036600000000105
4,2D,8,msdoor,0.113500357,0.078030586,4823733.0,155949.0,9647466.0,0.035469771
4,2D,8,tmt_sym,0.114260435,0.105037451,1450962.0,272517.0,2901924.0,0.00922298399999999
4,2D,9,1138_bus,0.019035816,0.019000769,1289.0,426.0,2578.0,3.5046999999999856e-05
4,2D,9,Hook_1498,0.392050266,0.17587781,15524280.0,561759.0,31048560.0,0.21617245599999999
4,2D,9,cond-mat-2005,0.025091171,0.023922205,100606.0,11098.0,201212.0,0.0011689660000000004
4,2D,9,dixmaanl,0.026465893,0.026017666,69999.0,22500.0,139998.0,0.00044822700000000243
4,2D,9,flowmeter0,0.025986671,0.02571702,19203.0,3626.0,38406.0,0.0002696509999999992
4,2D,9,msdoor,0.103961706,0.068485737,4823733.0,155949.0,9647466.0,0.035475968999999996
4,2D,9,tmt_sym,0.104038239,0.094746828,1450962.0,272517.0,2901924.0,0.009291411
4,2D_cyclic,0,1138_bus,0.013469219,0.013361454,885.0,284.0,1770.0,0.00010776499999999925
4,2D_cyclic,0,Hook_1498,0.759002686,0.624010801,8006390.0,374506.0,16012780.0,0.13499188500000003
4,2D_cyclic,0,cond-mat-2005,0.016181707,0.015400648,41269.0,4728.0,82538.0,0.0007810590000000006
4,2D_cyclic,0,dixmaanl,0.052381277,0.052017212,60000.0,15000.0,120000.0,0.00036406499999999675
4,2D_cyclic,0,flowmeter0,0.026226759,0.025994778,12073.0,2417.0,24146.0,0.00023198099999999916
4,2D_cyclic,0,msdoor,0.23629427,0.207999229,2632180.0,103966.0,5264360.0,0.028295040999999993
4,2D_cyclic,0,tmt_sym,0.309560299,0.303341866,726184.0,181678.0,1452368.0,0.006218432999999968
4,2D_cyclic,1,1138_bus,0.01337266,0.013266802,885.0,284.0,1770.0,0.00010585800000000034
4,2D_cyclic,1,Hook_1498,0.752515316,0.617480993,8006390.0,374506.0,16012780.0,0.13503432299999996
4,2D_cyclic,1,cond-mat-2005,0.015394211,0.014616013,41269.0,4728.0,82538.0,0.000778197999999999
4,2D_cyclic,1,dixmaanl,0.051967859,0.051597118,60000.0,15000.0,120000.0,0.0003707410000000008
4,2D_cyclic,1,flowmeter0,0.025968552,0.02573967,12073.0,2417.0,24146.0,0.0002288819999999997
4,2D_cyclic,1,msdoor,0.233410835,0.205169678,2632180.0,103966.0,5264360.0,0.028241157000000017
4,2D_cyclic,1,tmt_sym,0.312292814,0.306030989,726184.0,181678.0,1452368.0,0.006261824999999999
4,2D_cyclic,2,1138_bus,0.02610445,0.025998354,885.0,284.0,1770.0,0.00010609599999999997
4,2D_cyclic,2,Hook_1498,0.753834248,0.618913651,8006390.0,374506.0,16012780.0,0.13492059700000003
4,2D_cyclic,2,cond-mat-2005,0.026784897,0.026002407,41269.0,4728.0,82538.0,0.0007824899999999968
4,2D_cyclic,2,dixmaanl,0.051971674,0.05159831,60000.0,15000.0,120000.0,0.00037336400000000103
4,2D_cyclic,2,flowmeter0,0.025977373,0.025756598,12073.0,2417.0,24146.0,0.0002207750000000029
4,2D_cyclic,2,msdoor,0.228108644,0.199885607,2632180.0,103966.0,5264360.0,0.028223037000000006
4,2D_cyclic,2,tmt_sym,0.309365988,0.303096056,726184.0,181678.0,1452368.0,0.006269931999999978
4,2D_cyclic,3,1138_bus,0.025992632,0.025883675,885.0,284.0,1770.0,0.00010895700000000327
4,2D_cyclic,3,Hook_1498,0.751028538,0.6160326,8006390.0,374506.0,16012780.0,0.13499593799999998
4,2D_cyclic,3,cond-mat-2005,0.025964737,0.025186539,41269.0,4728.0,82538.0,0.0007781980000000008
4,2D_cyclic,3,dixmaanl,0.051977158,0.051600218,60000.0,15000.0,120000.0,0.0003769399999999992
4,2D_cyclic,3,flowmeter0,0.026006937,0.02577424,12073.0,2417.0,24146.0,0.00023269700000000046
4,2D_cyclic,3,msdoor,0.22936821,0.201129198,2632180.0,103966.0,5264360.0,0.02823901199999998
4,2D_cyclic,3,tmt_sym,0.31828022,0.312028885,726184.0,181678.0,1452368.0,0.0062513350000000245
4,2D_cyclic,4,1138_bus,0.025985956,0.025877237,885.0,284.0,1770.0,0.00010871900000000018
4,2D_cyclic,4,Hook_1498,0.753880024,0.618940592,8006390.0,374506.0,16012780.0,0.13493943200000003
4,2D_cyclic,4,cond-mat-2005,0.025985956,0.025198936,41269.0,4728.0,82538.0,0.0007870199999999994
4,2D_cyclic,4,dixmaanl,0.051943779,0.051588058,60000.0,15000.0,120000.0,0.0003557210000000033
4,2D_cyclic,4,flowmeter0,0.025988102,0.025746822,12073.0,2417.0,24146.0,0.00024127999999999997
4,2D_cyclic,4,msdoor,0.226465464,0.198284388,2632180.0,103966.0,5264360.0,0.028181076
4,2D_cyclic,4,tmt_sym,0.310877323,0.304687262,726184.0,181678.0,1452368.0,0.006190060999999969
4,2D_cyclic,5,1138_bus,0.02598834,0.025876284,885.0,284.0,1770.0,0.00011205599999999927
4,2D_cyclic,5,Hook_1498,0.75397706,0.619006395,8006390.0,374506.0,16012780.0,0.134970665
4,2D_cyclic,5,cond-mat-2005,0.025965452,0.025183678,41269.0,4728.0,82538.0,0.000781773999999999
4,2D_cyclic,5,dixmaanl,0.051989079,0.051627159,60000.0,15000.0,120000.0,0.0003619200000000017
4,2D_cyclic,5,flowmeter0,0.025967121,0.025743723,12073.0,2417.0,24146.0,0.00022339799999999965
4,2D_cyclic,5,msdoor,0.236213923,0.208010912,2632180.0,103966.0,5264360.0,0.028203011
4,2D_cyclic,5,tmt_sym,0.309420586,0.303156376,726184.0,181678.0,1452368.0,0.006264209999999992
4,2D_cyclic,6,1138_bus,0.025981903,0.025873899,885.0,284.0,1770.0,0.00010800400000000182
4,2D_cyclic,6,Hook_1498,0.753871441,0.618976831,8006390.0,374506.0,16012780.0,0.13489461000000003
4,2D_cyclic,6,cond-mat-2005,0.025990009,0.02520299,41269.0,4728.0,82538.0,0.0007870189999999999
4,2D_cyclic,6,dixmaanl,0.055966139,0.055608273,60000.0,15000.0,120000.0,0.00035786599999999835
4,2D_cyclic,6,flowmeter0,0.026002645,0.025764465,12073.0,2417.0,24146.0,0.00023818000000000103
4,2D_cyclic,6,msdoor,0.234038115,0.205755234,2632180.0,103966.0,5264360.0,0.028282880999999982
4,2D_cyclic,6,tmt_sym,0.318309546,0.312024117,726184.0,181678.0,1452368.0,0.006285429000000009
4,2D_cyclic,7,1138_bus,0.025993824,0.025885105,885.0,284.0,1770.0,0.00010871900000000018
4,2D_cyclic,7,Hook_1498,0.75501442,0.620086432,8006390.0,374506.0,16012780.0,0.13492798799999994
4,2D_cyclic,7,cond-mat-2005,0.02597332,0.025186062,41269.0,4728.0,82538.0,0.0007872580000000025
4,2D_cyclic,7,dixmaanl,0.051995754,0.051625967,60000.0,15000.0,120000.0,0.0003697869999999964
4,2D_cyclic,7,flowmeter0,0.02598381,0.025749922,12073.0,2417.0,24146.0,0.00023388799999999807
4,2D_cyclic,7,msdoor,0.233876228,0.205676317,2632180.0,103966.0,5264360.0,0.028199910999999994
4,2D_cyclic,7,tmt_sym,0.311888218,0.305662155,726184.0,181678.0,1452368.0,0.006226063000000004
4,2D_cyclic,8,1138_bus,0.025992155,0.025880814,885.0,284.0,1770.0,0.00011134100000000091
4,2D_cyclic,8,Hook_1498,0.753982782,0.619026899,8006390.0,374506.0,16012780.0,0.13495588300000005
4,2D_cyclic,8,cond-mat-2005,0.025971889,0.025188208,41269.0,4728.0,82538.0,0.0007836810000000013
4,2D_cyclic,8,dixmaanl,0.051945448,0.051595449,60000.0,15000.0,120000.0,0.0003499989999999967
4,2D_cyclic,8,flowmeter0,0.025999546,0.025754213,12073.0,2417.0,24146.0,0.0002453329999999969
4,2D_cyclic,8,msdoor,0.234092236,0.205758333,2632180.0,103966.0,5264360.0,0.02833390300000002
4,2D_cyclic,8,tmt_sym,0.307596445,0.301318884,726184.0,181678.0,1452368.0,0.006277560999999987
4,2D_cyclic,9,1138_bus,0.038002491,0.037878275,885.0,284.0,1770.0,0.00012421599999999644
4,2D_cyclic,9,Hook_1498,0.761992931,0.624022007,8006390.0,374506.0,16012780.0,0.137970924
4,2D_cyclic,9,cond-mat-2005,0.025989294,0.025197983,41269.0,4728.0,82538.0,0.0007913109999999994
4,2D_cyclic,9,dixmaanl,0.051994085,0.051641464,60000.0,15000.0,120000.0,0.00035262100000000435
4,2D_cyclic,9,flowmeter0,0.025996923,0.025746346,12073.0,2417.0,24146.0,0.0002505770000000018
4,2D_cyclic,9,msdoor,0.23388958,0.205611467,2632180.0,103966.0,5264360.0,0.02827811300000002
4,2D_cyclic,9,tmt_sym,0.318268538,0.312024832,726184.0,181678.0,1452368.0,0.0062437060000000155
8,1D,0,1138_bus,0.056088448,0.05599308,322.0,139.0,644.0,9.536799999999845e-05
8,1D,0,Hook_1498,0.698760986,0.615026474,3898612.0,1139406.0,7797224.0,0.08373451200000004
8,1D,0,cond-mat-2005,0.056199789,0.056003094,21865.0,10276.0,43730.0,0.00019669499999999673
8,1D,0,dixmaanl,0.052826643,0.052645445,22499.0,7499.0,44998.0,0.00018119800000000047
8,1D,0,flowmeter0,0.049613476,0.049562693,4812.0,2734.0,9624.0,5.078299999999869e-05
8,1D,0,msdoor,0.19794035,0.168008566,1281251.0,321469.0,2562502.0,0.02993178399999999
8,1D,0,tmt_sym,0.08768034,0.084798336,362930.0,230881.0,725860.0,0.0028820039999999936
8,1D,1,1138_bus,0.05601263,0.055993557,322.0,139.0,644.0,1.9073000000001394e-05
8,1D,1,Hook_1498,0.506999493,0.420199156,3898612.0,1139406.0,7797224.0,0.086800337
8,1D,1,cond-mat-2005,0.050757647,0.050564766,21865.0,10276.0,43730.0,0.00019288100000000585
8,1D,1,dixmaanl,0.052844286,0.052662611,22499.0,7499.0,44998.0,0.0001816749999999992
8,1D,1,flowmeter0,0.056013584,0.055961132,4812.0,2734.0,9624.0,5.245200000000144e-05
8,1D,1,msdoor,0.169665098,0.140021801,1281251.0,321469.0,2562502.0,0.029643296999999985
8,1D,1,tmt_sym,0.086806059,0.084014893,362930.0,230881.0,725860.0,0.0027911660000000116
8,1D,2,1138_bus,0.056011677,0.055992365,322.0,139.0,644.0,1.9312000000000495e-05
8,1D,2,Hook_1498,0.730054379,0.643010616,3898612.0,1139406.0,7797224.0,0.08704376300000005
8,1D,2,cond-mat-2005,0.028284788,0.02802825,21865.0,10276.0,43730.0,0.0002565380000000006
8,1D,2,dixmaanl,0.053848028,0.053658962,22499.0,7499.0,44998.0,0.00018906600000000162
8,1D,2,flowmeter0,0.056028605,0.055981398,4812.0,2734.0,9624.0,4.72070000000005e-05
8,1D,2,msdoor,0.169641733,0.140001297,1281251.0,321469.0,2562502.0,0.029640435999999992
8,1D,2,tmt_sym,0.112141132,0.088449955,362930.0,230881.0,725860.0,0.023691177000000008
8,1D,3,1138_bus,0.056081772,0.055983543,322.0,139.0,644.0,9.822900000000523e-05
8,1D,3,Hook_1498,0.75573945,0.668931246,3898612.0,1139406.0,7797224.0,0.086808204
8,1D,3,cond-mat-2005,0.053814888,0.05355978,21865.0,10276.0,43730.0,0.00025510799999999695
8,1D,3,dixmaanl,0.055973291,0.05578661,22499.0,7499.0,44998.0,0.00018668100000000104
8,1D,3,flowmeter0,0.033685207,0.033544302,4812.0,2734.0,9624.0,0.00014090500000000367
8,1D,3,msdoor,0.197918415,0.168021917,1281251.0,321469.0,2562502.0,0.029896497999999994
8,1D,3,tmt_sym,0.112863064,0.089145899,362930.0,230881.0,725860.0,0.023717165
8,1D,4,1138_bus,0.056083679,0.055986881,322.0,139.0,644.0,9.679799999999517e-05
8,1D,4,Hook_1498,0.56187129,0.474999189,3898612.0,1139406.0,7797224.0,0.08687210100000003
8,1D,4,cond-mat-2005,0.05381465,0.05355978,21865.0,10276.0,43730.0,0.0002548699999999973
8,1D,4,dixmaanl,0.055990458,0.055795908,22499.0,7499.0,44998.0,0.00019455000000000167
8,1D,4,flowmeter0,0.036098957,0.03599143,4812.0,2734.0,9624.0,0.00010752700000000309
8,1D,4,msdoor,0.169692039,0.140023708,1281251.0,321469.0,2562502.0,0.029668330999999992
8,1D,4,tmt_sym,0.112359524,0.088668585,362930.0,230881.0,725860.0,0.023690939000000008
8,1D,5,1138_bus,0.056076527,0.055983305,322.0,139.0,644.0,9.322200000000391e-05
8,1D,5,Hook_1498,0.584567308,0.497558594,3898612.0,1139406.0,7797224.0,0.08700871399999999
8,1D,5,cond-mat-2005,0.056279421,0.055989742,21865.0,10276.0,43730.0,0.000289679000000001
8,1D,5,dixmaanl,0.055965424,0.055788517,22499.0,7499.0,44998.0,0.00017690699999999698
8,1D,5,flowmeter0,0.023643255,0.02357769,4812.0,2734.0,9624.0,6.556500000000007e-05
8,1D,5,msdoor,0.169654846,0.140031099,1281251.0,321469.0,2562502.0,0.029623747000000006
8,1D,5,tmt_sym,0.085451126,0.082551241,362930.0,230881.0,725860.0,0.002899885000000005
8,1D,6,1138_bus,0.056071997,0.055979013,322.0,139.0,644.0,9.298399999999735e-05
8,1D,6,Hook_1498,0.61766839,0.53102684,3898612.0,1139406.0,7797224.0,0.08664154999999996
8,1D,6,cond-mat-2005,0.056185007,0.055994749,21865.0,10276.0,43730.0,0.0001902579999999987
8,1D,6,dixmaanl,0.055963278,0.055799007,22499.0,7499.0,44998.0,0.00016427100000000056
8,1D,6,flowmeter0,0.023614645,0.023570299,4812.0,2734.0,9624.0,4.434600000000066e-05
8,1D,6,msdoor,0.16569829,0.140014172,1281251.0,321469.0,2562502.0,0.025684118000000006
8,1D,6,tmt_sym,0.087219715,0.084371805,362930.0,230881.0,725860.0,0.002847910000000009
8,1D,7,1138_bus,0.056074381,0.055984497,322.0,139.0,644.0,8.988399999999841e-05
8,1D,7,Hook_1498,0.674727678,0.588020563,3898612.0,1139406.0,7797224.0,0.08670711499999995
8,1D,7,cond-mat-2005,0.056252003,0.055996656,21865.0,10276.0,43730.0,0.000255347000000003
8,1D,7,dixmaanl,0.056024075,0.055835724,22499.0,7499.0,44998.0,0.00018835099999999633
8,1D,7,flowmeter0,0.023596525,0.023549318,4812.0,2734.0,9624.0,4.72070000000005e-05
8,1D,7,msdoor,0.223720312,0.194015265,1281251.0,321469.0,2562502.0,0.029705047000000012
8,1D,7,tmt_sym,0.087611198,0.084784746,362930.0,230881.0,725860.0,0.002826452000000007
8,1D,8,1138_bus,0.056083202,0.055985212,322.0,139.0,644.0,9.798999999999919e-05
8,1D,8,Hook_1498,0.561932564,0.475011826,3898612.0,1139406.0,7797224.0,0.086920738
8,1D,8,cond-mat-2005,0.056255102,0.055996418,21865.0,10276.0,43730.0,0.0002586840000000021
8,1D,8,dixmaanl,0.055961847,0.055787802,22499.0,7499.0,44998.0,0.0001740450000000046
8,1D,8,flowmeter0,0.023643494,0.023593187,4812.0,2734.0,9624.0,5.0306999999999436e-05
8,1D,8,msdoor,0.169924974,0.139986038,1281251.0,321469.0,2562502.0,0.029938936
8,1D,8,tmt_sym,0.08751297,0.084674358,362930.0,230881.0,725860.0,0.0028386119999999904
8,1D,9,1138_bus,0.056081057,0.055994511,322.0,139.0,644.0,8.654599999999985e-05
8,1D,9,Hook_1498,0.629171133,0.542012453,3898612.0,1139406.0,7797224.0,0.08715868000000004
8,1D,9,cond-mat-2005,0.056312561,0.056040525,21865.0,10276.0,43730.0,0.00027203599999999634
8,1D,9,dixmaanl,0.056013346,0.055809259,22499.0,7499.0,44998.0,0.00020408699999999863
8,1D,9,flowmeter0,0.023659229,0.023611069,4812.0,2734.0,9624.0,4.816000000000195e-05
8,1D,9,msdoor,0.169910908,0.139986515,1281251.0,321469.0,2562502.0,0.029924392999999994
8,1D,9,tmt_sym,0.090893269,0.088021755,362930.0,230881.0,725860.0,0.0028715140000000056
8,2D,0,1138_bus,0.056098223,0.055999279,723.0,249.0,1446.0,9.894400000000358e-05
8,2D,0,Hook_1498,0.284273624,0.112052202,7915821.0,327692.0,15831642.0,0.172221422
8,2D,0,cond-mat-2005,0.032418966,0.031673431,80516.0,7616.0,161032.0,0.0007455349999999986
8,2D,0,dixmaanl,0.041938782,0.041661263,40000.0,13125.0,80000.0,0.00027751900000000385
8,2D,0,flowmeter0,0.056147099,0.055998802,9666.0,2115.0,19332.0,0.00014829699999999862
8,2D,0,msdoor,0.140223265,0.084002018,2751760.0,90970.0,5503520.0,0.056221247000000016
8,2D,0,tmt_sym,0.061445713,0.056308508,726504.0,158969.0,1453008.0,0.005137204999999999
8,2D,1,1138_bus,0.04954958,0.049451113,723.0,249.0,1446.0,9.846700000000486e-05
8,2D,1,Hook_1498,0.285810471,0.113706589,7915821.0,327692.0,15831642.0,0.172103882
8,2D,1,cond-mat-2005,0.06042552,0.059674501,80516.0,7616.0,161032.0,0.0007510190000000055
8,2D,1,dixmaanl,0.058927774,0.058640957,40000.0,13125.0,80000.0,0.0002868170000000017
8,2D,1,flowmeter0,0.055994511,0.055843115,9666.0,2115.0,19332.0,0.0001513959999999981
8,2D,1,msdoor,0.139929533,0.083730221,2751760.0,90970.0,5503520.0,0.056199312
8,2D,1,tmt_sym,0.056928873,0.051769018,726504.0,158969.0,1453008.0,0.005159854999999998
8,2D,2,1138_bus,0.049565315,0.049470186,723.0,249.0,1446.0,9.512899999999935e-05
8,2D,2,Hook_1498,0.28419137,0.112021685,7915821.0,327692.0,15831642.0,0.17216968500000002
8,2D,2,cond-mat-2005,0.056672096,0.055988073,80516.0,7616.0,161032.0,0.0006840229999999989
8,2D,2,dixmaanl,0.05623889,0.055995941,40000.0,13125.0,80000.0,0.00024294899999999925
8,2D,2,flowmeter0,0.055988312,0.055836201,9666.0,2115.0,19332.0,0.00015211099999999644
8,2D,2,msdoor,0.139951468,0.083763838,2751760.0,90970.0,5503520.0,0.05618763
8,2D,2,tmt_sym,0.059971094,0.05482626,726504.0,158969.0,1453008.0,0.005144834000000001
8,2D,3,1138_bus,0.049560785,0.04946661,723.0,249.0,1446.0,9.41750000000019e-05
8,2D,3,Hook_1498,0.312245131,0.140019417,7915821.0,327692.0,15831642.0,0.172225714
8,2D,3,cond-mat-2005,0.022134066,0.021461725,80516.0,7616.0,161032.0,0.0006723409999999999
8,2D,3,dixmaanl,0.056239605,0.055999041,40000.0,13125.0,80000.0,0.00024056399999999867
8,2D,3,flowmeter0,0.055978537,0.055830479,9666.0,2115.0,19332.0,0.00014805799999999952
8,2D,3,msdoor,0.140051842,0.083764076,2751760.0,90970.0,5503520.0,0.056287766
8,2D,3,tmt_sym,0.059969425,0.054828167,726504.0,158969.0,1453008.0,0.005141258000000003
8,2D,4,1138_bus,0.052554846,0.052459478,723.0,249.0,1446.0,9.536800000000539e-05
8,2D,4,Hook_1498,0.308214426,0.135718346,7915821.0,327692.0,15831642.0,0.17249608
8,2D,4,cond-mat-2005,0.022134066,0.021457672,80516.0,7616.0,161032.0,0.0006763940000000003
8,2D,4,dixmaanl,0.05622983,0.055996656,40000.0,13125.0,80000.0,0.00023317400000000266
8,2D,4,flowmeter0,0.055998802,0.05584693,9666.0,2115.0,19332.0,0.00015187199999999734
8,2D,4,msdoor,0.139856577,0.083661079,2751760.0,90970.0,5503520.0,0.05619549800000001
8,2D,4,tmt_sym,0.05879879,0.053678036,726504.0,158969.0,1453008.0,0.005120753999999998
8,2D,5,1138_bus,0.052446127,0.052350998,723.0,249.0,1446.0,9.512899999999935e-05
8,2D,5,Hook_1498,0.307489395,0.134881496,7915821.0,327692.0,15831642.0,0.172607899
8,2D,5,cond-mat-2005,0.024145842,0.023465395,80516.0,7616.0,161032.0,0.0006804470000000007
8,2D,5,dixmaanl,0.056235075,0.055995226,40000.0,13125.0,80000.0,0.0002398490000000003
8,2D,5,flowmeter0,0.05597043,0.055822372,9666.0,2115.0,19332.0,0.00014805799999999952
8,2D,5,msdoor,0.140055418,0.083760977,2751760.0,90970.0,5503520.0,0.05629444099999999
8,2D,5,tmt_sym,0.061436653,0.056305408,726504.0,158969.0,1453008.0,0.0051312449999999996
8,2D,6,1138_bus,0.04752183,0.047425985,723.0,249.0,1446.0,9.584500000000412e-05
8,2D,6,Hook_1498,0.312177658,0.140010118,7915821.0,327692.0,15831642.0,0.17216754000000004
8,2D,6,cond-mat-2005,0.024158001,0.023484468,80516.0,7616.0,161032.0,0.000673532999999997
8,2D,6,dixmaanl,0.056216478,0.055985928,40000.0,13125.0,80000.0,0.00023055000000000297
8,2D,6,flowmeter0,0.06256628,0.062404871,9666.0,2115.0,19332.0,0.00016140900000000125
8,2D,6,msdoor,0.139877558,0.083655834,2751760.0,90970.0,5503520.0,0.056221724000000015
8,2D,6,tmt_sym,0.08288908,0.077739239,726504.0,158969.0,1453008.0,0.005149841000000002
8,2D,7,1138_bus,0.056079149,0.055984735,723.0,249.0,1446.0,9.4414000000001e-05
8,2D,7,Hook_1498,0.335964918,0.163785696,7915821.0,327692.0,15831642.0,0.172179222
8,2D,7,cond-mat-2005,0.024122953,0.023466349,80516.0,7616.0,161032.0,0.0006566039999999981
8,2D,7,dixmaanl,0.056276083,0.055999041,40000.0,13125.0,80000.0,0.0002770419999999982
8,2D,7,flowmeter0,0.062690735,0.062544346,9666.0,2115.0,19332.0,0.00014638899999999677
8,2D,7,msdoor,0.139920473,0.083729029,2751760.0,90970.0,5503520.0,0.05619144399999999
8,2D,7,tmt_sym,0.061320305,0.056195974,726504.0,158969.0,1453008.0,0.005124330999999996
8,2D,8,1138_bus,0.050515413,0.050414562,723.0,249.0,1446.0,0.00010085099999999902
8,2D,8,Hook_1498,0.308178425,0.13576889,7915821.0,327692.0,15831642.0,0.17240953499999997
8,2D,8,cond-mat-2005,0.024132013,0.023473978,80516.0,7616.0,161032.0,0.0006580350000000013
8,2D,8,dixmaanl,0.028318167,0.028038979,40000.0,13125.0,80000.0,0.00027918800000000313
8,2D,8,flowmeter0,0.059731007,0.059556723,9666.0,2115.0,19332.0,0.00017428400000000371
8,2D,8,msdoor,0.139900446,0.083763361,2751760.0,90970.0,5503520.0,0.05613708500000002
8,2D,8,tmt_sym,0.084505558,0.079367638,726504.0,158969.0,1453008.0,0.00513791999999999
8,2D,9,1138_bus,0.050599813,0.050499201,723.0,249.0,1446.0,0.00010061199999999992
8,2D,9,Hook_1498,0.335124254,0.162873983,7915821.0,327692.0,15831642.0,0.172250271
8,2D,9,cond-mat-2005,0.056663275,0.055985451,80516.0,7616.0,161032.0,0.0006778240000000005
8,2D,9,dixmaanl,0.028363228,0.028060198,40000.0,13125.0,80000.0,0.00030302999999999927
8,2D,9,flowmeter0,0.059713125,0.059553862,9666.0,2115.0,19332.0,0.00015926299999999977
8,2D,9,msdoor,0.140021563,0.083816528,2751760.0,90970.0,5503520.0,0.05620503499999999
8,2D,9,tmt_sym,0.082935333,0.077790976,726504.0,158969.0,1453008.0,0.005144357000000002
8,2D_cyclic,0,1138_bus,0.028070927,0.027988672,450.0,142.0,900.0,8.225499999999983e-05
8,2D_cyclic,0,Hook_1498,0.505866289,0.336024284,4002797.0,187253.0,8005594.0,0.16984200499999996
8,2D_cyclic,0,cond-mat-2005,0.028488398,0.027998686,20748.0,2331.0,41496.0,0.0004897120000000033
8,2D_cyclic,0,dixmaanl,0.028237581,0.027991772,30000.0,7500.0,60000.0,0.0002458089999999996
8,2D_cyclic,0,flowmeter0,0.028164864,0.027992487,6018.0,1209.0,12036.0,0.00017237700000000133
8,2D_cyclic,0,msdoor,0.14401865,0.112009525,1323668.0,51983.0,2647336.0,0.032009125
8,2D_cyclic,0,tmt_sym,0.17165041,0.168018818,363176.0,90839.0,726352.0,0.003631592000000017
8,2D_cyclic,1,1138_bus,0.028054476,0.02798295,450.0,142.0,900.0,7.152599999999884e-05
8,2D_cyclic,1,Hook_1498,0.505841017,0.335992813,4002797.0,187253.0,8005594.0,0.16984820399999995
8,2D_cyclic,1,cond-mat-2005,0.028452396,0.027966976,20748.0,2331.0,41496.0,0.0004854200000000003
8,2D_cyclic,1,dixmaanl,0.02820015,0.027974367,30000.0,7500.0,60000.0,0.00022578300000000023
8,2D_cyclic,1,flowmeter0,0.02814436,0.027975082,6018.0,1209.0,12036.0,0.00016927800000000187
8,2D_cyclic,1,msdoor,0.144077778,0.112020969,1323668.0,51983.0,2647336.0,0.03205680899999999
8,2D_cyclic,1,tmt_sym,0.171576738,0.168002129,363176.0,90839.0,726352.0,0.0035746090000000064
8,2D_cyclic,2,1138_bus,0.02806282,0.027983189,450.0,142.0,900.0,7.963100000000015e-05
8,2D_cyclic,2,Hook_1498,0.504994631,0.335993767,4002797.0,187253.0,8005594.0,0.16900086399999997
8,2D_cyclic,2,cond-mat-2005,0.028454542,0.027970314,20748.0,2331.0,41496.0,0.00048422799999999974
8,2D_cyclic,2,dixmaanl,0.028203011,0.027976751,30000.0,7500.0,60000.0,0.00022625999999999896
8,2D_cyclic,2,flowmeter0,0.028165579,0.027996778,6018.0,1209.0,12036.0,0.00016880099999999967
8,2D_cyclic,2,msdoor,0.143993855,0.111978769,1323668.0,51983.0,2647336.0,0.032015086
8,2D_cyclic,2,tmt_sym,0.171646833,0.168025732,363176.0,90839.0,726352.0,0.0036211009999999877
8,2D_cyclic,3,1138_bus,0.028084755,0.027986526,450.0,142.0,900.0,9.822899999999829e-05
8,2D_cyclic,3,Hook_1498,0.50584054,0.335991859,4002797.0,187253.0,8005594.0,0.169848681
8,2D_cyclic,3,cond-mat-2005,0.028470039,0.02798152,20748.0,2331.0,41496.0,0.0004885189999999998
8,2D_cyclic,3,dixmaanl,0.028207064,0.027979851,30000.0,7500.0,60000.0,0.00022721300000000041
8,2D_cyclic,3,flowmeter0,0.028135538,0.027969837,6018.0,1209.0,12036.0,0.00016570100000000074
8,2D_cyclic,3,msdoor,0.144164085,0.112019539,1323668.0,51983.0,2647336.0,0.032144545999999996
8,2D_cyclic,3,tmt_sym,0.171625853,0.168000221,363176.0,90839.0,726352.0,0.0036256319999999898
8,2D_cyclic,4,1138_bus,0.028075695,0.027984142,450.0,142.0,900.0,9.155300000000116e-05
8,2D_cyclic,4,Hook_1498,0.50497818,0.335005045,4002797.0,187253.0,8005594.0,0.16997313500000005
8,2D_cyclic,4,cond-mat-2005,0.028455973,0.027969599,20748.0,2331.0,41496.0,0.00048637399999999775
8,2D_cyclic,4,dixmaanl,0.028206825,0.027975321,30000.0,7500.0,60000.0,0.00023150400000000043
8,2D_cyclic,4,flowmeter0,0.028142929,0.027973652,6018.0,1209.0,12036.0,0.00016927699999999893
8,2D_cyclic,4,msdoor,0.1440804,0.1119771,1323668.0,51983.0,2647336.0,0.0321033
8,2D_cyclic,4,tmt_sym,0.171615124,0.168003321,363176.0,90839.0,726352.0,0.0036118029999999968
8,2D_cyclic,5,1138_bus,0.028064728,0.027982235,450.0,142.0,900.0,8.249299999999946e-05
8,2D_cyclic,5,Hook_1498,0.504797459,0.334997416,4002797.0,187253.0,8005594.0,0.16980004299999996
8,2D_cyclic,5,cond-mat-2005,0.028484106,0.027995825,20748.0,2331.0,41496.0,0.00048828100000000013
8,2D_cyclic,5,dixmaanl,0.028202057,0.027972937,30000.0,7500.0,60000.0,0.00022911999999999932
8,2D_cyclic,5,flowmeter0,0.028149605,0.027978897,6018.0,1209.0,12036.0,0.00017070800000000205
8,2D_cyclic,5,msdoor,0.143954515,0.112011194,1323668.0,51983.0,2647336.0,0.03194332100000001
8,2D_cyclic,5,tmt_sym,0.171625137,0.1679914,363176.0,90839.0,726352.0,0.003633736999999998
8,2D_cyclic,6,1138_bus,0.028069258,0.027989864,450.0,142.0,900.0,7.939399999999999e-05
8,2D_cyclic,6,Hook_1498,0.499337673,0.329459906,4002797.0,187253.0,8005594.0,0.16987776699999996
8,2D_cyclic,6,cond-mat-2005,0.028465033,0.027966499,20748.0,2331.0,41496.0,0.0004985340000000019
8,2D_cyclic,6,dixmaanl,0.028204679,0.027975082,30000.0,7500.0,60000.0,0.00022959700000000152
8,2D_cyclic,6,flowmeter0,0.028147697,0.027979612,6018.0,1209.0,12036.0,0.00016808499999999837
8,2D_cyclic,6,msdoor,0.144016504,0.111978769,1323668.0,51983.0,2647336.0,0.032037734999999984
8,2D_cyclic,6,tmt_sym,0.167591333,0.164005995,363176.0,90839.0,726352.0,0.0035853380000000212
8,2D_cyclic,7,1138_bus,0.02808094,0.027983665,450.0,142.0,900.0,9.727499999999736e-05
8,2D_cyclic,7,Hook_1498,0.505848646,0.335997105,4002797.0,187253.0,8005594.0,0.169851541
8,2D_cyclic,7,cond-mat-2005,0.028482437,0.027999401,20748.0,2331.0,41496.0,0.0004830359999999992
8,2D_cyclic,7,dixmaanl,0.028209448,0.027973175,30000.0,7500.0,60000.0,0.00023627300000000212
8,2D_cyclic,7,flowmeter0,0.02814436,0.027978897,6018.0,1209.0,12036.0,0.0001654630000000011
8,2D_cyclic,7,msdoor,0.144084454,0.112021208,1323668.0,51983.0,2647336.0,0.032063246000000004
8,2D_cyclic,7,tmt_sym,0.171596527,0.168023586,363176.0,90839.0,726352.0,0.003572940999999996
8,2D_cyclic,8,1138_bus,0.028076172,0.027982473,450.0,142.0,900.0,9.369899999999917e-05
8,2D_cyclic,8,Hook_1498,0.504984379,0.334980488,4002797.0,187253.0,8005594.0,0.17000389100000002
8,2D_cyclic,8,cond-mat-2005,0.028470755,0.02796936,20748.0,2331.0,41496.0,0.0005013950000000017
8,2D_cyclic,8,dixmaanl,0.028230906,0.027996302,30000.0,7500.0,60000.0,0.00023460399999999937
8,2D_cyclic,8,flowmeter0,0.028147936,0.027981997,6018.0,1209.0,12036.0,0.0001659389999999969
8,2D_cyclic,8,msdoor,0.144078493,0.111987352,1323668.0,51983.0,2647336.0,0.032091141000000004
8,2D_cyclic,8,tmt_sym,0.1716187,0.167996168,363176.0,90839.0,726352.0,0.0036225320000000116
8,2D_cyclic,9,1138_bus,0.028065681,0.027980804,450.0,142.0,900.0,8.48769999999971e-05
8,2D_cyclic,9,Hook_1498,0.505971432,0.335999012,4002797.0,187253.0,8005594.0,0.16997242000000007
8,2D_cyclic,9,cond-mat-2005,0.028504372,0.028001785,20748.0,2331.0,41496.0,0.0005025869999999988
8,2D_cyclic,9,dixmaanl,0.028215408,0.027971983,30000.0,7500.0,60000.0,0.00024342500000000197
8,2D_cyclic,9,flowmeter0,0.028129339,0.027966976,6018.0,1209.0,12036.0,0.0001623629999999987
8,2D_cyclic,9,msdoor,0.140533686,0.108449221,1323668.0,51983.0,2647336.0,0.03208446499999999
8,2D_cyclic,9,tmt_sym,0.171674967,0.168023109,363176.0,90839.0,726352.0,0.003651858000000008
16,1D,0,1138_bus,0.096004725,0.095988035,163.0,80.0,326.0,1.668999999999976e-05
16,1D,0,Hook_1498,0.258285999,0.191761971,1948584.0,976716.0,3897168.0,0.06652402799999999
16,1D,0,cond-mat-2005,0.064112663,0.064007998,11007.0,6865.0,22014.0,0.00010466500000000378
16,1D,0,dixmaanl,0.033338785,0.032004356,11249.0,3749.0,22498.0,0.001334429000000005
16,1D,0,flowmeter0,0.064550877,0.063995123,2407.0,1680.0,4814.0,0.0005557540000000055
16,1D,0,msdoor,0.128684998,0.096246243,640437.0,282439.0,1280874.0,0.032438755
16,1D,0,tmt_sym,0.097756863,0.096341372,181270.0,126558.0,362540.0,0.0014154910000000048
16,1D,1,1138_bus,0.064010382,0.063995123,163.0,80.0,326.0,1.5259000000003575e-05
16,1D,1,Hook_1498,0.32099843,0.226450205,1948584.0,976716.0,3897168.0,0.09454822500000001
16,1D,1,cond-mat-2005,0.064113617,0.064011335,11007.0,6865.0,22014.0,0.00010228199999999521
16,1D,1,dixmaanl,0.032732725,0.032011271,11249.0,3749.0,22498.0,0.0007214539999999964
16,1D,1,flowmeter0,0.064541817,0.063987017,2407.0,1680.0,4814.0,0.0005548000000000081
16,1D,1,msdoor,0.128445387,0.096096277,640437.0,282439.0,1280874.0,0.03234911
16,1D,1,tmt_sym,0.097793341,0.096423864,181270.0,126558.0,362540.0,0.0013694770000000078
16,1D,2,1138_bus,0.064010859,0.063995123,163.0,80.0,326.0,1.5736000000002304e-05
16,1D,2,Hook_1498,0.32271266,0.256074905,1948584.0,976716.0,3897168.0,0.06663775499999997
16,1D,2,cond-mat-2005,0.064114332,0.064009428,11007.0,6865.0,22014.0,0.00010490400000000288
16,1D,2,dixmaanl,0.032741547,0.032025576,11249.0,3749.0,22498.0,0.0007159710000000027
16,1D,2,flowmeter0,0.064930916,0.063992739,2407.0,1680.0,4814.0,0.0009381769999999984
16,1D,2,msdoor,0.12874651,0.096098185,640437.0,282439.0,1280874.0,0.032648325000000006
16,1D,2,tmt_sym,0.097759485,0.096380472,181270.0,126558.0,362540.0,0.0013790129999999984
16,1D,3,1138_bus,0.064013958,0.063997746,163.0,80.0,326.0,1.621200000000156e-05
16,1D,3,Hook_1498,0.290375471,0.224007845,1948584.0,976716.0,3897168.0,0.06636762599999999
16,1D,3,cond-mat-2005,0.064119339,0.064014912,11007.0,6865.0,22014.0,0.00010442700000000416
16,1D,3,dixmaanl,0.03271389,0.032018423,11249.0,3749.0,22498.0,0.0006954670000000052
16,1D,3,flowmeter0,0.064932108,0.063984156,2407.0,1680.0,4814.0,0.0009479520000000019
16,1D,3,msdoor,0.128538132,0.096105576,640437.0,282439.0,1280874.0,0.032432556
16,1D,3,tmt_sym,0.097756863,0.09638381,181270.0,126558.0,362540.0,0.001373052999999999
16,1D,4,1138_bus,0.067778349,0.063993931,163.0,80.0,326.0,0.0037844179999999977
16,1D,4,Hook_1498,0.354618311,0.288010597,1948584.0,976716.0,3897168.0,0.06660771400000004
16,1D,4,cond-mat-2005,0.064114094,0.064011097,11007.0,6865.0,22014.0,0.00010299699999999357
16,1D,4,dixmaanl,0.032739162,0.032017946,11249.0,3749.0,22498.0,0.0007212160000000037
16,1D,4,flowmeter0,0.064944267,0.063986063,2407.0,1680.0,4814.0,0.0009582040000000042
16,1D,4,msdoor,0.160459995,0.128114223,640437.0,282439.0,1280874.0,0.032345771999999995
16,1D,4,tmt_sym,0.097758055,0.09632802,181270.0,126558.0,362540.0,0.0014300349999999962
16,1D,5,1138_bus,0.064435244,0.064351559,163.0,80.0,326.0,8.368500000000001e-05
16,1D,5,Hook_1498,0.322718143,0.256259203,1948584.0,976716.0,3897168.0,0.06645894000000002
16,1D,5,cond-mat-2005,0.064118624,0.064016819,11007.0,6865.0,22014.0,0.00010180499999999648
16,1D,5,dixmaanl,0.064442635,0.06402564,11249.0,3749.0,22498.0,0.00041699500000000334
16,1D,5,flowmeter0,0.064556122,0.06398654,2407.0,1680.0,4814.0,0.000569581999999999
16,1D,5,msdoor,0.160692692,0.128197193,640437.0,282439.0,1280874.0,0.03249549900000001
16,1D,5,tmt_sym,0.066353559,0.064306498,181270.0,126558.0,362540.0,0.002047061000000003
16,1D,6,1138_bus,0.096411228,0.096297979,163.0,80.0,326.0,0.00011324899999999583
16,1D,6,Hook_1498,0.320960999,0.226387978,1948584.0,976716.0,3897168.0,0.09457302100000003
16,1D,6,cond-mat-2005,0.064114094,0.064010143,11007.0,6865.0,22014.0,0.00010395099999999102
16,1D,6,dixmaanl,0.064434528,0.064013004,11249.0,3749.0,22498.0,0.00042152400000000645
16,1D,6,flowmeter0,0.0959723,0.06398201,2407.0,1680.0,4814.0,0.03199028999999999
16,1D,6,msdoor,0.160439491,0.128145695,640437.0,282439.0,1280874.0,0.032293795999999986
16,1D,6,tmt_sym,0.066392899,0.064292431,181270.0,126558.0,362540.0,0.002100468000000008
16,1D,7,1138_bus,0.096485138,0.096385717,163.0,80.0,326.0,9.942100000000231e-05
16,1D,7,Hook_1498,0.35454154,0.2880404,1948584.0,976716.0,3897168.0,0.06650114000000001
16,1D,7,cond-mat-2005,0.064112425,0.064011097,11007.0,6865.0,22014.0,0.00010132799999999775
16,1D,7,dixmaanl,0.064167023,0.064028502,11249.0,3749.0,22498.0,0.00013852100000000256
16,1D,7,flowmeter0,0.064594984,0.063994646,2407.0,1680.0,4814.0,0.0006003379999999919
16,1D,7,msdoor,0.16054225,0.128109932,640437.0,282439.0,1280874.0,0.03243231799999999
16,1D,7,tmt_sym,0.097688913,0.09629035,181270.0,126558.0,362540.0,0.0013985630000000054
16,1D,8,1138_bus,0.064471006,0.064365387,163.0,80.0,326.0,0.00010561900000000124
16,1D,8,Hook_1498,0.290737629,0.224045038,1948584.0,976716.0,3897168.0,0.066692591
16,1D,8,cond-mat-2005,0.064113855,0.064012289,11007.0,6865.0,22014.0,0.00010156599999999738
16,1D,8,dixmaanl,0.064148188,0.06402874,11249.0,3749.0,22498.0,0.00011944799999999423
16,1D,8,flowmeter0,0.064996958,0.063988686,2407.0,1680.0,4814.0,0.0010082719999999906
16,1D,8,msdoor,0.160482168,0.12818265,640437.0,282439.0,1280874.0,0.032299518
16,1D,8,tmt_sym,0.066370964,0.064296722,181270.0,126558.0,362540.0,0.002074242000000004
16,1D,9,1138_bus,0.097468853,0.097364187,163.0,80.0,326.0,0.00010466599999998938
16,1D,9,Hook_1498,0.323642731,0.257042646,1948584.0,976716.0,3897168.0,0.06660008500000003
16,1D,9,cond-mat-2005,0.067653418,0.067492247,11007.0,6865.0,22014.0,0.00016117100000000162
16,1D,9,dixmaanl,0.062178373,0.062048912,11249.0,3749.0,22498.0,0.00012946100000000432
16,1D,9,flowmeter0,0.065156937,0.063994646,2407.0,1680.0,4814.0,0.0011622909999999959
16,1D,9,msdoor,0.160666466,0.128251553,640437.0,282439.0,1280874.0,0.03241491300000002
16,1D,9,tmt_sym,0.097725153,0.096313477,181270.0,126558.0,362540.0,0.0014116760000000006
16,2D,0,1138_bus,0.096068382,0.095995426,630.0,267.0,1260.0,7.295599999999902e-05
16,2D,0,Hook_1498,0.385168791,0.09617877,7721104.0,351099.0,15442208.0,0.28899002100000004
16,2D,0,cond-mat-2005,0.064397097,0.064010859,47344.0,7399.0,94688.0,0.0003862379999999971
16,2D,0,dixmaanl,0.06585145,0.065614462,29999.0,14062.0,59998.0,0.00023698800000000741
16,2D,0,flowmeter0,0.064311028,0.063990116,9547.0,2266.0,19094.0,0.0003209120000000065
16,2D,0,msdoor,0.131623507,0.064162731,2469148.0,97468.0,4938296.0,0.067460776
16,2D,0,tmt_sym,0.13111949,0.099027395,724743.0,170324.0,1449486.0,0.032092095
16,2D,1,1138_bus,0.096047878,0.095983505,630.0,267.0,1260.0,6.437300000000645e-05
16,2D,1,Hook_1498,0.417878866,0.127160549,7721104.0,351099.0,15442208.0,0.290718317
16,2D,1,cond-mat-2005,0.096086979,0.067656755,47344.0,7399.0,94688.0,0.028430224000000004
16,2D,1,dixmaanl,0.064810991,0.064576149,29999.0,14062.0,59998.0,0.000234841999999999
16,2D,1,flowmeter0,0.064054251,0.063990116,9547.0,2266.0,19094.0,6.413500000000683e-05
16,2D,1,msdoor,0.131495237,0.064010859,2469148.0,97468.0,4938296.0,0.06748437799999998
16,2D,1,tmt_sym,0.160065413,0.127975225,724743.0,170324.0,1449486.0,0.03209018799999999
16,2D,2,1138_bus,0.064064741,0.064002275,630.0,267.0,1260.0,6.246599999999713e-05
16,2D,2,Hook_1498,0.386729717,0.096307755,7721104.0,351099.0,15442208.0,0.290421962
16,2D,2,cond-mat-2005,0.09638238,0.095995426,47344.0,7399.0,94688.0,0.0003869540000000088
16,2D,2,dixmaanl,0.064809322,0.064575195,29999.0,14062.0,59998.0,0.00023412700000000064
16,2D,2,flowmeter0,0.064052582,0.063990116,9547.0,2266.0,19094.0,6.246599999999713e-05
16,2D,2,msdoor,0.131535053,0.064049721,2469148.0,97468.0,4938296.0,0.06748533200000001
16,2D,2,tmt_sym,0.160048008,0.128001928,724743.0,170324.0,1449486.0,0.032046080000000005
16,2D,3,1138_bus,0.064096928,0.064006805,630.0,267.0,1260.0,9.012299999999751e-05
16,2D,3,Hook_1498,0.386732578,0.096473217,7721104.0,351099.0,15442208.0,0.290259361
16,2D,3,cond-mat-2005,0.045807362,0.045018673,47344.0,7399.0,94688.0,0.0007886889999999952
16,2D,3,dixmaanl,0.064797163,0.064579487,29999.0,14062.0,59998.0,0.00021767599999999998
16,2D,3,flowmeter0,0.064054728,0.063992262,9547.0,2266.0,19094.0,6.246600000001101e-05
16,2D,3,msdoor,0.131509781,0.064048529,2469148.0,97468.0,4938296.0,0.06746125199999999
16,2D,3,tmt_sym,0.160081625,0.127994776,724743.0,170324.0,1449486.0,0.032086849
16,2D,4,1138_bus,0.064091444,0.06400156,630.0,267.0,1260.0,8.988399999999841e-05
16,2D,4,Hook_1498,0.385360003,0.096411467,7721104.0,351099.0,15442208.0,0.28894853600000003
16,2D,4,cond-mat-2005,0.064589739,0.064002752,47344.0,7399.0,94688.0,0.0005869869999999971
16,2D,4,dixmaanl,0.064819813,0.064552069,29999.0,14062.0,59998.0,0.0002677440000000003
16,2D,4,flowmeter0,0.064056635,0.063993454,9547.0,2266.0,19094.0,6.318099999999549e-05
16,2D,4,msdoor,0.131474495,0.064011097,2469148.0,97468.0,4938296.0,0.067463398
16,2D,4,tmt_sym,0.160055161,0.128004313,724743.0,170324.0,1449486.0,0.03205084799999999
16,2D,5,1138_bus,0.064089775,0.064001322,630.0,267.0,1260.0,8.845300000000222e-05
16,2D,5,Hook_1498,0.386814594,0.096455336,7721104.0,351099.0,15442208.0,0.290359258
16,2D,5,cond-mat-2005,0.062035561,0.06145215,47344.0,7399.0,94688.0,0.0005834110000000059
16,2D,5,dixmaanl,0.064814091,0.064591408,29999.0,14062.0,59998.0,0.0002226830000000013
16,2D,5,flowmeter0,0.064053535,0.063990593,9547.0,2266.0,19094.0,6.294199999999639e-05
16,2D,5,msdoor,0.13148737,0.064011335,2469148.0,97468.0,4938296.0,0.06747603499999999
16,2D,5,tmt_sym,0.160055637,0.127999067,724743.0,170324.0,1449486.0,0.032056570000000006
16,2D,6,1138_bus,0.064088583,0.064000368,630.0,267.0,1260.0,8.82150000000026e-05
16,2D,6,Hook_1498,0.416822433,0.096601725,7721104.0,351099.0,15442208.0,0.320220708
16,2D,6,cond-mat-2005,0.0620327,0.061456203,47344.0,7399.0,94688.0,0.0005764970000000022
16,2D,6,dixmaanl,0.064820766,0.064573288,29999.0,14062.0,59998.0,0.0002474779999999954
16,2D,6,flowmeter0,0.064055443,0.06399107,9547.0,2266.0,19094.0,6.437300000000645e-05
16,2D,6,msdoor,0.131504536,0.064007998,2469148.0,97468.0,4938296.0,0.06749653800000001
16,2D,6,tmt_sym,0.160073757,0.127997637,724743.0,170324.0,1449486.0,0.032076120000000014
16,2D,7,1138_bus,0.064089298,0.064000368,630.0,267.0,1260.0,8.893000000000095e-05
16,2D,7,Hook_1498,0.419121981,0.130165577,7721104.0,351099.0,15442208.0,0.288956404
16,2D,7,cond-mat-2005,0.061057091,0.060457945,47344.0,7399.0,94688.0,0.0005991460000000018
16,2D,7,dixmaanl,0.064790964,0.064571619,29999.0,14062.0,59998.0,0.00021934500000000967
16,2D,7,flowmeter0,0.064054251,0.063988447,9547.0,2266.0,19094.0,6.580400000000264e-05
16,2D,7,msdoor,0.131473064,0.06400919,2469148.0,97468.0,4938296.0,0.06746387400000001
16,2D,7,tmt_sym,0.160048485,0.12799716,724743.0,170324.0,1449486.0,0.03205132499999999
16,2D,8,1138_bus,0.064095497,0.064006329,630.0,267.0,1260.0,8.916800000000058e-05
16,2D,8,Hook_1498,0.419886827,0.130865335,7721104.0,351099.0,15442208.0,0.28902149200000005
16,2D,8,cond-mat-2005,0.05708313,0.05645442,47344.0,7399.0,94688.0,0.0006287100000000045
16,2D,8,dixmaanl,0.064807177,0.064578295,29999.0,14062.0,59998.0,0.0002288819999999997
16,2D,8,flowmeter0,0.064058542,0.063994169,9547.0,2266.0,19094.0,6.437299999999258e-05
16,2D,8,msdoor,0.13147831,0.064009666,2469148.0,97468.0,4938296.0,0.06746864399999998
16,2D,8,tmt_sym,0.160068989,0.127994061,724743.0,170324.0,1449486.0,0.032074928
16,2D,9,1138_bus,0.064092159,0.064008474,630.0,267.0,1260.0,8.368500000000001e-05
16,2D,9,Hook_1498,0.448781252,0.13135767,7721104.0,351099.0,15442208.0,0.317423582
16,2D,9,cond-mat-2005,0.064794302,0.064004421,47344.0,7399.0,94688.0,0.0007898809999999923
16,2D,9,dixmaanl,0.064795732,0.06458807,29999.0,14062.0,59998.0,0.00020766199999999735
16,2D,9,flowmeter0,0.064061403,0.063996077,9547.0,2266.0,19094.0,6.532600000000444e-05
16,2D,9,msdoor,0.131827593,0.064251184,2469148.0,97468.0,4938296.0,0.06757640899999999
16,2D,9,tmt_sym,0.160143614,0.128000736,724743.0,170324.0,1449486.0,0.032142877999999986
16,2D_cyclic,0,1138_bus,0.032009363,0.031996012,356.0,213.0,712.0,1.3351000000001723e-05
16,2D_cyclic,0,Hook_1498,0.419646263,0.288016796,2109839.0,280879.0,4219678.0,0.131629467
16,2D_cyclic,0,cond-mat-2005,0.064198732,0.064000368,9564.0,2316.0,19128.0,0.00019836399999999255
16,2D_cyclic,0,dixmaanl,0.033510685,0.03200388,30000.0,11250.0,60000.0,0.001506805
16,2D_cyclic,0,flowmeter0,0.032061815,0.032002449,4186.0,1813.0,8372.0,5.93659999999982e-05
16,2D_cyclic,0,msdoor,0.130233049,0.096022844,687717.0,77974.0,1375434.0,0.034210204999999994
16,2D_cyclic,0,tmt_sym,0.161296844,0.159017801,272215.0,136259.0,544430.0,0.0022790430000000084
16,2D_cyclic,1,1138_bus,0.031994104,0.031979799,356.0,213.0,712.0,1.430499999999918e-05
16,2D_cyclic,1,Hook_1498,0.355706453,0.224060774,2109839.0,280879.0,4219678.0,0.131645679
16,2D_cyclic,1,cond-mat-2005,0.064163446,0.06396842,9564.0,2316.0,19128.0,0.00019502600000000092
16,2D_cyclic,1,dixmaanl,0.033097029,0.032010555,30000.0,11250.0,60000.0,0.001086473999999997
16,2D_cyclic,1,flowmeter0,0.0324049,0.031971693,4186.0,1813.0,8372.0,0.00043320699999999795
16,2D_cyclic,1,msdoor,0.130194426,0.09604001,687717.0,77974.0,1375434.0,0.03415441600000001
16,2D_cyclic,1,tmt_sym,0.130246401,0.127991438,272215.0,136259.0,544430.0,0.0022549629999999987
16,2D_cyclic,2,1138_bus,0.032003641,0.03199172,356.0,213.0,712.0,1.1920999999998072e-05
16,2D_cyclic,2,Hook_1498,0.387663603,0.256012201,2109839.0,280879.0,4219678.0,0.13165140200000003
16,2D_cyclic,2,cond-mat-2005,0.06419611,0.064001322,9564.0,2316.0,19128.0,0.0001947880000000013
16,2D_cyclic,2,dixmaanl,0.064189672,0.063972712,30000.0,11250.0,60000.0,0.00021696000000000215
16,2D_cyclic,2,flowmeter0,0.032361269,0.031965017,4186.0,1813.0,8372.0,0.0003962519999999997
16,2D_cyclic,2,msdoor,0.130256414,0.096046448,687717.0,77974.0,1375434.0,0.03420996599999998
16,2D_cyclic,2,tmt_sym,0.162287474,0.160020113,272215.0,136259.0,544430.0,0.0022673609999999955
16,2D_cyclic,3,1138_bus,0.031989098,0.031975746,356.0,213.0,712.0,1.3352000000001196e-05
16,2D_cyclic,3,Hook_1498,0.451648474,0.320047617,2109839.0,280879.0,4219678.0,0.13160085700000002
16,2D_cyclic,3,cond-mat-2005,0.064433336,0.06397748,9564.0,2316.0,19128.0,0.0004558559999999906
16,2D_cyclic,3,dixmaanl,0.03307271,0.031977892,30000.0,11250.0,60000.0,0.0010948179999999974
16,2D_cyclic,3,flowmeter0,0.032404661,0.031979084,4186.0,1813.0,8372.0,0.00042557700000000337
16,2D_cyclic,3,msdoor,0.130228519,0.096048117,687717.0,77974.0,1375434.0,0.034180401999999985
16,2D_cyclic,3,tmt_sym,0.130255699,0.127991199,272215.0,136259.0,544430.0,0.0022645000000000026
16,2D_cyclic,4,1138_bus,0.032011509,0.031997442,356.0,213.0,712.0,1.4066999999999552e-05
16,2D_cyclic,4,Hook_1498,0.386669159,0.255997419,2109839.0,280879.0,4219678.0,0.13067173999999998
16,2D_cyclic,4,cond-mat-2005,0.064464569,0.064001799,9564.0,2316.0,19128.0,0.00046277000000000124
16,2D_cyclic,4,dixmaanl,0.033099651,0.032010317,30000.0,11250.0,60000.0,0.0010893339999999974
16,2D_cyclic,4,flowmeter0,0.032370806,0.031968355,4186.0,1813.0,8372.0,0.00040245100000000505
16,2D_cyclic,4,msdoor,0.130232811,0.096044302,687717.0,77974.0,1375434.0,0.034188509000000006
16,2D_cyclic,4,tmt_sym,0.130254507,0.127976894,272215.0,136259.0,544430.0,0.002277612999999984
16,2D_cyclic,5,1138_bus,0.031999826,0.031986475,356.0,213.0,712.0,1.3351000000001723e-05
16,2D_cyclic,5,Hook_1498,0.38870883,0.256064653,2109839.0,280879.0,4219678.0,0.13264417700000003
16,2D_cyclic,5,cond-mat-2005,0.065015078,0.063997507,9564.0,2316.0,19128.0,0.0010175710000000088
16,2D_cyclic,5,dixmaanl,0.064188957,0.063977003,30000.0,11250.0,60000.0,0.0002119540000000003
16,2D_cyclic,5,flowmeter0,0.032393456,0.031965971,4186.0,1813.0,8372.0,0.0004274849999999983
16,2D_cyclic,5,msdoor,0.13018322,0.096033812,687717.0,77974.0,1375434.0,0.03414940799999999
16,2D_cyclic,5,tmt_sym,0.13034153,0.128030539,272215.0,136259.0,544430.0,0.0023109910000000122
16,2D_cyclic,6,1138_bus,0.031992912,0.031977654,356.0,213.0,712.0,1.5257999999997163e-05
16,2D_cyclic,6,Hook_1498,0.450619221,0.319008827,2109839.0,280879.0,4219678.0,0.13161039400000002
16,2D_cyclic,6,cond-mat-2005,0.065003395,0.063998222,9564.0,2316.0,19128.0,0.001005173000000012
16,2D_cyclic,6,dixmaanl,0.033062458,0.031979799,30000.0,11250.0,60000.0,0.0010826589999999997
16,2D_cyclic,6,flowmeter0,0.032369137,0.031972647,4186.0,1813.0,8372.0,0.00039648999999999934
16,2D_cyclic,6,msdoor,0.130214453,0.096031904,687717.0,77974.0,1375434.0,0.034182549000000007
16,2D_cyclic,6,tmt_sym,0.130308628,0.128003836,272215.0,136259.0,544430.0,0.002304792
16,2D_cyclic,7,1138_bus,0.031979322,0.031965733,356.0,213.0,712.0,1.3588999999994411e-05
16,2D_cyclic,7,Hook_1498,0.388913631,0.256002188,2109839.0,280879.0,4219678.0,0.13291144299999996
16,2D_cyclic,7,cond-mat-2005,0.064744473,0.063998222,9564.0,2316.0,19128.0,0.0007462510000000033
16,2D_cyclic,7,dixmaanl,0.033096552,0.032009125,30000.0,11250.0,60000.0,0.001087427000000002
16,2D_cyclic,7,flowmeter0,0.032410622,0.031983852,4186.0,1813.0,8372.0,0.00042676999999999993
16,2D_cyclic,7,msdoor,0.130280495,0.09604001,687717.0,77974.0,1375434.0,0.034240485
16,2D_cyclic,7,tmt_sym,0.130308867,0.128028154,272215.0,136259.0,544430.0,0.0022807129999999898
16,2D_cyclic,8,1138_bus,0.031992197,0.031977892,356.0,213.0,712.0,1.430499999999918e-05
16,2D_cyclic,8,Hook_1498,0.416100264,0.256070614,2109839.0,280879.0,4219678.0,0.16002965000000002
16,2D_cyclic,8,cond-mat-2005,0.064736128,0.063998938,9564.0,2316.0,19128.0,0.0007371899999999987
16,2D_cyclic,8,dixmaanl,0.064179897,0.063969612,30000.0,11250.0,60000.0,0.0002102850000000045
16,2D_cyclic,8,flowmeter0,0.032385111,0.031985283,4186.0,1813.0,8372.0,0.0003998279999999979
16,2D_cyclic,8,msdoor,0.130230188,0.096061468,687717.0,77974.0,1375434.0,0.03416872
16,2D_cyclic,8,tmt_sym,0.130309582,0.128030062,272215.0,136259.0,544430.0,0.002279520000000007
16,2D_cyclic,9,1138_bus,0.031995535,0.031982422,356.0,213.0,712.0,1.3112999999995156e-05
16,2D_cyclic,9,Hook_1498,0.421648741,0.288044453,2109839.0,280879.0,4219678.0,0.13360428800000002
16,2D_cyclic,9,cond-mat-2005,0.065021753,0.064000607,9564.0,2316.0,19128.0,0.0010211460000000006
16,2D_cyclic,9,dixmaanl,0.033393383,0.031982899,30000.0,11250.0,60000.0,0.0014104839999999966
16,2D_cyclic,9,flowmeter0,0.032418966,0.031987667,4186.0,1813.0,8372.0,0.00043129900000000304
16,2D_cyclic,9,msdoor,0.130226851,0.096040487,687717.0,77974.0,1375434.0,0.03418636400000001
16,2D_cyclic,9,tmt_sym,0.162264824,0.159996271,272215.0,136259.0,544430.0,0.0022685530000000065
32,1D,0,1138_bus,0.192080498,0.1920228,86.0,46.0,172.0,5.769799999999492e-05
32,1D,0,Hook_1498,0.384993792,0.320001125,972745.0,677726.0,1945490.0,0.064992667
32,1D,0,cond-mat-2005,0.193114519,0.19198823,5498.0,4199.0,10996.0,0.0011262890000000025
32,1D,0,dixmaanl,0.064673662,0.064021111,5624.0,1874.0,11248.0,0.0006525510000000012
32,1D,0,flowmeter0,0.192286968,0.19200778,1202.0,894.0,2404.0,0.00027918800000001354
32,1D,0,msdoor,0.194225788,0.192023754,320135.0,204959.0,640270.0,0.0022020340000000194
32,1D,0,tmt_sym,0.256795645,0.256005764,90585.0,65697.0,181170.0,0.0007898809999999923
32,1D,1,1138_bus,0.255990982,0.2559762,86.0,46.0,172.0,1.4781999999990969e-05
32,1D,1,Hook_1498,0.321776628,0.256213665,972745.0,677726.0,1945490.0,0.06556296300000003
32,1D,1,cond-mat-2005,0.193119049,0.192000389,5498.0,4199.0,10996.0,0.0011186599999999935
32,1D,1,dixmaanl,0.06465292,0.064016342,5624.0,1874.0,11248.0,0.0006365779999999988
32,1D,1,flowmeter0,0.192291021,0.19198966,1202.0,894.0,2404.0,0.000301361
32,1D,1,msdoor,0.194284678,0.192106485,320135.0,204959.0,640270.0,0.002178192999999995
32,1D,1,tmt_sym,0.258054972,0.257254839,90585.0,65697.0,181170.0,0.0008001329999999807
32,1D,2,1138_bus,0.255995512,0.255977392,86.0,46.0,172.0,1.811999999995484e-05
32,1D,2,Hook_1498,0.380932093,0.320000648,972745.0,677726.0,1945490.0,0.06093144500000003
32,1D,2,cond-mat-2005,0.192857742,0.191998482,5498.0,4199.0,10996.0,0.0008592600000000006
32,1D,2,dixmaanl,0.064658165,0.064014673,5624.0,1874.0,11248.0,0.0006434920000000094
32,1D,2,flowmeter0,0.197278023,0.19700098,1202.0,894.0,2404.0,0.0002770430000000046
32,1D,2,msdoor,0.196220636,0.19401741,320135.0,204959.0,640270.0,0.0022032260000000026
32,1D,2,tmt_sym,0.194264174,0.193461657,90585.0,65697.0,181170.0,0.0008025170000000026
32,1D,3,1138_bus,0.255992651,0.255977392,86.0,46.0,172.0,1.5258999999989697e-05
32,1D,3,Hook_1498,0.384800673,0.259820223,972745.0,677726.0,1945490.0,0.12498044999999997
32,1D,3,cond-mat-2005,0.192850828,0.191993713,5498.0,4199.0,10996.0,0.0008571149999999916
32,1D,3,dixmaanl,0.132437944,0.132026911,5624.0,1874.0,11248.0,0.0004110330000000051
32,1D,3,flowmeter0,0.19630456,0.195999146,1202.0,894.0,2404.0,0.0003054139999999761
32,1D,3,msdoor,0.194304705,0.192098141,320135.0,204959.0,640270.0,0.002206563999999994
32,1D,3,tmt_sym,0.258754492,0.25796628,90585.0,65697.0,181170.0,0.0007882120000000103
32,1D,4,1138_bus,0.192052364,0.191994429,86.0,46.0,172.0,5.793500000000895e-05
32,1D,4,Hook_1498,0.321642399,0.25604105,972745.0,677726.0,1945490.0,0.06560134900000003
32,1D,4,cond-mat-2005,0.167572975,0.166971922,5498.0,4199.0,10996.0,0.000601053000000018
32,1D,4,dixmaanl,0.25599122,0.195868492,5624.0,1874.0,11248.0,0.060122728000000014
32,1D,4,flowmeter0,0.193000078,0.191987038,1202.0,894.0,2404.0,0.0010130399999999928
32,1D,4,msdoor,0.194279671,0.192005873,320135.0,204959.0,640270.0,0.0022737979999999935
32,1D,4,tmt_sym,0.1928792,0.192093134,90585.0,65697.0,181170.0,0.0007860660000000019
32,1D,5,1138_bus,0.192055464,0.191996098,86.0,46.0,172.0,5.936600000000514e-05
32,1D,5,Hook_1498,0.326141357,0.261006117,972745.0,677726.0,1945490.0,0.06513524000000004
32,1D,5,cond-mat-2005,0.192321539,0.192002773,5498.0,4199.0,10996.0,0.00031876600000002586
32,1D,5,dixmaanl,0.19210577,0.192005157,5624.0,1874.0,11248.0,0.0001006129999999994
32,1D,5,flowmeter0,0.192992926,0.1919837,1202.0,894.0,2404.0,0.001009226000000002
32,1D,5,msdoor,0.194283485,0.192109346,320135.0,204959.0,640270.0,0.0021741390000000194
32,1D,5,tmt_sym,0.256856203,0.256076097,90585.0,65697.0,181170.0,0.0007801060000000026
32,1D,6,1138_bus,0.19198823,0.191973925,86.0,46.0,172.0,1.4305000000019996e-05
32,1D,6,Hook_1498,0.321362495,0.256174326,972745.0,677726.0,1945490.0,0.06518816900000002
32,1D,6,cond-mat-2005,0.259188414,0.258983374,5498.0,4199.0,10996.0,0.00020503999999998967
32,1D,6,dixmaanl,0.192086458,0.191987514,5624.0,1874.0,11248.0,9.894399999998971e-05
32,1D,6,flowmeter0,0.192980528,0.19197917,1202.0,894.0,2404.0,0.0010013580000000077
32,1D,6,msdoor,0.194212675,0.19201684,320135.0,204959.0,640270.0,0.002195835000000007
32,1D,6,tmt_sym,0.256840229,0.256053448,90585.0,65697.0,181170.0,0.0007867809999999587
32,1D,7,1138_bus,0.192005396,0.191992283,86.0,46.0,172.0,1.3112999999981279e-05
32,1D,7,Hook_1498,0.386364698,0.321304083,972745.0,677726.0,1945490.0,0.06506061499999999
32,1D,7,cond-mat-2005,0.25658679,0.255991936,5498.0,4199.0,10996.0,0.0005948540000000335
32,1D,7,dixmaanl,0.192075968,0.19197607,5624.0,1874.0,11248.0,9.989800000001492e-05
32,1D,7,flowmeter0,0.192979336,0.191987276,1202.0,894.0,2404.0,0.000992059999999989
32,1D,7,msdoor,0.194259405,0.192006111,320135.0,204959.0,640270.0,0.002253293999999989
32,1D,7,tmt_sym,0.256840467,0.256052732,90585.0,65697.0,181170.0,0.0007877350000000116
32,1D,8,1138_bus,0.192013502,0.191997766,86.0,46.0,172.0,1.573600000001618e-05
32,1D,8,Hook_1498,0.448148012,0.316468,972745.0,677726.0,1945490.0,0.13168001199999996
32,1D,8,cond-mat-2005,0.260682106,0.256984234,5498.0,4199.0,10996.0,0.0036978720000000465
32,1D,8,dixmaanl,0.192101717,0.191999197,5624.0,1874.0,11248.0,0.00010251999999999484
32,1D,8,flowmeter0,0.192985058,0.191980362,1202.0,894.0,2404.0,0.0010046959999999994
32,1D,8,msdoor,0.19430995,0.192110062,320135.0,204959.0,640270.0,0.002199888000000011
32,1D,8,tmt_sym,0.256857634,0.256070614,90585.0,65697.0,181170.0,0.0007870200000000271
32,1D,9,1138_bus,0.192006826,0.191991091,86.0,46.0,172.0,1.5734999999988952e-05
32,1D,9,Hook_1498,0.444105864,0.317359924,972745.0,677726.0,1945490.0,0.12674594
32,1D,9,cond-mat-2005,0.192803144,0.192071199,5498.0,4199.0,10996.0,0.0007319450000000116
32,1D,9,dixmaanl,0.191113472,0.191055775,5624.0,1874.0,11248.0,5.7696999999995446e-05
32,1D,9,flowmeter0,0.193115711,0.191987038,1202.0,894.0,2404.0,0.0011286729999999967
32,1D,9,msdoor,0.193297386,0.19102788,320135.0,204959.0,640270.0,0.0022695059999999767
32,1D,9,tmt_sym,0.210021496,0.209197521,90585.0,65697.0,181170.0,0.0008239750000000046
32,2D,0,1138_bus,0.192253113,0.191980124,329.0,138.0,658.0,0.00027298900000000126
32,2D,0,Hook_1498,0.444636345,0.187118292,3937136.0,181401.0,7874272.0,0.25751805299999997
32,2D,0,cond-mat-2005,0.128532887,0.12801981,37017.0,4378.0,74034.0,0.0005130770000000007
32,2D,0,dixmaanl,0.190916538,0.190532207,15000.0,7265.0,30000.0,0.00038433099999998777
32,2D,0,flowmeter0,0.256041288,0.255983114,4833.0,1171.0,9666.0,5.817399999996642e-05
32,2D,0,msdoor,0.321634769,0.255983353,1324463.0,50358.0,2648926.0,0.06565141599999996
32,2D,0,tmt_sym,0.258265018,0.25598526,363270.0,88001.0,726540.0,0.0022797580000000206
32,2D,1,1138_bus,0.191995621,0.191981077,329.0,138.0,658.0,1.454400000000522e-05
32,2D,1,Hook_1498,0.453425646,0.196006775,3937136.0,181401.0,7874272.0,0.25741887100000005
32,2D,1,cond-mat-2005,0.19251585,0.191986561,37017.0,4378.0,74034.0,0.0005292889999999884
32,2D,1,dixmaanl,0.190894127,0.190513372,15000.0,7265.0,30000.0,0.0003807550000000104
32,2D,1,flowmeter0,0.192044258,0.191998959,4833.0,1171.0,9666.0,4.5298999999998646e-05
32,2D,1,msdoor,0.321613312,0.256000996,1324463.0,50358.0,2648926.0,0.065612316
32,2D,1,tmt_sym,0.194344282,0.192029953,363270.0,88001.0,726540.0,0.002314329000000004
32,2D,2,1138_bus,0.192050219,0.191993475,329.0,138.0,658.0,5.674399999999746e-05
32,2D,2,Hook_1498,0.446522713,0.189079762,3937136.0,181401.0,7874272.0,0.25744295100000003
32,2D,2,cond-mat-2005,0.192522526,0.191999674,37017.0,4378.0,74034.0,0.0005228519999999903
32,2D,2,dixmaanl,0.192372799,0.191989183,15000.0,7265.0,30000.0,0.0003836160000000033
32,2D,2,flowmeter0,0.192061663,0.192002296,4833.0,1171.0,9666.0,5.936700000000461e-05
32,2D,2,msdoor,0.321600914,0.25600791,1324463.0,50358.0,2648926.0,0.06559300400000001
32,2D,2,tmt_sym,0.194333792,0.192016602,363270.0,88001.0,726540.0,0.0023171899999999968
32,2D,3,1138_bus,0.192008734,0.191993952,329.0,138.0,658.0,1.4781999999990969e-05
32,2D,3,Hook_1498,0.449507475,0.192094803,3937136.0,181401.0,7874272.0,0.25741267199999995
32,2D,3,cond-mat-2005,0.192512035,0.191985607,37017.0,4378.0,74034.0,0.0005264279999999955
32,2D,3,dixmaanl,0.192659616,0.192012787,15000.0,7265.0,30000.0,0.0006468290000000154
32,2D,3,flowmeter0,0.192024708,0.191983461,4833.0,1171.0,9666.0,4.124699999999426e-05
32,2D,3,msdoor,0.321591616,0.255998611,1324463.0,50358.0,2648926.0,0.06559300500000004
32,2D,3,tmt_sym,0.194279909,0.192009211,363270.0,88001.0,726540.0,0.0022706979999999877
32,2D,4,1138_bus,0.192003727,0.19198966,329.0,138.0,658.0,1.4067000000006491e-05
32,2D,4,Hook_1498,0.449535131,0.192110538,3937136.0,181401.0,7874272.0,0.257424593
32,2D,4,cond-mat-2005,0.192562103,0.191987753,37017.0,4378.0,74034.0,0.0005743500000000012
32,2D,4,dixmaanl,0.256373644,0.255995512,15000.0,7265.0,30000.0,0.000378132000000031
32,2D,4,flowmeter0,0.189058304,0.189016104,4833.0,1171.0,9666.0,4.220000000002e-05
32,2D,4,msdoor,0.321597815,0.256000519,1324463.0,50358.0,2648926.0,0.06559729600000003
32,2D,4,tmt_sym,0.126333952,0.124019861,363270.0,88001.0,726540.0,0.0023140910000000042
32,2D,5,1138_bus,0.190035343,0.189995289,329.0,138.0,658.0,4.0053999999983825e-05
32,2D,5,Hook_1498,0.449499369,0.192101002,3937136.0,181401.0,7874272.0,0.25739836699999996
32,2D,5,cond-mat-2005,0.193579197,0.192999363,37017.0,4378.0,74034.0,0.0005798340000000013
32,2D,5,dixmaanl,0.256365776,0.255983829,15000.0,7265.0,30000.0,0.0003819469999999936
32,2D,5,flowmeter0,0.19104147,0.191000462,4833.0,1171.0,9666.0,4.100799999998128e-05
32,2D,5,msdoor,0.321599483,0.256001472,1324463.0,50358.0,2648926.0,0.06559801100000001
32,2D,5,tmt_sym,0.134341478,0.132028818,363270.0,88001.0,726540.0,0.002312659999999994
32,2D,6,1138_bus,0.19203186,0.191990614,329.0,138.0,658.0,4.124599999999479e-05
32,2D,6,Hook_1498,0.449525118,0.192074537,3937136.0,181401.0,7874272.0,0.257450581
32,2D,6,cond-mat-2005,0.192786455,0.191972494,37017.0,4378.0,74034.0,0.0008139610000000019
32,2D,6,dixmaanl,0.256121874,0.255993128,15000.0,7265.0,30000.0,0.0001287460000000129
32,2D,6,flowmeter0,0.19203043,0.191985846,4833.0,1171.0,9666.0,4.458400000001417e-05
32,2D,6,msdoor,0.321611643,0.25600791,1324463.0,50358.0,2648926.0,0.065603733
32,2D,6,tmt_sym,0.130343437,0.128032923,363270.0,88001.0,726540.0,0.0023105140000000135
32,2D,7,1138_bus,0.19101882,0.191004992,329.0,138.0,658.0,1.3827999999993512e-05
32,2D,7,Hook_1498,0.449641228,0.1922369,3937136.0,181401.0,7874272.0,0.257404328
32,2D,7,cond-mat-2005,0.19279933,0.191999435,37017.0,4378.0,74034.0,0.0007998949999999949
32,2D,7,dixmaanl,0.256373405,0.255990505,15000.0,7265.0,30000.0,0.00038290000000001934
32,2D,7,flowmeter0,0.19201827,0.191977024,4833.0,1171.0,9666.0,4.124599999999479e-05
32,2D,7,msdoor,0.324612379,0.256004095,1324463.0,50358.0,2648926.0,0.06860828400000002
32,2D,7,tmt_sym,0.130336285,0.128024578,363270.0,88001.0,726540.0,0.002311706999999996
32,2D,8,1138_bus,0.25699234,0.256978273,329.0,138.0,658.0,1.4067000000006491e-05
32,2D,8,Hook_1498,0.453484297,0.192082882,3937136.0,181401.0,7874272.0,0.26140141499999997
32,2D,8,cond-mat-2005,0.192781448,0.191986322,37017.0,4378.0,74034.0,0.0007951260000000071
32,2D,8,dixmaanl,0.256113529,0.255989313,15000.0,7265.0,30000.0,0.00012421600000001032
32,2D,8,flowmeter0,0.192026138,0.191983461,4833.0,1171.0,9666.0,4.267700000001873e-05
32,2D,8,msdoor,0.321608067,0.256004095,1324463.0,50358.0,2648926.0,0.06560397200000001
32,2D,8,tmt_sym,0.130360365,0.128023386,363270.0,88001.0,726540.0,0.002336979000000017
32,2D,9,1138_bus,0.195031404,0.195016861,329.0,138.0,658.0,1.454299999997799e-05
32,2D,9,Hook_1498,0.448517323,0.1920681,3937136.0,181401.0,7874272.0,0.25644922300000006
32,2D,9,cond-mat-2005,0.19301939,0.192000628,37017.0,4378.0,74034.0,0.0010187620000000064
32,2D,9,dixmaanl,0.252975702,0.252500772,15000.0,7265.0,30000.0,0.00047493000000004004
32,2D,9,flowmeter0,0.194036722,0.193994522,4833.0,1171.0,9666.0,4.2199999999992244e-05
32,2D,9,msdoor,0.254631996,0.189048767,1324463.0,50358.0,2648926.0,0.06558322900000002
32,2D,9,tmt_sym,0.130338192,0.128072739,363270.0,88001.0,726540.0,0.0022654530000000006
32,2D_cyclic,0,1138_bus,0.064001083,0.063988209,177.0,107.0,354.0,1.2873999999996055e-05
32,2D_cyclic,0,Hook_1498,0.38763237,0.256050825,1054601.0,140439.0,2109202.0,0.13158154500000002
32,2D_cyclic,0,cond-mat-2005,0.065807343,0.064003944,4703.0,1146.0,9406.0,0.001803399000000011
32,2D_cyclic,0,dixmaanl,0.064678431,0.063985586,15000.0,5625.0,30000.0,0.0006928449999999975
32,2D_cyclic,0,flowmeter0,0.128025055,0.127980947,2101.0,906.0,4202.0,4.410799999998716e-05
32,2D_cyclic,0,msdoor,0.195493221,0.19201231,345634.0,38987.0,691268.0,0.003480911000000003
32,2D_cyclic,0,tmt_sym,0.193497419,0.192016602,136050.0,68130.0,272100.0,0.0014808169999999954
32,2D_cyclic,1,1138_bus,0.06400466,0.063994408,177.0,107.0,354.0,1.025200000000226e-05
32,2D_cyclic,1,Hook_1498,0.515574217,0.384019613,1054601.0,140439.0,2109202.0,0.13155460399999996
32,2D_cyclic,1,cond-mat-2005,0.065745115,0.063968658,4703.0,1146.0,9406.0,0.001776457000000009
32,2D_cyclic,1,dixmaanl,0.064694405,0.064007282,15000.0,5625.0,30000.0,0.0006871229999999978
32,2D_cyclic,1,flowmeter0,0.12801218,0.127966642,2101.0,906.0,4202.0,4.5538000000011625e-05
32,2D_cyclic,1,msdoor,0.195556164,0.192022562,345634.0,38987.0,691268.0,0.003533601999999997
32,2D_cyclic,1,tmt_sym,0.193473101,0.191996813,136050.0,68130.0,272100.0,0.00147628800000002
32,2D_cyclic,2,1138_bus,0.064004898,0.063993931,177.0,107.0,354.0,1.0967000000000615e-05
32,2D_cyclic,2,Hook_1498,0.451541662,0.319989204,1054601.0,140439.0,2109202.0,0.13155245799999998
32,2D_cyclic,2,cond-mat-2005,0.065804482,0.063998461,4703.0,1146.0,9406.0,0.001806020999999991
32,2D_cyclic,2,dixmaanl,0.064986944,0.064002275,15000.0,5625.0,30000.0,0.0009846690000000075
32,2D_cyclic,2,flowmeter0,0.128005743,0.127960682,2101.0,906.0,4202.0,4.5061000000012896e-05
32,2D_cyclic,2,msdoor,0.195210457,0.192016363,345634.0,38987.0,691268.0,0.0031940940000000084
32,2D_cyclic,2,tmt_sym,0.193544149,0.192035675,136050.0,68130.0,272100.0,0.0015084740000000096
32,2D_cyclic,3,1138_bus,0.064007044,0.063994169,177.0,107.0,354.0,1.2874999999995529e-05
32,2D_cyclic,3,Hook_1498,0.38760519,0.256052017,1054601.0,140439.0,2109202.0,0.13155317299999997
32,2D_cyclic,3,cond-mat-2005,0.065743208,0.063969135,4703.0,1146.0,9406.0,0.001774073000000001
32,2D_cyclic,3,dixmaanl,0.064954758,0.063968897,15000.0,5625.0,30000.0,0.0009858610000000045
32,2D_cyclic,3,flowmeter0,0.128009319,0.127964735,2101.0,906.0,4202.0,4.458400000001417e-05
32,2D_cyclic,3,msdoor,0.195199013,0.192019939,345634.0,38987.0,691268.0,0.003179074000000004
32,2D_cyclic,3,tmt_sym,0.193491697,0.192016363,136050.0,68130.0,272100.0,0.0014753339999999948
32,2D_cyclic,4,1138_bus,0.064005613,0.063994884,177.0,107.0,354.0,1.0729000000000988e-05
32,2D_cyclic,4,Hook_1498,0.51453948,0.382981062,1054601.0,140439.0,2109202.0,0.13155841800000007
32,2D_cyclic,4,cond-mat-2005,0.065817833,0.063999653,4703.0,1146.0,9406.0,0.0018181800000000026
32,2D_cyclic,4,dixmaanl,0.064990997,0.064003944,15000.0,5625.0,30000.0,0.0009870530000000016
32,2D_cyclic,4,flowmeter0,0.127006769,0.126961708,2101.0,906.0,4202.0,4.506099999998514e-05
32,2D_cyclic,4,msdoor,0.195187807,0.192005157,345634.0,38987.0,691268.0,0.0031826499999999813
32,2D_cyclic,4,tmt_sym,0.193518877,0.192029476,136050.0,68130.0,272100.0,0.0014894010000000013
32,2D_cyclic,5,1138_bus,0.064007282,0.063994884,177.0,107.0,354.0,1.23979999999968e-05
32,2D_cyclic,5,Hook_1498,0.472540379,0.341013193,1054601.0,140439.0,2109202.0,0.13152718600000002
32,2D_cyclic,5,cond-mat-2005,0.065728903,0.063970089,4703.0,1146.0,9406.0,0.0017588140000000113
32,2D_cyclic,5,dixmaanl,0.064975977,0.063981533,15000.0,5625.0,30000.0,0.000994444000000011
32,2D_cyclic,5,flowmeter0,0.128269672,0.127961874,2101.0,906.0,4202.0,0.000307797999999998
32,2D_cyclic,5,msdoor,0.195216894,0.191992283,345634.0,38987.0,691268.0,0.0032246109999999883
32,2D_cyclic,5,tmt_sym,0.193536282,0.192034721,136050.0,68130.0,272100.0,0.0015015610000000124
32,2D_cyclic,6,1138_bus,0.064284325,0.063992262,177.0,107.0,354.0,0.00029206300000000907
32,2D_cyclic,6,Hook_1498,0.576630354,0.38401103,1054601.0,140439.0,2109202.0,0.19261932399999998
32,2D_cyclic,6,cond-mat-2005,0.0657866,0.063997507,4703.0,1146.0,9406.0,0.0017890930000000055
32,2D_cyclic,6,dixmaanl,0.064998865,0.064004421,15000.0,5625.0,30000.0,0.000994443999999997
32,2D_cyclic,6,flowmeter0,0.129005909,0.128962755,2101.0,906.0,4202.0,4.31539999999897e-05
32,2D_cyclic,6,msdoor,0.192202568,0.189017057,345634.0,38987.0,691268.0,0.003185511000000002
32,2D_cyclic,6,tmt_sym,0.189485073,0.187998295,136050.0,68130.0,272100.0,0.0014867779999999942
32,2D_cyclic,7,1138_bus,0.064282894,0.063993454,177.0,107.0,354.0,0.00028943999999998804
32,2D_cyclic,7,Hook_1498,0.451561451,0.320017338,1054601.0,140439.0,2109202.0,0.13154411300000002
32,2D_cyclic,7,cond-mat-2005,0.065719128,0.063960791,4703.0,1146.0,9406.0,0.0017583369999999987
32,2D_cyclic,7,dixmaanl,0.064996243,0.064006567,15000.0,5625.0,30000.0,0.000989675999999995
32,2D_cyclic,7,flowmeter0,0.128030062,0.127986908,2101.0,906.0,4202.0,4.31539999999897e-05
32,2D_cyclic,7,msdoor,0.195179462,0.191997051,345634.0,38987.0,691268.0,0.003182410999999996
32,2D_cyclic,7,tmt_sym,0.196492434,0.194999933,136050.0,68130.0,272100.0,0.0014925010000000072
32,2D_cyclic,8,1138_bus,0.064004898,0.063994169,177.0,107.0,354.0,1.0729000000000988e-05
32,2D_cyclic,8,Hook_1498,0.450592995,0.320020914,1054601.0,140439.0,2109202.0,0.130572081
32,2D_cyclic,8,cond-mat-2005,0.066107988,0.063998222,4703.0,1146.0,9406.0,0.002109766000000013
32,2D_cyclic,8,dixmaanl,0.064957142,0.063973665,15000.0,5625.0,30000.0,0.0009834769999999965
32,2D_cyclic,8,flowmeter0,0.128018141,0.127972364,2101.0,906.0,4202.0,4.577699999999685e-05
32,2D_cyclic,8,msdoor,0.195196152,0.191987753,345634.0,38987.0,691268.0,0.0032083990000000007
32,2D_cyclic,8,tmt_sym,0.193543434,0.192037106,136050.0,68130.0,272100.0,0.0015063279999999735
32,2D_cyclic,9,1138_bus,0.064008474,0.063996792,177.0,107.0,354.0,1.1681999999998971e-05
32,2D_cyclic,9,Hook_1498,0.455574989,0.321016073,1054601.0,140439.0,2109202.0,0.13455891599999997
32,2D_cyclic,9,cond-mat-2005,0.066058397,0.063966513,4703.0,1146.0,9406.0,0.002091884000000002
32,2D_cyclic,9,dixmaanl,0.06499362,0.064006805,15000.0,5625.0,30000.0,0.000986815000000002
32,2D_cyclic,9,flowmeter0,0.126024961,0.125980139,2101.0,906.0,4202.0,4.482199999999992e-05
32,2D_cyclic,9,msdoor,0.195247173,0.192041636,345634.0,38987.0,691268.0,0.0032055370000000083
32,2D_cyclic,9,tmt_sym,0.193543434,0.192027092,136050.0,68130.0,272100.0,0.001516341999999976
64,1D,0,1138_bus,0.511022806,0.51101613,43.0,24.0,86.0,6.676000000038762e-06
64,1D,0,Hook_1498,0.768043041,0.64009285,485623.0,399766.0,971246.0,0.12795019099999994
64,1D,0,cond-mat-2005,0.512054205,0.512011051,2633.0,2238.0,5266.0,4.31539999999897e-05
64,1D,0,dixmaanl,0.384026289,0.383978367,2813.0,1562.0,5626.0,4.792200000003355e-05
64,1D,0,flowmeter0,0.384102583,0.384088755,599.0,447.0,1198.0,1.3827999999993512e-05
64,1D,0,msdoor,0.641381502,0.640011072,159890.0,126168.0,319780.0,0.0013704300000000336
64,1D,0,tmt_sym,0.509633541,0.508990049,45253.0,33413.0,90506.0,0.0006434920000000233
64,1D,1,1138_bus,0.512015343,0.512007713,43.0,24.0,86.0,7.629999999925197e-06
64,1D,1,Hook_1498,0.7653687,0.637274504,485623.0,399766.0,971246.0,0.12809419600000005
64,1D,1,cond-mat-2005,0.639985561,0.639942408,2633.0,2238.0,5266.0,4.315300000001798e-05
64,1D,1,dixmaanl,0.384058237,0.38401103,2813.0,1562.0,5626.0,4.720700000004907e-05
64,1D,1,flowmeter0,0.511992455,0.51197505,599.0,447.0,1198.0,1.7405000000025872e-05
64,1D,1,msdoor,0.641396999,0.640023708,159890.0,126168.0,319780.0,0.0013732910000000542
64,1D,1,tmt_sym,0.513666391,0.513023138,45253.0,33413.0,90506.0,0.0006432530000000103
64,1D,2,1138_bus,0.51200819,0.512000322,43.0,24.0,86.0,7.867999999966457e-06
64,1D,2,Hook_1498,0.768027306,0.640086651,485623.0,399766.0,971246.0,0.12794065500000007
64,1D,2,cond-mat-2005,0.768039942,0.767997503,2633.0,2238.0,5266.0,4.243900000000522e-05
64,1D,2,dixmaanl,0.512028933,0.511980772,2813.0,1562.0,5626.0,4.8160999999935505e-05
64,1D,2,flowmeter0,0.512018681,0.512005568,599.0,447.0,1198.0,1.3113000000064545e-05
64,1D,2,msdoor,0.645433664,0.644043446,159890.0,126168.0,319780.0,0.0013902180000000541
64,1D,2,tmt_sym,0.512683392,0.512042761,45253.0,33413.0,90506.0,0.0006406310000000026
64,1D,3,1138_bus,0.384055376,0.384048939,43.0,24.0,86.0,6.437000000025783e-06
64,1D,3,Hook_1498,0.765299559,0.637304544,485623.0,399766.0,971246.0,0.127995015
64,1D,3,cond-mat-2005,0.640048504,0.64000535,2633.0,2238.0,5266.0,4.31539999999897e-05
64,1D,3,dixmaanl,0.384062767,0.384015322,2813.0,1562.0,5626.0,4.744500000003482e-05
64,1D,3,flowmeter0,0.384102821,0.384088755,599.0,447.0,1198.0,1.4065999999979262e-05
64,1D,3,msdoor,0.641388893,0.640036345,159890.0,126168.0,319780.0,0.0013525480000000645
64,1D,3,tmt_sym,0.512696505,0.512050629,45253.0,33413.0,90506.0,0.0006458759999999897
64,1D,4,1138_bus,0.384058714,0.384052515,43.0,24.0,86.0,6.199000000040034e-06
64,1D,4,Hook_1498,1.024026632,0.895963192,485623.0,399766.0,971246.0,0.12806344000000003
64,1D,4,cond-mat-2005,0.512063265,0.512019396,2633.0,2238.0,5266.0,4.386899999997418e-05
64,1D,4,dixmaanl,0.512038946,0.511990786,2813.0,1562.0,5626.0,4.815999999996379e-05
64,1D,4,flowmeter0,0.511992931,0.511978388,599.0,447.0,1198.0,1.4543000000033501e-05
64,1D,4,msdoor,0.64140296,0.640051126,159890.0,126168.0,319780.0,0.0013518339999999407
64,1D,4,tmt_sym,0.513691425,0.513053894,45253.0,33413.0,90506.0,0.000637530999999969
64,1D,5,1138_bus,0.385063171,0.385056496,43.0,24.0,86.0,6.674999999956022e-06
64,1D,5,Hook_1498,0.765328884,0.637321234,485623.0,399766.0,971246.0,0.12800765000000003
64,1D,5,cond-mat-2005,0.512045622,0.512001514,2633.0,2238.0,5266.0,4.410799999998716e-05
64,1D,5,dixmaanl,0.383061171,0.383012772,2813.0,1562.0,5626.0,4.8398999999976766e-05
64,1D,5,flowmeter0,0.384088039,0.384073257,599.0,447.0,1198.0,1.4781999999990969e-05
64,1D,5,msdoor,0.641393661,0.640037537,159890.0,126168.0,319780.0,0.0013561239999999586
64,1D,5,tmt_sym,0.509664774,0.509021044,45253.0,33413.0,90506.0,0.0006437299999999535
64,1D,6,1138_bus,0.513014317,0.513006687,43.0,24.0,86.0,7.630000000036219e-06
64,1D,6,Hook_1498,0.771004677,0.642980099,485623.0,399766.0,971246.0,0.128024578
64,1D,6,cond-mat-2005,0.512058735,0.512017727,2633.0,2238.0,5266.0,4.1007999999953526e-05
64,1D,6,dixmaanl,0.512024879,0.511975527,2813.0,1562.0,5626.0,4.9352000000002505e-05
64,1D,6,flowmeter0,0.511999846,0.511987448,599.0,447.0,1198.0,1.2398000000080067e-05
64,1D,6,msdoor,0.516456604,0.51518321,159890.0,126168.0,319780.0,0.0012733940000000388
64,1D,6,tmt_sym,0.51266551,0.512022018,45253.0,33413.0,90506.0,0.0006434920000000233
64,1D,7,1138_bus,0.767990112,0.767982721,43.0,24.0,86.0,7.39100000002324e-06
64,1D,7,Hook_1498,0.764335155,0.636366367,485623.0,399766.0,971246.0,0.127968788
64,1D,7,cond-mat-2005,0.512057781,0.512015581,2633.0,2238.0,5266.0,4.2199999999992244e-05
64,1D,7,dixmaanl,0.512037039,0.511989594,2813.0,1562.0,5626.0,4.744499999997931e-05
64,1D,7,flowmeter0,0.384100914,0.384085655,599.0,447.0,1198.0,1.5258999999989697e-05
64,1D,7,msdoor,0.509946823,0.508710623,159890.0,126168.0,319780.0,0.0012362000000000206
64,1D,7,tmt_sym,0.512686968,0.512034416,45253.0,33413.0,90506.0,0.0006525520000000284
64,1D,8,1138_bus,0.639010668,0.639003038,43.0,24.0,86.0,7.629999999925197e-06
64,1D,8,Hook_1498,0.767367601,0.639373064,485623.0,399766.0,971246.0,0.12799453699999996
64,1D,8,cond-mat-2005,0.512051582,0.512007475,2633.0,2238.0,5266.0,4.410700000001544e-05
64,1D,8,dixmaanl,0.51204443,0.511996984,2813.0,1562.0,5626.0,4.744599999995103e-05
64,1D,8,flowmeter0,0.384100676,0.38408637,599.0,447.0,1198.0,1.4305999999963959e-05
64,1D,8,msdoor,0.509910583,0.508699656,159890.0,126168.0,319780.0,0.0012109270000000283
64,1D,8,tmt_sym,0.511697054,0.51105237,45253.0,33413.0,90506.0,0.000644683999999951
64,1D,9,1138_bus,0.640059948,0.640053988,43.0,24.0,86.0,5.959999999971544e-06
64,1D,9,Hook_1498,0.765089989,0.63702774,485623.0,399766.0,971246.0,0.12806224900000007
64,1D,9,cond-mat-2005,0.512059689,0.512017727,2633.0,2238.0,5266.0,4.196199999995098e-05
64,1D,9,dixmaanl,0.512045383,0.511995554,2813.0,1562.0,5626.0,4.9829000000056745e-05
64,1D,9,flowmeter0,0.512036324,0.512022972,599.0,447.0,1198.0,1.3351999999966502e-05
64,1D,9,msdoor,0.513683796,0.512460232,159890.0,126168.0,319780.0,0.0012235640000000103
64,1D,9,tmt_sym,0.512728214,0.512071371,45253.0,33413.0,90506.0,0.000656843000000018
64,2D,0,1138_bus,0.639985323,0.639976025,302.0,140.0,604.0,9.298000000046436e-06
64,2D,0,Hook_1498,1.027335405,0.640023708,3833892.0,184327.0,7667784.0,0.3873116970000001
64,2D,0,cond-mat-2005,0.512142181,0.512001991,19990.0,4027.0,39980.0,0.0001401899999999845
64,2D,0,dixmaanl,0.640105009,0.64000392,14999.0,7382.0,29998.0,0.00010108900000005416
64,2D,0,flowmeter0,0.640011787,0.639979362,4715.0,1190.0,9430.0,3.242500000000259e-05
64,2D,0,msdoor,0.637633324,0.511981726,1191716.0,51170.0,2383432.0,0.12565159799999992
64,2D,0,tmt_sym,0.515596628,0.512998819,361783.0,89420.0,723566.0,0.002597808999999951
64,2D,1,1138_bus,0.512034178,0.512025356,302.0,140.0,604.0,8.821999999963914e-06
64,2D,1,Hook_1498,0.899431467,0.512056589,3833892.0,184327.0,7667784.0,0.38737487800000003
64,2D,1,cond-mat-2005,0.511140823,0.511001587,19990.0,4027.0,39980.0,0.00013923599999998704
64,2D,1,dixmaanl,0.640091181,0.639996052,14999.0,7382.0,29998.0,9.51289999999716e-05
64,2D,1,flowmeter0,0.640003204,0.639971256,4715.0,1190.0,9430.0,3.194799999994835e-05
64,2D,1,msdoor,0.640695572,0.512022495,1191716.0,51170.0,2383432.0,0.12867307700000008
64,2D,1,tmt_sym,0.514612198,0.512019873,361783.0,89420.0,723566.0,0.002592325000000062
64,2D,2,1138_bus,0.641003847,0.640994072,302.0,140.0,604.0,9.774999999989653e-06
64,2D,2,Hook_1498,0.895393133,0.508050203,3833892.0,184327.0,7667784.0,0.38734293
64,2D,2,cond-mat-2005,0.51213479,0.511996031,19990.0,4027.0,39980.0,0.0001387589999999328
64,2D,2,dixmaanl,0.640105247,0.640003204,14999.0,7382.0,29998.0,0.00010204300000005162
64,2D,2,flowmeter0,0.639953375,0.639919996,4715.0,1190.0,9430.0,3.337900000000005e-05
64,2D,2,msdoor,0.640694857,0.512022257,1191716.0,51170.0,2383432.0,0.12867259999999991
64,2D,2,tmt_sym,0.645654678,0.642985106,361783.0,89420.0,723566.0,0.0026695719999999534
64,2D,3,1138_bus,0.640000105,0.639991522,302.0,140.0,604.0,8.583000000061958e-06
64,2D,3,Hook_1498,0.89935565,0.512031317,3833892.0,184327.0,7667784.0,0.3873243329999999
64,2D,3,cond-mat-2005,0.512137651,0.511999369,19990.0,4027.0,39980.0,0.00013828199999998958
64,2D,3,dixmaanl,0.640098572,0.639998436,14999.0,7382.0,29998.0,0.00010013600000002842
64,2D,3,flowmeter0,0.643000841,0.642967224,4715.0,1190.0,9430.0,3.361700000004131e-05
64,2D,3,msdoor,0.640694141,0.511027813,1191716.0,51170.0,2383432.0,0.129666328
64,2D,3,tmt_sym,0.514646053,0.512032032,361783.0,89420.0,723566.0,0.0026140209999999664
64,2D,4,1138_bus,0.644001484,0.643991709,302.0,140.0,604.0,9.774999999989653e-06
64,2D,4,Hook_1498,1.028357267,0.640007973,3833892.0,184327.0,7667784.0,0.38834929400000007
64,2D,4,cond-mat-2005,0.512134314,0.511996508,19990.0,4027.0,39980.0,0.00013780600000001808
64,2D,4,dixmaanl,0.640093803,0.639994144,14999.0,7382.0,29998.0,9.965899999997418e-05
64,2D,4,flowmeter0,0.515027761,0.514994144,4715.0,1190.0,9430.0,3.361700000004131e-05
64,2D,4,msdoor,0.641690016,0.512005806,1191716.0,51170.0,2383432.0,0.12968420999999997
64,2D,4,tmt_sym,0.642632484,0.639992476,361783.0,89420.0,723566.0,0.0026400079999999715
64,2D,5,1138_bus,0.64398551,0.643976688,302.0,140.0,604.0,8.822000000074937e-06
64,2D,5,Hook_1498,1.027305365,0.640961409,3833892.0,184327.0,7667784.0,0.38634395599999993
64,2D,5,cond-mat-2005,0.512111187,0.511971712,19990.0,4027.0,39980.0,0.00013947500000000002
64,2D,5,dixmaanl,0.640078306,0.63997674,14999.0,7382.0,29998.0,0.00010156599999999738
64,2D,5,flowmeter0,0.509034157,0.508999348,4715.0,1190.0,9430.0,3.4808999999969004e-05
64,2D,5,msdoor,0.640682936,0.51001358,1191716.0,51170.0,2383432.0,0.13066935600000007
64,2D,5,tmt_sym,0.515635252,0.513041973,361783.0,89420.0,723566.0,0.0025932790000000594
64,2D,6,1138_bus,0.509014845,0.509005308,302.0,140.0,604.0,9.537000000059415e-06
64,2D,6,Hook_1498,1.028289557,0.640960217,3833892.0,184327.0,7667784.0,0.38732933999999986
64,2D,6,cond-mat-2005,0.512135029,0.511995077,19990.0,4027.0,39980.0,0.00013995199999994323
64,2D,6,dixmaanl,0.640073061,0.63997674,14999.0,7382.0,29998.0,9.632100000001032e-05
64,2D,6,flowmeter0,0.512031078,0.511997223,4715.0,1190.0,9430.0,3.385500000008257e-05
64,2D,6,msdoor,0.641307831,0.512586117,1191716.0,51170.0,2383432.0,0.128721714
64,2D,6,tmt_sym,0.514631987,0.512017012,361783.0,89420.0,723566.0,0.002614974999999964
64,2D,7,1138_bus,0.508018255,0.50800848,302.0,140.0,604.0,9.774999999989653e-06
64,2D,7,Hook_1498,1.02735877,0.640006781,3833892.0,184327.0,7667784.0,0.387351989
64,2D,7,cond-mat-2005,0.51214242,0.512001753,19990.0,4027.0,39980.0,0.00014066700000003873
64,2D,7,dixmaanl,0.640087366,0.639979124,14999.0,7382.0,29998.0,0.00010824200000003614
64,2D,7,flowmeter0,0.512032509,0.512000561,4715.0,1190.0,9430.0,3.194799999994835e-05
64,2D,7,msdoor,0.76867795,0.639991045,1191716.0,51170.0,2383432.0,0.12868690500000002
64,2D,7,tmt_sym,0.518625021,0.51598382,361783.0,89420.0,723566.0,0.002641200999999982
64,2D,8,1138_bus,0.511990547,0.511980295,302.0,140.0,604.0,1.0252000000043893e-05
64,2D,8,Hook_1498,0.899401426,0.513039112,3833892.0,184327.0,7667784.0,0.386362314
64,2D,8,cond-mat-2005,0.512138128,0.5119977,19990.0,4027.0,39980.0,0.00014042800000002575
64,2D,8,dixmaanl,0.64008069,0.639981508,14999.0,7382.0,29998.0,9.918200000003097e-05
64,2D,8,flowmeter0,0.513038635,0.513005495,4715.0,1190.0,9430.0,3.313999999998707e-05
64,2D,8,msdoor,0.642289162,0.513561726,1191716.0,51170.0,2383432.0,0.12872743599999992
64,2D,8,tmt_sym,0.514613628,0.511975765,361783.0,89420.0,723566.0,0.002637863000000018
64,2D,9,1138_bus,0.516994476,0.516983986,302.0,140.0,604.0,1.0490000000085153e-05
64,2D,9,Hook_1498,0.900400639,0.513035536,3833892.0,184327.0,7667784.0,0.38736510300000004
64,2D,9,cond-mat-2005,0.50914669,0.509006023,19990.0,4027.0,39980.0,0.00014066700000003873
64,2D,9,dixmaanl,0.635103226,0.635002136,14999.0,7382.0,29998.0,0.00010109000000002588
64,2D,9,flowmeter0,0.509043455,0.509011269,4715.0,1190.0,9430.0,3.218599999998961e-05
64,2D,9,msdoor,0.641135216,0.512044191,1191716.0,51170.0,2383432.0,0.12909102500000003
64,2D,9,tmt_sym,0.514631987,0.511976004,361783.0,89420.0,723566.0,0.0026559830000000284
64,2D_cyclic,0,1138_bus,0.384004354,0.383996725,158.0,125.0,316.0,7.62900000000899e-06
64,2D_cyclic,0,Hook_1498,0.641072273,0.512197495,589831.0,163846.0,1179662.0,0.12887477800000002
64,2D_cyclic,0,cond-mat-2005,0.256050348,0.255984545,2187.0,887.0,4374.0,6.580299999997541e-05
64,2D_cyclic,0,dixmaanl,0.128093243,0.128008127,15000.0,6562.0,30000.0,8.51159999999962e-05
64,2D_cyclic,0,flowmeter0,0.383988142,0.383962631,1757.0,1057.0,3514.0,2.551099999997808e-05
64,2D_cyclic,0,msdoor,0.384574652,0.383007526,187620.0,45485.0,375240.0,0.0015671260000000298
64,2D_cyclic,0,tmt_sym,0.512987375,0.512073517,111269.0,79485.0,222538.0,0.0009138579999999896
64,2D_cyclic,1,1138_bus,0.384003639,0.383995771,158.0,125.0,316.0,7.868000000021969e-06
64,2D_cyclic,1,Hook_1498,0.640125036,0.51119566,589831.0,163846.0,1179662.0,0.12892937599999998
64,2D_cyclic,1,cond-mat-2005,0.256075382,0.256006479,2187.0,887.0,4374.0,6.890300000000904e-05
64,2D_cyclic,1,dixmaanl,0.128099203,0.128013611,15000.0,6562.0,30000.0,8.559199999999545e-05
64,2D_cyclic,1,flowmeter0,0.383993387,0.383967876,1757.0,1057.0,3514.0,2.551100000003359e-05
64,2D_cyclic,1,msdoor,0.257604599,0.25604701,187620.0,45485.0,375240.0,0.0015575889999999704
64,2D_cyclic,1,tmt_sym,0.509002686,0.50807786,111269.0,79485.0,222538.0,0.0009248259999999897
64,2D_cyclic,2,1138_bus,0.384002447,0.383994102,158.0,125.0,316.0,8.345000000020697e-06
64,2D_cyclic,2,Hook_1498,0.641107559,0.512207031,589831.0,163846.0,1179662.0,0.12890052800000007
64,2D_cyclic,2,cond-mat-2005,0.260075808,0.260007858,2187.0,887.0,4374.0,6.795000000003881e-05
64,2D_cyclic,2,dixmaanl,0.128094435,0.128008366,15000.0,6562.0,30000.0,8.606899999999418e-05
64,2D_cyclic,2,flowmeter0,0.383995533,0.383971214,1757.0,1057.0,3514.0,2.4318999999994872e-05
64,2D_cyclic,2,msdoor,0.2585814,0.257033587,187620.0,45485.0,375240.0,0.001547813000000009
64,2D_cyclic,2,tmt_sym,0.512998581,0.512081623,111269.0,79485.0,222538.0,0.0009169579999999122
64,2D_cyclic,3,1138_bus,0.384001255,0.383992672,158.0,125.0,316.0,8.583000000006447e-06
64,2D_cyclic,3,Hook_1498,0.641115665,0.512245178,589831.0,163846.0,1179662.0,0.12887048699999992
64,2D_cyclic,3,cond-mat-2005,0.256036282,0.255968094,2187.0,887.0,4374.0,6.818800000002456e-05
64,2D_cyclic,3,dixmaanl,0.128093958,0.128007889,15000.0,6562.0,30000.0,8.606899999999418e-05
64,2D_cyclic,3,flowmeter0,0.38398242,0.383957863,1757.0,1057.0,3514.0,2.4556999999980622e-05
64,2D_cyclic,3,msdoor,0.257642508,0.256064415,187620.0,45485.0,375240.0,0.0015780930000000026
64,2D_cyclic,3,tmt_sym,0.512986422,0.512074709,111269.0,79485.0,222538.0,0.0009117130000000362
64,2D_cyclic,4,1138_bus,0.384000778,0.383992195,158.0,125.0,316.0,8.583000000006447e-06
64,2D_cyclic,4,Hook_1498,0.640064001,0.511192322,589831.0,163846.0,1179662.0,0.12887167900000007
64,2D_cyclic,4,cond-mat-2005,0.256077051,0.25600791,2187.0,887.0,4374.0,6.914099999999479e-05
64,2D_cyclic,4,dixmaanl,0.128092766,0.128006458,15000.0,6562.0,30000.0,8.630800000000716e-05
64,2D_cyclic,4,flowmeter0,0.379976988,0.379951715,1757.0,1057.0,3514.0,2.527299999999233e-05
64,2D_cyclic,4,msdoor,0.257626772,0.256073475,187620.0,45485.0,375240.0,0.001553297000000009
64,2D_cyclic,4,tmt_sym,0.512992859,0.512076139,111269.0,79485.0,222538.0,0.000916719999999982
64,2D_cyclic,5,1138_bus,0.384006739,0.38399744,158.0,125.0,316.0,9.298999999962643e-06
64,2D_cyclic,5,Hook_1498,0.641147614,0.512233257,589831.0,163846.0,1179662.0,0.12891435699999998
64,2D_cyclic,5,cond-mat-2005,0.256036043,0.255969048,2187.0,887.0,4374.0,6.699500000001413e-05
64,2D_cyclic,5,dixmaanl,0.12810111,0.128014803,15000.0,6562.0,30000.0,8.630699999997993e-05
64,2D_cyclic,5,flowmeter0,0.388985157,0.388959646,1757.0,1057.0,3514.0,2.551100000003359e-05
64,2D_cyclic,5,msdoor,0.258594513,0.257035732,187620.0,45485.0,375240.0,0.001558781000000009
64,2D_cyclic,5,tmt_sym,0.512985229,0.512078285,111269.0,79485.0,222538.0,0.0009069440000000206
64,2D_cyclic,6,1138_bus,0.383999348,0.383990765,158.0,125.0,316.0,8.583000000006447e-06
64,2D_cyclic,6,Hook_1498,0.640085459,0.511194944,589831.0,163846.0,1179662.0,0.12889051500000004
64,2D_cyclic,6,cond-mat-2005,0.256064653,0.255994558,2187.0,887.0,4374.0,7.009499999999225e-05
64,2D_cyclic,6,dixmaanl,0.128057718,0.127972603,15000.0,6562.0,30000.0,8.511499999999672e-05
64,2D_cyclic,6,flowmeter0,0.384016991,0.383991241,1757.0,1057.0,3514.0,2.5749999999991058e-05
64,2D_cyclic,6,msdoor,0.255608082,0.254074097,187620.0,45485.0,375240.0,0.0015339850000000155
64,2D_cyclic,6,tmt_sym,0.513007164,0.512084484,111269.0,79485.0,222538.0,0.0009226800000000646
64,2D_cyclic,7,1138_bus,0.384000778,0.383993626,158.0,125.0,316.0,7.152000000010261e-06
64,2D_cyclic,7,Hook_1498,0.638144493,0.509234905,589831.0,163846.0,1179662.0,0.12890958799999996
64,2D_cyclic,7,cond-mat-2005,0.256074429,0.256007433,2187.0,887.0,4374.0,6.699599999998584e-05
64,2D_cyclic,7,dixmaanl,0.128092051,0.128005743,15000.0,6562.0,30000.0,8.630800000000716e-05
64,2D_cyclic,7,flowmeter0,0.383982658,0.383957624,1757.0,1057.0,3514.0,2.503399999997935e-05
64,2D_cyclic,7,msdoor,0.257591009,0.256044865,187620.0,45485.0,375240.0,0.0015461439999999715
64,2D_cyclic,7,tmt_sym,0.511999846,0.511080265,111269.0,79485.0,222538.0,0.0009195810000000026
64,2D_cyclic,8,1138_bus,0.38299942,0.382990837,158.0,125.0,316.0,8.583000000006447e-06
64,2D_cyclic,8,Hook_1498,0.641136169,0.512203693,589831.0,163846.0,1179662.0,0.12893247600000002
64,2D_cyclic,8,cond-mat-2005,0.260037422,0.259971857,2187.0,887.0,4374.0,6.556500000004517e-05
64,2D_cyclic,8,dixmaanl,0.128097296,0.128011942,15000.0,6562.0,30000.0,8.53540000000097e-05
64,2D_cyclic,8,flowmeter0,0.38401556,0.383989811,1757.0,1057.0,3514.0,2.574899999996383e-05
64,2D_cyclic,8,msdoor,0.257640839,0.256064892,187620.0,45485.0,375240.0,0.001575947000000022
64,2D_cyclic,8,tmt_sym,0.488139153,0.486159563,111269.0,79485.0,222538.0,0.0019795899999999755
64,2D_cyclic,9,1138_bus,0.384003401,0.383995533,158.0,125.0,316.0,7.868000000021969e-06
64,2D_cyclic,9,Hook_1498,0.640117884,0.511193275,589831.0,163846.0,1179662.0,0.12892460900000002
64,2D_cyclic,9,cond-mat-2005,0.256038904,0.255971432,2187.0,887.0,4374.0,6.747200000001286e-05
64,2D_cyclic,9,dixmaanl,0.128122568,0.12803793,15000.0,6562.0,30000.0,8.463799999999799e-05
64,2D_cyclic,9,flowmeter0,0.383982658,0.383957624,1757.0,1057.0,3514.0,2.503399999997935e-05
64,2D_cyclic,9,msdoor,0.256587744,0.255034447,187620.0,45485.0,375240.0,0.001553297000000009
64,2D_cyclic,9,tmt_sym,0.578889132,0.577991247,111269.0,79485.0,222538.0,0.0008978849999999872
128,1D,0,1138_bus,1.02401042,1.024003029,25.0,16.0,50.0,7.39100000002324e-06
128,1D,0,Hook_1498,1.793509007,1.791189432,242533.0,216047.0,485066.0,0.002319575000000018
128,1D,0,cond-mat-2005,1.79200983,1.791980743,1447.0,1308.0,2894.0,2.90869999999277e-05
128,1D,0,dixmaanl,0.766989946,0.766960144,1405.0,936.0,2810.0,2.98020000000232e-05
128,1D,0,flowmeter0,1.281028986,1.281020403,297.0,221.0,594.0,8.582999999839913e-06
128,1D,0,msdoor,1.790881395,1.790086985,79377.0,69694.0,158754.0,0.0007944099999999121
128,1D,0,tmt_sym,1.792364836,1.791994095,22609.0,16797.0,45218.0,0.00037074100000000776
128,1D,1,1138_bus,1.024018288,1.02401185,25.0,16.0,50.0,6.437999999997501e-06
128,1D,1,Hook_1498,1.541535378,1.539206266,242533.0,216047.0,485066.0,0.0023291119999999665
128,1D,1,cond-mat-2005,1.533054113,1.533025265,1447.0,1308.0,2894.0,2.884799999991472e-05
128,1D,1,dixmaanl,0.766030312,0.765999079,1405.0,936.0,2810.0,3.1233000000074895e-05
128,1D,1,flowmeter0,1.53498292,1.534974337,297.0,221.0,594.0,8.583000000061958e-06
128,1D,1,msdoor,1.78987956,1.789099216,79377.0,69694.0,158754.0,0.0007803439999998218
128,1D,1,tmt_sym,1.792382002,1.792024612,22609.0,16797.0,45218.0,0.000357390000000013
128,1D,2,1138_bus,1.024019718,1.024013281,25.0,16.0,50.0,6.436999999914761e-06
128,1D,2,Hook_1498,1.534553766,1.532197475,242533.0,216047.0,485066.0,0.0023562909999998993
128,1D,2,cond-mat-2005,1.536052704,1.536022186,1447.0,1308.0,2894.0,3.0517999999979395e-05
128,1D,2,dixmaanl,0.767991781,0.767961979,1405.0,936.0,2810.0,2.98020000000232e-05
128,1D,2,flowmeter0,1.536988735,1.536980867,297.0,221.0,594.0,7.867999999966457e-06
128,1D,2,msdoor,1.535861969,1.535076857,79377.0,69694.0,158754.0,0.0007851119999999767
128,1D,2,tmt_sym,1.907623291,1.907027483,22609.0,16797.0,45218.0,0.00059580799999992
128,1D,3,1138_bus,1.024019241,1.024013042,25.0,16.0,50.0,6.1989999999845224e-06
128,1D,3,Hook_1498,1.539589882,1.53720355,242533.0,216047.0,485066.0,0.0023863319999999355
128,1D,3,cond-mat-2005,1.792022705,1.791992426,1447.0,1308.0,2894.0,3.0278999999966416e-05
128,1D,3,dixmaanl,0.767991543,0.767962217,1405.0,936.0,2810.0,2.93260000000517e-05
128,1D,3,flowmeter0,1.529983282,1.529975176,297.0,221.0,594.0,8.10600000011874e-06
128,1D,3,msdoor,1.535867453,1.535066366,79377.0,69694.0,158754.0,0.0008010870000001447
128,1D,3,tmt_sym,1.536550522,1.536187172,22609.0,16797.0,45218.0,0.0003633499999999845
128,1D,4,1138_bus,1.02502799,1.025020838,25.0,16.0,50.0,7.152000000010261e-06
128,1D,4,Hook_1498,1.537583351,1.535193205,242533.0,216047.0,485066.0,0.002390146000000204
128,1D,4,cond-mat-2005,1.7390275,1.738995552,1447.0,1308.0,2894.0,3.194799999994835e-05
128,1D,4,dixmaanl,1.024447441,1.024419069,1405.0,936.0,2810.0,2.8372000000054243e-05
128,1D,4,flowmeter0,1.790970564,1.790963173,297.0,221.0,594.0,7.39100000002324e-06
128,1D,4,msdoor,1.536852837,1.536067963,79377.0,69694.0,158754.0,0.0007848740000000465
128,1D,4,tmt_sym,1.792393923,1.792038202,22609.0,16797.0,45218.0,0.000355720999999809
128,1D,5,1138_bus,1.024013519,1.02400732,25.0,16.0,50.0,6.1989999999845224e-06
128,1D,5,Hook_1498,1.79049921,1.788030386,242533.0,216047.0,485066.0,0.002468823999999925
128,1D,5,cond-mat-2005,1.536066771,1.536032915,1447.0,1308.0,2894.0,3.3855999999943265e-05
128,1D,5,dixmaanl,0.768024445,0.767995119,1405.0,936.0,2810.0,2.93260000000517e-05
128,1D,5,flowmeter0,1.793021917,1.793013096,297.0,221.0,594.0,8.820999999992196e-06
128,1D,5,msdoor,1.529860258,1.52905488,79377.0,69694.0,158754.0,0.0008053780000001343
128,1D,5,tmt_sym,1.792378426,1.79202795,22609.0,16797.0,45218.0,0.00035047599999993295
128,1D,6,1138_bus,1.02401042,1.024003983,25.0,16.0,50.0,6.436999999914761e-06
128,1D,6,Hook_1498,1.794495583,1.792031765,242533.0,216047.0,485066.0,0.002463818000000062
128,1D,6,cond-mat-2005,1.536061525,1.536028385,1447.0,1308.0,2894.0,3.313999999998707e-05
128,1D,6,dixmaanl,1.021994829,1.021964312,1405.0,936.0,2810.0,3.05170000001187e-05
128,1D,6,flowmeter0,1.793018341,1.793009281,297.0,221.0,594.0,9.060000000005175e-06
128,1D,6,msdoor,1.534822464,1.534050226,79377.0,69694.0,158754.0,0.0007722380000001472
128,1D,6,tmt_sym,1.792390823,1.792031288,22609.0,16797.0,45218.0,0.00035953500000007743
128,1D,7,1138_bus,1.024004698,1.02399826,25.0,16.0,50.0,6.437999999997501e-06
128,1D,7,Hook_1498,1.799525499,1.797038555,242533.0,216047.0,485066.0,0.0024869439999999354
128,1D,7,cond-mat-2005,1.536030293,1.535999537,1447.0,1308.0,2894.0,3.075600000013168e-05
128,1D,7,dixmaanl,1.024035215,1.024006605,1405.0,936.0,2810.0,2.860999999998448e-05
128,1D,7,flowmeter0,1.536019087,1.536010981,297.0,221.0,594.0,8.105999999896696e-06
128,1D,7,msdoor,1.540833235,1.540058851,79377.0,69694.0,158754.0,0.0007743840000000723
128,1D,7,tmt_sym,1.536538839,1.536160707,22609.0,16797.0,45218.0,0.000378132000000031
128,1D,8,1138_bus,1.024002314,1.023995399,25.0,16.0,50.0,6.915000000162763e-06
128,1D,8,Hook_1498,1.795526743,1.793044806,242533.0,216047.0,485066.0,0.0024819369999999896
128,1D,8,cond-mat-2005,1.536032438,1.536004543,1447.0,1308.0,2894.0,2.7895000000111025e-05
128,1D,8,dixmaanl,1.022995472,1.022964954,1405.0,936.0,2810.0,3.0517999999979395e-05
128,1D,8,flowmeter0,1.792015314,1.792006493,297.0,221.0,594.0,8.820999999992196e-06
128,1D,8,msdoor,1.536854982,1.536078691,79377.0,69694.0,158754.0,0.0007762909999999845
128,1D,8,tmt_sym,1.792366743,1.792007685,22609.0,16797.0,45218.0,0.0003590580000001342
128,1D,9,1138_bus,1.024023533,1.024017334,25.0,16.0,50.0,6.1989999999845224e-06
128,1D,9,Hook_1498,1.738520384,1.73609519,242533.0,216047.0,485066.0,0.002425194000000186
128,1D,9,cond-mat-2005,1.533234358,1.533200264,1447.0,1308.0,2894.0,3.409400000009555e-05
128,1D,9,dixmaanl,0.770032406,0.770001888,1405.0,936.0,2810.0,3.0517999999979395e-05
128,1D,9,flowmeter0,1.536110163,1.536100388,297.0,221.0,594.0,9.775000000100675e-06
128,1D,9,msdoor,1.792767048,1.791937351,79377.0,69694.0,158754.0,0.0008296969999999071
128,1D,9,tmt_sym,1.792453766,1.792095423,22609.0,16797.0,45218.0,0.0003583430000000387
128,2D,0,1138_bus,1.024036884,1.024027824,165.0,71.0,330.0,9.060000000005175e-06
128,2D,0,Hook_1498,2.300707579,1.786976337,1954287.0,92895.0,3908574.0,0.513731242
128,2D,0,cond-mat-2005,1.537142038,1.53702426,14382.0,2215.0,28764.0,0.00011777800000012384
128,2D,0,dixmaanl,1.798046589,1.797981977,7500.0,3720.0,15000.0,6.46119999998529e-05
128,2D,0,flowmeter0,1.792019844,1.79199481,2421.0,600.0,4842.0,2.5033999999868328e-05
128,2D,0,msdoor,1.793390512,1.791021109,624351.0,25788.0,1248702.0,0.002369403000000103
128,2D,0,tmt_sym,1.468468904,1.467087269,181626.0,45065.0,363252.0,0.0013816349999999922
128,2D,1,1138_bus,1.02804637,1.028036118,165.0,71.0,330.0,1.0252000000043893e-05
128,2D,1,Hook_1498,1.795876741,1.534978867,1954287.0,92895.0,3908574.0,0.2608978740000001
128,2D,1,cond-mat-2005,1.54311204,1.54299283,14382.0,2215.0,28764.0,0.00011921000000003623
128,2D,1,dixmaanl,1.614062071,1.613997459,7500.0,3720.0,15000.0,6.461200000007494e-05
128,2D,1,flowmeter0,1.793036222,1.793011665,2421.0,600.0,4842.0,2.455699999992511e-05
128,2D,1,msdoor,2.049401283,2.047034502,624351.0,25788.0,1248702.0,0.0023667810000000955
128,2D,1,tmt_sym,1.529460192,1.528089046,181626.0,45065.0,363252.0,0.0013711459999998787
128,2D,2,1138_bus,1.024053574,1.02404356,165.0,71.0,330.0,1.0014000000113654e-05
128,2D,2,Hook_1498,1.797830582,1.535942316,1954287.0,92895.0,3908574.0,0.2618882659999999
128,2D,2,cond-mat-2005,1.535117388,1.535000086,14382.0,2215.0,28764.0,0.00011730200000004132
128,2D,2,dixmaanl,1.535065889,1.534995556,7500.0,3720.0,15000.0,7.033300000003351e-05
128,2D,2,flowmeter0,1.791994572,1.791970015,2421.0,600.0,4842.0,2.455699999992511e-05
128,2D,2,msdoor,2.050372839,2.047996759,624351.0,25788.0,1248702.0,0.0023760799999998916
128,2D,2,tmt_sym,1.37010026,1.368007183,181626.0,45065.0,363252.0,0.0020930770000000543
128,2D,3,1138_bus,1.028027534,1.028018475,165.0,71.0,330.0,9.058999999922435e-06
128,2D,3,Hook_1498,1.79987216,1.539987803,1954287.0,92895.0,3908574.0,0.259884357
128,2D,3,cond-mat-2005,1.791116714,1.790998697,14382.0,2215.0,28764.0,0.00011801699999991477
128,2D,3,dixmaanl,1.537070274,1.537002325,7500.0,3720.0,15000.0,6.794899999995607e-05
128,2D,3,flowmeter0,1.792002201,1.791977882,2421.0,600.0,4842.0,2.4318999999994872e-05
128,2D,3,msdoor,2.051346779,2.048983812,624351.0,25788.0,1248702.0,0.002362967000000271
128,2D,3,tmt_sym,1.530398607,1.528971195,181626.0,45065.0,363252.0,0.0014274119999999613
128,2D,4,1138_bus,1.028014183,1.028005123,165.0,71.0,330.0,9.060000000005175e-06
128,2D,4,Hook_1498,2.045928717,1.53298974,1954287.0,92895.0,3908574.0,0.5129389769999997
128,2D,4,cond-mat-2005,1.79311657,1.79299736,14382.0,2215.0,28764.0,0.00011921000000003623
128,2D,4,dixmaanl,1.539056063,1.538989067,7500.0,3720.0,15000.0,6.699600000015238e-05
128,2D,4,flowmeter0,1.792000771,1.79197526,2421.0,600.0,4842.0,2.551100000003359e-05
128,2D,4,msdoor,1.794374704,1.79200983,624351.0,25788.0,1248702.0,0.0023648739999999613
128,2D,4,tmt_sym,1.541404963,1.539993286,181626.0,45065.0,363252.0,0.001411676999999889
128,2D,5,1138_bus,1.027996063,1.027986765,165.0,71.0,330.0,9.297999999935413e-06
128,2D,5,Hook_1498,1.794892311,1.535989285,1954287.0,92895.0,3908574.0,0.2589030259999998
128,2D,5,cond-mat-2005,1.795076132,1.794956923,14382.0,2215.0,28764.0,0.00011920899999995349
128,2D,5,dixmaanl,1.536076784,1.536009789,7500.0,3720.0,15000.0,6.699500000006964e-05
128,2D,5,flowmeter0,1.79198575,1.79196167,2421.0,600.0,4842.0,2.4079999999981894e-05
128,2D,5,msdoor,1.793361664,1.790992498,624351.0,25788.0,1248702.0,0.0023691660000000336
128,2D,5,tmt_sym,1.53740406,1.535973549,181626.0,45065.0,363252.0,0.0014305110000001342
128,2D,6,1138_bus,1.024998665,1.024986506,165.0,71.0,330.0,1.2158999999956066e-05
128,2D,6,Hook_1498,2.048927546,1.536999226,1954287.0,92895.0,3908574.0,0.5119283199999998
128,2D,6,cond-mat-2005,1.791105747,1.790987968,14382.0,2215.0,28764.0,0.00011777899999998453
128,2D,6,dixmaanl,1.537067652,1.537003517,7500.0,3720.0,15000.0,6.413499999990968e-05
128,2D,6,flowmeter0,1.792025328,1.792000771,2421.0,600.0,4842.0,2.455699999992511e-05
128,2D,6,msdoor,1.790381432,1.788003683,624351.0,25788.0,1248702.0,0.0023777490000000956
128,2D,6,tmt_sym,1.540407658,1.538981199,181626.0,45065.0,363252.0,0.0014264589999999355
128,2D,7,1138_bus,1.023993492,1.023983955,165.0,71.0,330.0,9.536999999948392e-06
128,2D,7,Hook_1498,2.052834511,1.788960695,1954287.0,92895.0,3908574.0,0.2638738159999998
128,2D,7,cond-mat-2005,1.793104887,1.792985916,14382.0,2215.0,28764.0,0.00011897100000002325
128,2D,7,dixmaanl,1.791033983,1.790971518,7500.0,3720.0,15000.0,6.2464999999845e-05
128,2D,7,flowmeter0,1.792991638,1.792967558,2421.0,600.0,4842.0,2.4079999999981894e-05
128,2D,7,msdoor,2.046356201,2.043982267,624351.0,25788.0,1248702.0,0.0023739339999999665
128,2D,7,tmt_sym,1.79041028,1.788980007,181626.0,45065.0,363252.0,0.001430272999999982
128,2D,8,1138_bus,1.023987293,1.023978233,165.0,71.0,330.0,9.060000000005175e-06
128,2D,8,Hook_1498,2.308824778,2.048926592,1954287.0,92895.0,3908574.0,0.25989818600000003
128,2D,8,cond-mat-2005,1.792124748,1.792007923,14382.0,2215.0,28764.0,0.0001168250000000981
128,2D,8,dixmaanl,1.53606534,1.536001205,7500.0,3720.0,15000.0,6.413499999990968e-05
128,2D,8,flowmeter0,1.791988611,1.791965485,2421.0,600.0,4842.0,2.312600000009546e-05
128,2D,8,msdoor,2.051377535,2.049009323,624351.0,25788.0,1248702.0,0.002368211999999925
128,2D,8,tmt_sym,1.793404341,1.791984797,181626.0,45065.0,363252.0,0.0014195439999999948
128,2D,9,1138_bus,1.02801156,1.027995586,165.0,71.0,330.0,1.5973999999863153e-05
128,2D,9,Hook_1498,2.302913189,1.79199338,1954287.0,92895.0,3908574.0,0.5109198089999998
128,2D,9,cond-mat-2005,1.792155743,1.792030811,14382.0,2215.0,28764.0,0.0001249319999998555
128,2D,9,dixmaanl,1.796060324,1.795992613,7500.0,3720.0,15000.0,6.771100000002583e-05
128,2D,9,flowmeter0,1.792009592,1.791984558,2421.0,600.0,4842.0,2.5034000000090373e-05
128,2D,9,msdoor,2.050461054,2.04801774,624351.0,25788.0,1248702.0,0.002443313999999752
128,2D,9,tmt_sym,1.793457031,1.792026758,181626.0,45065.0,363252.0,0.001430272999999982
128,2D_cyclic,0,1138_bus,1.020955086,1.020947218,78.0,63.0,156.0,7.867999999966457e-06
128,2D_cyclic,0,Hook_1498,2.05126977,2.04799366,294786.0,81923.0,589572.0,0.0032761100000002763
128,2D_cyclic,0,cond-mat-2005,1.027049065,1.02699542,1040.0,447.0,2080.0,5.364499999993555e-05
128,2D_cyclic,0,dixmaanl,0.51203537,0.511963844,7500.0,3281.0,15000.0,7.152600000004394e-05
128,2D_cyclic,0,flowmeter0,1.020996809,1.02097559,865.0,529.0,1730.0,2.121899999996124e-05
128,2D_cyclic,0,msdoor,1.024939775,1.023948431,92851.0,22743.0,185702.0,0.0009913440000000051
128,2D_cyclic,0,tmt_sym,1.025655746,1.024956942,55638.0,39742.0,111276.0,0.0006988039999999973
128,2D_cyclic,1,1138_bus,1.021989346,1.021979809,78.0,63.0,156.0,9.536999999948392e-06
128,2D_cyclic,1,Hook_1498,2.051289797,2.048009872,294786.0,81923.0,589572.0,0.0032799249999997393
128,2D_cyclic,1,cond-mat-2005,1.023995876,1.023943663,1040.0,447.0,2080.0,5.221300000002316e-05
128,2D_cyclic,1,dixmaanl,0.512042999,0.511973381,7500.0,3281.0,15000.0,6.961800000004903e-05
128,2D_cyclic,1,flowmeter0,1.028986692,1.028964043,865.0,529.0,1730.0,2.2648999999930197e-05
128,2D_cyclic,1,msdoor,1.023975611,1.022981882,92851.0,22743.0,185702.0,0.0009937289999999432
128,2D_cyclic,1,tmt_sym,1.027681351,1.026985407,55638.0,39742.0,111276.0,0.0006959440000000594
128,2D_cyclic,2,1138_bus,1.023972511,1.023964643,78.0,63.0,156.0,7.867999999966457e-06
128,2D_cyclic,2,Hook_1498,2.051288605,2.04801774,294786.0,81923.0,589572.0,0.003270864999999734
128,2D_cyclic,2,cond-mat-2005,1.027998447,1.027943134,1040.0,447.0,2080.0,5.531300000005679e-05
128,2D_cyclic,2,dixmaanl,0.512045145,0.511975765,7500.0,3281.0,15000.0,6.938000000000777e-05
128,2D_cyclic,2,flowmeter0,1.023967743,1.023946047,865.0,529.0,1730.0,2.1696000000126503e-05
128,2D_cyclic,2,msdoor,1.02595377,1.024960995,92851.0,22743.0,185702.0,0.0009927750000000568
128,2D_cyclic,2,tmt_sym,1.024642944,1.023958683,55638.0,39742.0,111276.0,0.0006842609999999638
128,2D_cyclic,3,1138_bus,1.023985147,1.023976564,78.0,63.0,156.0,8.583000000061958e-06
128,2D_cyclic,3,Hook_1498,2.051295519,2.04801178,294786.0,81923.0,589572.0,0.0032837390000000077
128,2D_cyclic,3,cond-mat-2005,1.024004936,1.023951769,1040.0,447.0,2080.0,5.316700000013164e-05
128,2D_cyclic,3,dixmaanl,0.511045456,0.510976553,7500.0,3281.0,15000.0,6.890299999995353e-05
128,2D_cyclic,3,flowmeter0,1.023993492,1.023972034,865.0,529.0,1730.0,2.145799999997422e-05
128,2D_cyclic,3,msdoor,1.023997068,1.022989273,92851.0,22743.0,185702.0,0.0010077949999998115
128,2D_cyclic,3,tmt_sym,1.024675608,1.023985386,55638.0,39742.0,111276.0,0.0006902219999997961
128,2D_cyclic,4,1138_bus,1.023991346,1.023982763,78.0,63.0,156.0,8.583000000061958e-06
128,2D_cyclic,4,Hook_1498,2.051283836,2.048013449,294786.0,81923.0,589572.0,0.0032703870000001523
128,2D_cyclic,4,cond-mat-2005,1.023995399,1.023943424,1040.0,447.0,2080.0,5.1974999999870874e-05
128,2D_cyclic,4,dixmaanl,0.513014555,0.512947559,7500.0,3281.0,15000.0,6.699600000004136e-05
128,2D_cyclic,4,flowmeter0,1.023964643,1.023942471,865.0,529.0,1730.0,2.217199999998698e-05
128,2D_cyclic,4,msdoor,1.025979042,1.024971485,92851.0,22743.0,185702.0,0.0010075569999998812
128,2D_cyclic,4,tmt_sym,1.26158762,1.259988308,55638.0,39742.0,111276.0,0.0015993119999999639
128,2D_cyclic,5,1138_bus,1.023982525,1.023974657,78.0,63.0,156.0,7.868000000188502e-06
128,2D_cyclic,5,Hook_1498,2.051264048,2.047981739,294786.0,81923.0,589572.0,0.003282309000000261
128,2D_cyclic,5,cond-mat-2005,1.022992849,1.022941828,1040.0,447.0,2080.0,5.102099999998444e-05
128,2D_cyclic,5,dixmaanl,0.764076471,0.76400423,7500.0,3281.0,15000.0,7.224100000002842e-05
128,2D_cyclic,5,flowmeter0,1.024004698,1.023983002,865.0,529.0,1730.0,2.169599999990446e-05
128,2D_cyclic,5,msdoor,1.027972221,1.026982546,92851.0,22743.0,185702.0,0.0009896750000000232
128,2D_cyclic,5,tmt_sym,1.024685383,1.023990393,55638.0,39742.0,111276.0,0.0006949899999999509
128,2D_cyclic,6,1138_bus,1.024985075,1.024976492,78.0,63.0,156.0,8.583000000061958e-06
128,2D_cyclic,6,Hook_1498,2.050293684,2.047014713,294786.0,81923.0,589572.0,0.003278971000000297
128,2D_cyclic,6,cond-mat-2005,1.024024487,1.023971081,1040.0,447.0,2080.0,5.340599999992257e-05
128,2D_cyclic,6,dixmaanl,0.768023968,0.767956734,7500.0,3281.0,15000.0,6.72339999999716e-05
128,2D_cyclic,6,flowmeter0,1.023962259,1.02394104,865.0,529.0,1730.0,2.121899999996124e-05
128,2D_cyclic,6,msdoor,1.024980307,1.023966074,92851.0,22743.0,185702.0,0.001014233000000031
128,2D_cyclic,6,tmt_sym,1.024692059,1.023991346,55638.0,39742.0,111276.0,0.0007007129999998529
128,2D_cyclic,7,1138_bus,1.023968935,1.023961544,78.0,63.0,156.0,7.39100000002324e-06
128,2D_cyclic,7,Hook_1498,2.051299334,2.048015594,294786.0,81923.0,589572.0,0.0032837399999996464
128,2D_cyclic,7,cond-mat-2005,1.023025513,1.022974014,1040.0,447.0,2080.0,5.14990000000104e-05
128,2D_cyclic,7,dixmaanl,0.768051386,0.767981768,7500.0,3281.0,15000.0,6.961800000004903e-05
128,2D_cyclic,7,flowmeter0,1.023999214,1.023977518,865.0,529.0,1730.0,2.1696000000126503e-05
128,2D_cyclic,7,msdoor,1.024984837,1.0239923,92851.0,22743.0,185702.0,0.0009925370000001266
128,2D_cyclic,7,tmt_sym,1.029684067,1.028985977,55638.0,39742.0,111276.0,0.0006980899999999846
128,2D_cyclic,8,1138_bus,1.024961472,1.02495265,78.0,63.0,156.0,8.822000000074937e-06
128,2D_cyclic,8,Hook_1498,2.051290989,2.048002481,294786.0,81923.0,589572.0,0.0032885079999998013
128,2D_cyclic,8,cond-mat-2005,1.026029825,1.025977135,1040.0,447.0,2080.0,5.2689999999966375e-05
128,2D_cyclic,8,dixmaanl,0.767025948,0.766957045,7500.0,3281.0,15000.0,6.890300000006455e-05
128,2D_cyclic,8,flowmeter0,1.023996592,1.023974657,865.0,529.0,1730.0,2.1935000000139482e-05
128,2D_cyclic,8,msdoor,1.02496171,1.023955822,92851.0,22743.0,185702.0,0.0010058879999998993
128,2D_cyclic,8,tmt_sym,1.023655653,1.022959709,55638.0,39742.0,111276.0,0.0006959440000000594
128,2D_cyclic,9,1138_bus,1.023968935,1.02396059,78.0,63.0,156.0,8.34500000013172e-06
128,2D_cyclic,9,Hook_1498,2.051305056,2.048015356,294786.0,81923.0,589572.0,0.00328969999999984
128,2D_cyclic,9,cond-mat-2005,1.025036812,1.024984121,1040.0,447.0,2080.0,5.2691000000049115e-05
128,2D_cyclic,9,dixmaanl,0.769077063,0.76899147,7500.0,3281.0,15000.0,8.559299999999492e-05
128,2D_cyclic,9,flowmeter0,1.025994778,1.025974035,865.0,529.0,1730.0,2.0743000000100764e-05
128,2D_cyclic,9,msdoor,1.020993471,1.020001173,92851.0,22743.0,185702.0,0.0009922979999998915
128,2D_cyclic,9,tmt_sym,1.02468729,1.023991108,55638.0,39742.0,111276.0,0.0006961819999999896
