rank,num_procs,distribution,run,elapsed_time,comm_time,local_nz,ghost_entries,local_flops,matrix
0,1,1D,0,0.000284002,0.000141350,2596,0,5192,1138_bus
0,1,1D,1,0.000223280,0.000119410,2596,0,5192,1138_bus
0,1,1D,2,0.000277170,0.000119810,2596,0,5192,1138_bus
0,1,1D,3,0.000282290,0.000154557,2596,0,5192,1138_bus
0,1,1D,4,0.000329768,0.000162429,2596,0,5192,1138_bus
0,1,1D,5,0.000221955,0.000113141,2596,0,5192,1138_bus
0,1,1D,6,0.000223279,0.000092648,2596,0,5192,1138_bus
0,1,1D,7,0.000283870,0.000137402,2596,0,5192,1138_bus
0,1,1D,8,0.000195310,0.000079664,2596,0,5192,1138_bus
0,1,1D,9,0.000265370,0.000137765,2596,0,5192,1138_bus
0,2,1D,0,0.000180173,0.000105085,1333,300,2666,1138_bus
0,2,1D,1,0.000224655,0.000147598,1333,300,2666,1138_bus
0,2,1D,2,0.000144226,0.000076840,1333,300,2666,1138_bus
0,2,1D,3,0.000175534,0.000075002,1333,300,2666,1138_bus
0,2,1D,4,0.000248749,0.000073826,1333,300,2666,1138_bus
0,2,1D,5,0.000274628,0.000071474,1333,300,2666,1138_bus
0,2,1D,6,0.000315774,0.000080864,1333,300,2666,1138_bus
0,2,1D,7,0.000100132,0.000061616,1333,300,2666,1138_bus
0,2,1D,8,0.000294385,0.000233369,1333,300,2666,1138_bus
0,2,1D,9,0.000105512,0.000050544,1333,300,2666,1138_bus
1,2,1D,0,0.000173694,0.000104903,1263,278,2526,1138_bus
1,2,1D,1,0.000232705,0.000151381,1263,278,2526,1138_bus
1,2,1D,2,0.000136006,0.000076447,1263,278,2526,1138_bus
1,2,1D,3,0.000123651,0.000074711,1263,278,2526,1138_bus
1,2,1D,4,0.000114344,0.000074714,1263,278,2526,1138_bus
1,2,1D,5,0.000117019,0.000071560,1263,278,2526,1138_bus
1,2,1D,6,0.000143544,0.000080856,1263,278,2526,1138_bus
1,2,1D,7,0.000110991,0.000061636,1263,278,2526,1138_bus
1,2,1D,8,0.000296951,0.000233211,1263,278,2526,1138_bus
1,2,1D,9,0.000117016,0.000050360,1263,278,2526,1138_bus
0,4,1D,0,0.047978399,0.031978316,665,247,1330,1138_bus
0,4,1D,1,0.048007859,0.032003921,665,247,1330,1138_bus
0,4,1D,2,0.047991996,0.032000209,665,247,1330,1138_bus
0,4,1D,3,0.047986585,0.031991683,665,247,1330,1138_bus
0,4,1D,4,0.047996383,0.031989617,665,247,1330,1138_bus
0,4,1D,5,0.047988782,0.032010153,665,247,1330,1138_bus
0,4,1D,6,0.047998009,0.031993440,665,247,1330,1138_bus
0,4,1D,7,0.048006859,0.031994678,665,247,1330,1138_bus
0,4,1D,8,0.047987874,0.031998886,665,247,1330,1138_bus
0,4,1D,9,0.047997144,0.031997303,665,247,1330,1138_bus
2,4,1D,0,0.047988782,0.032000545,668,260,1336,1138_bus
2,4,1D,1,0.048006761,0.032010613,668,260,1336,1138_bus
2,4,1D,2,0.047990304,0.031989671,668,260,1336,1138_bus
2,4,1D,3,0.048008072,0.032003010,668,260,1336,1138_bus
2,4,1D,4,0.047999693,0.032001933,668,260,1336,1138_bus
2,4,1D,5,0.047997330,0.031987023,668,260,1336,1138_bus
2,4,1D,6,0.047992380,0.031997162,668,260,1336,1138_bus
2,4,1D,7,0.048000171,0.032093165,668,260,1336,1138_bus
2,4,1D,8,0.047957864,0.031966348,668,260,1336,1138_bus
2,4,1D,9,0.040884764,0.032005255,668,260,1336,1138_bus
1,4,1D,0,0.047984911,0.031985977,654,250,1308,1138_bus
1,4,1D,1,0.048020413,0.032032895,654,250,1308,1138_bus
1,4,1D,2,0.047988377,0.031991998,654,250,1308,1138_bus
1,4,1D,3,0.048004779,0.032115913,654,250,1308,1138_bus
1,4,1D,4,0.047987634,0.031987117,654,250,1308,1138_bus
1,4,1D,5,0.048003580,0.032022913,654,250,1308,1138_bus
1,4,1D,6,0.048001404,0.031987353,654,250,1308,1138_bus
1,4,1D,7,0.048001205,0.032016442,654,250,1308,1138_bus
1,4,1D,8,0.047994970,0.032000787,654,250,1308,1138_bus
1,4,1D,9,0.040021085,0.032015042,654,250,1308,1138_bus
3,4,1D,0,0.047990555,0.031989173,609,226,1218,1138_bus
3,4,1D,1,0.047965344,0.031958977,609,226,1218,1138_bus
3,4,1D,2,0.047994117,0.032003636,609,226,1218,1138_bus
3,4,1D,3,0.048008371,0.032006055,609,226,1218,1138_bus
3,4,1D,4,0.048006526,0.032004698,609,226,1218,1138_bus
3,4,1D,5,0.047998287,0.031999301,609,226,1218,1138_bus
3,4,1D,6,0.047998133,0.031998266,609,226,1218,1138_bus
3,4,1D,7,0.048003241,0.031999594,609,226,1218,1138_bus
3,4,1D,8,0.047989875,0.031999088,609,226,1218,1138_bus
3,4,1D,9,0.048093293,0.031998906,609,226,1218,1138_bus
4,8,1D,0,0.127990912,0.095990831,343,161,686,1138_bus
4,8,1D,1,0.127997595,0.096007175,343,161,686,1138_bus
4,8,1D,2,0.128006845,0.096029819,343,161,686,1138_bus
4,8,1D,3,0.095988966,0.063998117,343,161,686,1138_bus
4,8,1D,4,0.122710383,0.090715013,343,161,686,1138_bus
4,8,1D,5,0.095994136,0.063996711,343,161,686,1138_bus
4,8,1D,6,0.095918227,0.063917690,343,161,686,1138_bus
4,8,1D,7,0.095993281,0.063993756,343,161,686,1138_bus
4,8,1D,8,0.127977225,0.096000881,343,161,686,1138_bus
4,8,1D,9,0.095995361,0.063993205,343,161,686,1138_bus
6,8,1D,0,0.091964520,0.059970242,330,160,660,1138_bus
6,8,1D,1,0.095999264,0.064004395,330,160,660,1138_bus
6,8,1D,2,0.099989035,0.067985678,330,160,660,1138_bus
6,8,1D,3,0.095989379,0.063986712,330,160,660,1138_bus
6,8,1D,4,0.127987342,0.064019871,330,160,660,1138_bus
6,8,1D,5,0.127998267,0.096002742,330,160,660,1138_bus
6,8,1D,6,0.095996678,0.063998331,330,160,660,1138_bus
6,8,1D,7,0.128007308,0.096000666,330,160,660,1138_bus
6,8,1D,8,0.127991144,0.096001611,330,160,660,1138_bus
6,8,1D,9,0.124249329,0.095996999,330,160,660,1138_bus
7,8,1D,0,0.095996576,0.064008278,292,131,584,1138_bus
7,8,1D,1,0.095989564,0.063994429,292,131,584,1138_bus
7,8,1D,2,0.096010412,0.064019867,292,131,584,1138_bus
7,8,1D,3,0.095998573,0.064002769,292,131,584,1138_bus
7,8,1D,4,0.118548659,0.086553877,292,131,584,1138_bus
7,8,1D,5,0.095973091,0.063976057,292,131,584,1138_bus
7,8,1D,6,0.095987267,0.063993167,292,131,584,1138_bus
7,8,1D,7,0.095993061,0.063996126,292,131,584,1138_bus
7,8,1D,8,0.095908639,0.063927448,292,131,584,1138_bus
7,8,1D,9,0.088011408,0.064005536,292,131,584,1138_bus
3,8,1D,0,0.127989028,0.096014323,317,142,634,1138_bus
3,8,1D,1,0.127987888,0.095989960,317,142,634,1138_bus
3,8,1D,2,0.127999754,0.096005859,317,142,634,1138_bus
3,8,1D,3,0.128001644,0.095991638,317,142,634,1138_bus
3,8,1D,4,0.123926010,0.091939674,317,142,634,1138_bus
3,8,1D,5,0.127999096,0.096005564,317,142,634,1138_bus
3,8,1D,6,0.095986242,0.063990826,317,142,634,1138_bus
3,8,1D,7,0.127996347,0.095999179,317,142,634,1138_bus
3,8,1D,8,0.096029197,0.063993604,317,142,634,1138_bus
3,8,1D,9,0.116263326,0.096002327,317,142,634,1138_bus
5,8,1D,0,0.099994475,0.068006485,329,159,658,1138_bus
5,8,1D,1,0.095996001,0.064000465,329,159,658,1138_bus
5,8,1D,2,0.128013603,0.096011119,329,159,658,1138_bus
5,8,1D,3,0.095948600,0.063960596,329,159,658,1138_bus
5,8,1D,4,0.123990464,0.092001049,329,159,658,1138_bus
5,8,1D,5,0.095993975,0.064015775,329,159,658,1138_bus
5,8,1D,6,0.095996353,0.064003872,329,159,658,1138_bus
5,8,1D,7,0.127997720,0.095999206,329,159,658,1138_bus
5,8,1D,8,0.127994377,0.096014393,329,159,658,1138_bus
5,8,1D,9,0.126439438,0.095993144,329,159,658,1138_bus
2,8,1D,0,0.095988485,0.063995683,338,162,676,1138_bus
2,8,1D,1,0.095999504,0.064030173,338,162,676,1138_bus
2,8,1D,2,0.131997771,0.100007443,338,162,676,1138_bus
2,8,1D,3,0.123995932,0.091996732,338,162,676,1138_bus
2,8,1D,4,0.101533848,0.069531815,338,162,676,1138_bus
2,8,1D,5,0.128014490,0.096023179,338,162,676,1138_bus
2,8,1D,6,0.096038256,0.063994603,338,162,676,1138_bus
2,8,1D,7,0.127995271,0.096005956,338,162,676,1138_bus
2,8,1D,8,0.127990351,0.095993352,338,162,676,1138_bus
2,8,1D,9,0.116008919,0.096001074,338,162,676,1138_bus
1,8,1D,0,0.095988926,0.063999335,325,152,650,1138_bus
1,8,1D,1,0.095995776,0.064003554,325,152,650,1138_bus
1,8,1D,2,0.095996204,0.064012647,325,152,650,1138_bus
1,8,1D,3,0.132000383,0.063996333,325,152,650,1138_bus
1,8,1D,4,0.151976742,0.119992666,325,152,650,1138_bus
1,8,1D,5,0.095984717,0.063989223,325,152,650,1138_bus
1,8,1D,6,0.095976255,0.063986320,325,152,650,1138_bus
1,8,1D,7,0.127999467,0.096000891,325,152,650,1138_bus
1,8,1D,8,0.127994285,0.096002838,325,152,650,1138_bus
1,8,1D,9,0.120045131,0.096005846,325,152,650,1138_bus
0,8,1D,0,0.064008962,0.064003585,322,139,644,1138_bus
0,8,1D,1,0.095998200,0.064024222,322,139,644,1138_bus
0,8,1D,2,0.092025750,0.064029064,322,139,644,1138_bus
0,8,1D,3,0.099997532,0.068005483,322,139,644,1138_bus
0,8,1D,4,0.130310061,0.098312138,322,139,644,1138_bus
0,8,1D,5,0.095991006,0.063985287,322,139,644,1138_bus
0,8,1D,6,0.095999179,0.063997441,322,139,644,1138_bus
0,8,1D,7,0.095996544,0.064010112,322,139,644,1138_bus
0,8,1D,8,0.095988878,0.064023346,322,139,644,1138_bus
0,8,1D,9,0.104002169,0.063992006,322,139,644,1138_bus
0,1,1D,0,0.000783907,0.000230471,175693,0,351386,cond-mat-2005
0,1,1D,1,0.000586785,0.000088187,175693,0,351386,cond-mat-2005
0,1,1D,2,0.000653276,0.000199997,175693,0,351386,cond-mat-2005
0,1,1D,3,0.000648066,0.000162580,175693,0,351386,cond-mat-2005
0,1,1D,4,0.000673939,0.000141439,175693,0,351386,cond-mat-2005
0,1,1D,5,0.000606914,0.000116140,175693,0,351386,cond-mat-2005
0,1,1D,6,0.000633397,0.000137140,175693,0,351386,cond-mat-2005
0,1,1D,7,0.000643528,0.000187696,175693,0,351386,cond-mat-2005
0,1,1D,8,0.000633079,0.000166862,175693,0,351386,cond-mat-2005
0,1,1D,9,0.000658275,0.000175939,175693,0,351386,cond-mat-2005
1,2,1D,0,0.001034483,0.000277044,87430,12330,174860,cond-mat-2005
1,2,1D,1,0.000938529,0.000222459,87430,12330,174860,cond-mat-2005
1,2,1D,2,0.000983687,0.000352840,87430,12330,174860,cond-mat-2005
1,2,1D,3,0.000925906,0.000270057,87430,12330,174860,cond-mat-2005
1,2,1D,4,0.000879959,0.000249570,87430,12330,174860,cond-mat-2005
1,2,1D,5,0.000865713,0.000227267,87430,12330,174860,cond-mat-2005
1,2,1D,6,0.000913929,0.000283214,87430,12330,174860,cond-mat-2005
1,2,1D,7,0.000853034,0.000197969,87430,12330,174860,cond-mat-2005
1,2,1D,8,0.000846233,0.000224778,87430,12330,174860,cond-mat-2005
1,2,1D,9,0.000828209,0.000193949,87430,12330,174860,cond-mat-2005
0,2,1D,0,0.000995325,0.000270371,88263,12310,176526,cond-mat-2005
0,2,1D,1,0.001008115,0.000229177,88263,12310,176526,cond-mat-2005
0,2,1D,2,0.001039364,0.000353526,88263,12310,176526,cond-mat-2005
0,2,1D,3,0.000887754,0.000270223,88263,12310,176526,cond-mat-2005
0,2,1D,4,0.000845952,0.000249071,88263,12310,176526,cond-mat-2005
0,2,1D,5,0.001218072,0.000229103,88263,12310,176526,cond-mat-2005
0,2,1D,6,0.000883816,0.000282923,88263,12310,176526,cond-mat-2005
0,2,1D,7,0.000811774,0.000197351,88263,12310,176526,cond-mat-2005
0,2,1D,8,0.001043326,0.000225983,88263,12310,176526,cond-mat-2005
0,2,1D,9,0.000915156,0.000192183,88263,12310,176526,cond-mat-2005
0,4,1D,0,0.048195195,0.032073394,44345,13288,88690,cond-mat-2005
0,4,1D,1,0.048219358,0.032035392,44345,13288,88690,cond-mat-2005
0,4,1D,2,0.048245703,0.032037200,44345,13288,88690,cond-mat-2005
0,4,1D,3,0.048196749,0.032032321,44345,13288,88690,cond-mat-2005
0,4,1D,4,0.048217048,0.032026707,44345,13288,88690,cond-mat-2005
0,4,1D,5,0.052215762,0.036014845,44345,13288,88690,cond-mat-2005
0,4,1D,6,0.048223618,0.032067805,44345,13288,88690,cond-mat-2005
0,4,1D,7,0.048317399,0.032037464,44345,13288,88690,cond-mat-2005
0,4,1D,8,0.048213531,0.032042243,44345,13288,88690,cond-mat-2005
0,4,1D,9,0.048216946,0.032042648,44345,13288,88690,cond-mat-2005
1,4,1D,0,0.048237414,0.031991053,44044,13219,88088,cond-mat-2005
1,4,1D,1,0.048228054,0.032007254,44044,13219,88088,cond-mat-2005
1,4,1D,2,0.048242391,0.031993725,44044,13219,88088,cond-mat-2005
1,4,1D,3,0.048212768,0.031989252,44044,13219,88088,cond-mat-2005
1,4,1D,4,0.048209864,0.031996449,44044,13219,88088,cond-mat-2005
1,4,1D,5,0.044218975,0.027978777,44044,13219,88088,cond-mat-2005
1,4,1D,6,0.048251671,0.032037457,44044,13219,88088,cond-mat-2005
1,4,1D,7,0.048255197,0.032031091,44044,13219,88088,cond-mat-2005
1,4,1D,8,0.048241874,0.032022886,44044,13219,88088,cond-mat-2005
1,4,1D,9,0.044872127,0.032046466,44044,13219,88088,cond-mat-2005
2,4,1D,0,0.048256299,0.032007217,43918,13177,87836,cond-mat-2005
2,4,1D,1,0.048246936,0.032007591,43918,13177,87836,cond-mat-2005
2,4,1D,2,0.048472671,0.031974207,43918,13177,87836,cond-mat-2005
2,4,1D,3,0.048039703,0.031816692,43918,13177,87836,cond-mat-2005
2,4,1D,4,0.048254910,0.032170916,43918,13177,87836,cond-mat-2005
2,4,1D,5,0.036868990,0.020679731,43918,13177,87836,cond-mat-2005
2,4,1D,6,0.048220862,0.032016546,43918,13177,87836,cond-mat-2005
2,4,1D,7,0.048218500,0.032069329,43918,13177,87836,cond-mat-2005
2,4,1D,8,0.048242797,0.032025714,43918,13177,87836,cond-mat-2005
2,4,1D,9,0.041341340,0.032011716,43918,13177,87836,cond-mat-2005
3,4,1D,0,0.048199533,0.032027103,43386,13374,86772,cond-mat-2005
3,4,1D,1,0.048224320,0.032020192,43386,13374,86772,cond-mat-2005
3,4,1D,2,0.048217900,0.032034302,43386,13374,86772,cond-mat-2005
3,4,1D,3,0.048326484,0.032081311,43386,13374,86772,cond-mat-2005
3,4,1D,4,0.048211881,0.032054514,43386,13374,86772,cond-mat-2005
3,4,1D,5,0.044230554,0.028019605,43386,13374,86772,cond-mat-2005
3,4,1D,6,0.048177298,0.031928308,43386,13374,86772,cond-mat-2005
3,4,1D,7,0.048210671,0.032008823,43386,13374,86772,cond-mat-2005
3,4,1D,8,0.048170572,0.031968343,43386,13374,86772,cond-mat-2005
3,4,1D,9,0.044226733,0.032007582,43386,13374,86772,cond-mat-2005
3,8,1D,0,0.128074702,0.095995749,21843,10122,43686,cond-mat-2005
3,8,1D,1,0.127934271,0.095861403,21843,10122,43686,cond-mat-2005
3,8,1D,2,0.128080766,0.096012914,21843,10122,43686,cond-mat-2005
3,8,1D,3,0.190412342,0.158349059,21843,10122,43686,cond-mat-2005
3,8,1D,4,0.148075943,0.116004663,21843,10122,43686,cond-mat-2005
3,8,1D,5,0.096061366,0.063996046,21843,10122,43686,cond-mat-2005
3,8,1D,6,0.100068271,0.063990590,21843,10122,43686,cond-mat-2005
3,8,1D,7,0.159984765,0.127915252,21843,10122,43686,cond-mat-2005
3,8,1D,8,0.128087181,0.064010108,21843,10122,43686,cond-mat-2005
3,8,1D,9,0.032135887,0.032008988,21843,10122,43686,cond-mat-2005
2,8,1D,0,0.128348066,0.096008453,21869,10056,43738,cond-mat-2005
2,8,1D,1,0.128071069,0.096008066,21869,10056,43738,cond-mat-2005
2,8,1D,2,0.128096021,0.096007526,21869,10056,43738,cond-mat-2005
2,8,1D,3,0.125292090,0.093221652,21869,10056,43738,cond-mat-2005
2,8,1D,4,0.120083939,0.096027410,21869,10056,43738,cond-mat-2005
2,8,1D,5,0.094621591,0.064012647,21869,10056,43738,cond-mat-2005
2,8,1D,6,0.096091258,0.064150034,21869,10056,43738,cond-mat-2005
2,8,1D,7,0.096074032,0.064024178,21869,10056,43738,cond-mat-2005
2,8,1D,8,0.096064213,0.064005518,21869,10056,43738,cond-mat-2005
2,8,1D,9,0.096794381,0.068731205,21869,10056,43738,cond-mat-2005
5,8,1D,0,0.096078319,0.064026693,22224,10073,44448,cond-mat-2005
5,8,1D,1,0.096079512,0.064029376,22224,10073,44448,cond-mat-2005
5,8,1D,2,0.128075717,0.095992614,22224,10073,44448,cond-mat-2005
5,8,1D,3,0.152090207,0.120002795,22224,10073,44448,cond-mat-2005
5,8,1D,4,0.108082425,0.066707337,22224,10073,44448,cond-mat-2005
5,8,1D,5,0.136085624,0.096012741,22224,10073,44448,cond-mat-2005
5,8,1D,6,0.096071027,0.064014329,22224,10073,44448,cond-mat-2005
5,8,1D,7,0.124071095,0.092014303,22224,10073,44448,cond-mat-2005
5,8,1D,8,0.128079854,0.096006318,22224,10073,44448,cond-mat-2005
5,8,1D,9,0.076194282,0.052035010,22224,10073,44448,cond-mat-2005
1,8,1D,0,0.096074802,0.063995156,21820,10124,43640,cond-mat-2005
1,8,1D,1,0.096086748,0.064020044,21820,10124,43640,cond-mat-2005
1,8,1D,2,0.096081613,0.064020385,21820,10124,43640,cond-mat-2005
1,8,1D,3,0.124057082,0.091978058,21820,10124,43640,cond-mat-2005
1,8,1D,4,0.124081702,0.092007258,21820,10124,43640,cond-mat-2005
1,8,1D,5,0.163966433,0.127917289,21820,10124,43640,cond-mat-2005
1,8,1D,6,0.096102665,0.064019529,21820,10124,43640,cond-mat-2005
1,8,1D,7,0.128072948,0.096012328,21820,10124,43640,cond-mat-2005
1,8,1D,8,0.096063751,0.063995407,21820,10124,43640,cond-mat-2005
1,8,1D,9,0.099810329,0.079336249,21820,10124,43640,cond-mat-2005
0,8,1D,0,0.128081348,0.096012119,21865,10276,43730,cond-mat-2005
0,8,1D,1,0.128070422,0.096002256,21865,10276,43730,cond-mat-2005
0,8,1D,2,0.128098841,0.096017287,21865,10276,43730,cond-mat-2005
0,8,1D,3,0.102912271,0.100081238,21865,10276,43730,cond-mat-2005
0,8,1D,4,0.128098362,0.096024692,21865,10276,43730,cond-mat-2005
0,8,1D,5,0.132070351,0.096025178,21865,10276,43730,cond-mat-2005
0,8,1D,6,0.128062469,0.095993871,21865,10276,43730,cond-mat-2005
0,8,1D,7,0.096082239,0.064018410,21865,10276,43730,cond-mat-2005
0,8,1D,8,0.096068911,0.064022329,21865,10276,43730,cond-mat-2005
0,8,1D,9,0.094547881,0.081096768,21865,10276,43730,cond-mat-2005
7,8,1D,0,0.096037546,0.063997213,21543,10236,43086,cond-mat-2005
7,8,1D,1,0.096081005,0.064019290,21543,10236,43086,cond-mat-2005
7,8,1D,2,0.128074410,0.096024049,21543,10236,43086,cond-mat-2005
7,8,1D,3,0.152076791,0.120008239,21543,10236,43086,cond-mat-2005
7,8,1D,4,0.096068039,0.068020683,21543,10236,43086,cond-mat-2005
7,8,1D,5,0.128073845,0.096014160,21543,10236,43086,cond-mat-2005
7,8,1D,6,0.096461191,0.063996694,21543,10236,43086,cond-mat-2005
7,8,1D,7,0.128076028,0.096021893,21543,10236,43086,cond-mat-2005
7,8,1D,8,0.096070131,0.064022690,21543,10236,43086,cond-mat-2005
7,8,1D,9,0.084060340,0.052405049,21543,10236,43086,cond-mat-2005
4,8,1D,0,0.128080317,0.096022305,22480,10015,44960,cond-mat-2005
4,8,1D,1,0.128078031,0.096019920,22480,10015,44960,cond-mat-2005
4,8,1D,2,0.128088006,0.096029539,22480,10015,44960,cond-mat-2005
4,8,1D,3,0.156069428,0.124002581,22480,10015,44960,cond-mat-2005
4,8,1D,4,0.152064411,0.128124400,22480,10015,44960,cond-mat-2005
4,8,1D,5,0.092083516,0.064147341,22480,10015,44960,cond-mat-2005
4,8,1D,6,0.096069331,0.064115839,22480,10015,44960,cond-mat-2005
4,8,1D,7,0.100082521,0.068013981,22480,10015,44960,cond-mat-2005
4,8,1D,8,0.096080410,0.064006839,22480,10015,44960,cond-mat-2005
4,8,1D,9,0.084470876,0.056009633,22480,10015,44960,cond-mat-2005
6,8,1D,0,0.096075149,0.064008098,22049,10117,44098,cond-mat-2005
6,8,1D,1,0.096085542,0.064022760,22049,10117,44098,cond-mat-2005
6,8,1D,2,0.096097487,0.064026578,22049,10117,44098,cond-mat-2005
6,8,1D,3,0.140074952,0.108005636,22049,10117,44098,cond-mat-2005
6,8,1D,4,0.116078271,0.084027564,22049,10117,44098,cond-mat-2005
6,8,1D,5,0.100075037,0.064013190,22049,10117,44098,cond-mat-2005
6,8,1D,6,0.128063355,0.095991843,22049,10117,44098,cond-mat-2005
6,8,1D,7,0.128084760,0.096016771,22049,10117,44098,cond-mat-2005
6,8,1D,8,0.128068833,0.095997214,22049,10117,44098,cond-mat-2005
6,8,1D,9,0.110389276,0.082226115,22049,10117,44098,cond-mat-2005
0,1,1D,0,0.000563833,0.000172009,179999,0,359998,dixmaanl
0,1,1D,1,0.000499210,0.000140009,179999,0,359998,dixmaanl
0,1,1D,2,0.000623535,0.000198602,179999,0,359998,dixmaanl
0,1,1D,3,0.000717133,0.000197525,179999,0,359998,dixmaanl
0,1,1D,4,0.000534063,0.000171682,179999,0,359998,dixmaanl
0,1,1D,5,0.000578345,0.000192500,179999,0,359998,dixmaanl
0,1,1D,6,0.000517631,0.000134130,179999,0,359998,dixmaanl
0,1,1D,7,0.000590924,0.000163858,179999,0,359998,dixmaanl
0,1,1D,8,0.000531549,0.000149870,179999,0,359998,dixmaanl
0,1,1D,9,0.000603016,0.000090922,179999,0,359998,dixmaanl
1,2,1D,0,0.000449853,0.000236630,90000,30000,180000,dixmaanl
1,2,1D,1,0.000315333,0.000123170,90000,30000,180000,dixmaanl
1,2,1D,2,0.000336293,0.000146234,90000,30000,180000,dixmaanl
1,2,1D,3,0.000336012,0.000130285,90000,30000,180000,dixmaanl
1,2,1D,4,0.000331292,0.000137755,90000,30000,180000,dixmaanl
1,2,1D,5,0.000355774,0.000145937,90000,30000,180000,dixmaanl
1,2,1D,6,0.000297829,0.000104588,90000,30000,180000,dixmaanl
1,2,1D,7,0.000296589,0.000099594,90000,30000,180000,dixmaanl
1,2,1D,8,0.000434664,0.000195011,90000,30000,180000,dixmaanl
1,2,1D,9,0.000331334,0.000124881,90000,30000,180000,dixmaanl
0,2,1D,0,0.000455461,0.000233068,89999,29999,179998,dixmaanl
0,2,1D,1,0.000297363,0.000125265,89999,29999,179998,dixmaanl
0,2,1D,2,0.000333482,0.000147062,89999,29999,179998,dixmaanl
0,2,1D,3,0.000300243,0.000128262,89999,29999,179998,dixmaanl
0,2,1D,4,0.000358496,0.000140362,89999,29999,179998,dixmaanl
0,2,1D,5,0.000328814,0.000146631,89999,29999,179998,dixmaanl
0,2,1D,6,0.000295702,0.000105275,89999,29999,179998,dixmaanl
0,2,1D,7,0.000281466,0.000099802,89999,29999,179998,dixmaanl
0,2,1D,8,0.000389279,0.000195320,89999,29999,179998,dixmaanl
0,2,1D,9,0.000352627,0.000125922,89999,29999,179998,dixmaanl
0,4,1D,0,0.048059864,0.032020084,44999,14999,89998,dixmaanl
0,4,1D,1,0.048067154,0.032074719,44999,14999,89998,dixmaanl
0,4,1D,2,0.048042155,0.032026032,44999,14999,89998,dixmaanl
0,4,1D,3,0.048052018,0.032036259,44999,14999,89998,dixmaanl
0,4,1D,4,0.048049805,0.032020954,44999,14999,89998,dixmaanl
0,4,1D,5,0.048054476,0.032017471,44999,14999,89998,dixmaanl
0,4,1D,6,0.048039405,0.032012242,44999,14999,89998,dixmaanl
0,4,1D,7,0.052072573,0.036047830,44999,14999,89998,dixmaanl
0,4,1D,8,0.048098222,0.032042646,44999,14999,89998,dixmaanl
0,4,1D,9,0.048040364,0.032040560,44999,14999,89998,dixmaanl
3,4,1D,0,0.048026059,0.031979680,45000,15000,90000,dixmaanl
3,4,1D,1,0.048069098,0.032043324,45000,15000,90000,dixmaanl
3,4,1D,2,0.048114880,0.032028178,45000,15000,90000,dixmaanl
3,4,1D,3,0.048067096,0.032019580,45000,15000,90000,dixmaanl
3,4,1D,4,0.048055835,0.032129174,45000,15000,90000,dixmaanl
3,4,1D,5,0.048108593,0.032018654,45000,15000,90000,dixmaanl
3,4,1D,6,0.047943839,0.031930715,45000,15000,90000,dixmaanl
3,4,1D,7,0.048088750,0.032016419,45000,15000,90000,dixmaanl
3,4,1D,8,0.048045967,0.032052218,45000,15000,90000,dixmaanl
3,4,1D,9,0.044452463,0.032036044,45000,15000,90000,dixmaanl
2,4,1D,0,0.048049884,0.031996597,45000,15000,90000,dixmaanl
2,4,1D,1,0.048072075,0.032007171,45000,15000,90000,dixmaanl
2,4,1D,2,0.048276946,0.032053269,45000,15000,90000,dixmaanl
2,4,1D,3,0.048059753,0.031992620,45000,15000,90000,dixmaanl
2,4,1D,4,0.048054995,0.032006522,45000,15000,90000,dixmaanl
2,4,1D,5,0.048040358,0.031975461,45000,15000,90000,dixmaanl
2,4,1D,6,0.048060326,0.032013738,45000,15000,90000,dixmaanl
2,4,1D,7,0.048042436,0.031997315,45000,15000,90000,dixmaanl
2,4,1D,8,0.047923005,0.031887727,45000,15000,90000,dixmaanl
2,4,1D,9,0.044130263,0.032011065,45000,15000,90000,dixmaanl
1,4,1D,0,0.048076621,0.032008187,45000,15000,90000,dixmaanl
1,4,1D,1,0.048068454,0.032005143,45000,15000,90000,dixmaanl
1,4,1D,2,0.048064588,0.032011119,45000,15000,90000,dixmaanl
1,4,1D,3,0.048063667,0.031993043,45000,15000,90000,dixmaanl
1,4,1D,4,0.048049717,0.031996644,45000,15000,90000,dixmaanl
1,4,1D,5,0.048076479,0.031998386,45000,15000,90000,dixmaanl
1,4,1D,6,0.048080577,0.031921761,45000,15000,90000,dixmaanl
1,4,1D,7,0.043718838,0.027534699,45000,15000,90000,dixmaanl
1,4,1D,8,0.048037552,0.032288893,45000,15000,90000,dixmaanl
1,4,1D,9,0.044061662,0.032007756,45000,15000,90000,dixmaanl
5,8,1D,0,0.096025780,0.064000171,22500,7500,45000,dixmaanl
5,8,1D,1,0.096031079,0.064016140,22500,7500,45000,dixmaanl
5,8,1D,2,0.096038355,0.064025433,22500,7500,45000,dixmaanl
5,8,1D,3,0.096030318,0.063997073,22500,7500,45000,dixmaanl
5,8,1D,4,0.096051950,0.063998681,22500,7500,45000,dixmaanl
5,8,1D,5,0.096001121,0.063973062,22500,7500,45000,dixmaanl
5,8,1D,6,0.096051083,0.064010357,22500,7500,45000,dixmaanl
5,8,1D,7,0.096028778,0.063991516,22500,7500,45000,dixmaanl
5,8,1D,8,0.120006121,0.087982012,22500,7500,45000,dixmaanl
5,8,1D,9,0.096033552,0.064021385,22500,7500,45000,dixmaanl
6,8,1D,0,0.096016977,0.064007940,22500,7500,45000,dixmaanl
6,8,1D,1,0.096025760,0.063994481,22500,7500,45000,dixmaanl
6,8,1D,2,0.096016959,0.063986056,22500,7500,45000,dixmaanl
6,8,1D,3,0.096012250,0.063983240,22500,7500,45000,dixmaanl
6,8,1D,4,0.096032591,0.064017977,22500,7500,45000,dixmaanl
6,8,1D,5,0.096025667,0.064012226,22500,7500,45000,dixmaanl
6,8,1D,6,0.096025628,0.064011145,22500,7500,45000,dixmaanl
6,8,1D,7,0.096026159,0.064014093,22500,7500,45000,dixmaanl
6,8,1D,8,0.124001570,0.091985066,22500,7500,45000,dixmaanl
6,8,1D,9,0.092273688,0.064009463,22500,7500,45000,dixmaanl
1,8,1D,0,0.096031753,0.063998937,22500,7500,45000,dixmaanl
1,8,1D,1,0.096030262,0.064004239,22500,7500,45000,dixmaanl
1,8,1D,2,0.112014077,0.064374886,22500,7500,45000,dixmaanl
1,8,1D,3,0.096035888,0.063994989,22500,7500,45000,dixmaanl
1,8,1D,4,0.096041780,0.063993838,22500,7500,45000,dixmaanl
1,8,1D,5,0.092014207,0.059989233,22500,7500,45000,dixmaanl
1,8,1D,6,0.096049258,0.064000404,22500,7500,45000,dixmaanl
1,8,1D,7,0.096027489,0.064011454,22500,7500,45000,dixmaanl
1,8,1D,8,0.124015569,0.091993706,22500,7500,45000,dixmaanl
1,8,1D,9,0.120109437,0.096012518,22500,7500,45000,dixmaanl
4,8,1D,0,0.128033379,0.096031126,22500,7500,45000,dixmaanl
4,8,1D,1,0.128030445,0.096030330,22500,7500,45000,dixmaanl
4,8,1D,2,0.132026208,0.100024207,22500,7500,45000,dixmaanl
4,8,1D,3,0.128034367,0.096023986,22500,7500,45000,dixmaanl
4,8,1D,4,0.124032550,0.096041634,22500,7500,45000,dixmaanl
4,8,1D,5,0.132039506,0.100026431,22500,7500,45000,dixmaanl
4,8,1D,6,0.128044251,0.096028743,22500,7500,45000,dixmaanl
4,8,1D,7,0.128031292,0.096021310,22500,7500,45000,dixmaanl
4,8,1D,8,0.124026911,0.092013034,22500,7500,45000,dixmaanl
4,8,1D,9,0.084361387,0.064017683,22500,7500,45000,dixmaanl
2,8,1D,0,0.096038882,0.064027492,22500,7500,45000,dixmaanl
2,8,1D,1,0.092016850,0.060015924,22500,7500,45000,dixmaanl
2,8,1D,2,0.100025323,0.064018064,22500,7500,45000,dixmaanl
2,8,1D,3,0.096027359,0.063997285,22500,7500,45000,dixmaanl
2,8,1D,4,0.096031109,0.063990917,22500,7500,45000,dixmaanl
2,8,1D,5,0.096027561,0.063997880,22500,7500,45000,dixmaanl
2,8,1D,6,0.096027635,0.063990690,22500,7500,45000,dixmaanl
2,8,1D,7,0.096018734,0.063997081,22500,7500,45000,dixmaanl
2,8,1D,8,0.116031531,0.084012017,22500,7500,45000,dixmaanl
2,8,1D,9,0.080660441,0.063997836,22500,7500,45000,dixmaanl
0,8,1D,0,0.096019333,0.064020413,22499,7499,44998,dixmaanl
0,8,1D,1,0.096001946,0.064017497,22499,7499,44998,dixmaanl
0,8,1D,2,0.096037088,0.064040783,22499,7499,44998,dixmaanl
0,8,1D,3,0.096055234,0.064015118,22499,7499,44998,dixmaanl
0,8,1D,4,0.096024319,0.064010867,22499,7499,44998,dixmaanl
0,8,1D,5,0.096004539,0.063990453,22499,7499,44998,dixmaanl
0,8,1D,6,0.096031993,0.064011916,22499,7499,44998,dixmaanl
0,8,1D,7,0.096020008,0.064006912,22499,7499,44998,dixmaanl
0,8,1D,8,0.125935937,0.093936584,22499,7499,44998,dixmaanl
0,8,1D,9,0.096194872,0.088477952,22499,7499,44998,dixmaanl
7,8,1D,0,0.096027850,0.064000472,22500,7500,45000,dixmaanl
7,8,1D,1,0.100004795,0.067988420,22500,7500,45000,dixmaanl
7,8,1D,2,0.100019595,0.064009508,22500,7500,45000,dixmaanl
7,8,1D,3,0.096033338,0.064018092,22500,7500,45000,dixmaanl
7,8,1D,4,0.096028228,0.063990908,22500,7500,45000,dixmaanl
7,8,1D,5,0.095984645,0.063941549,22500,7500,45000,dixmaanl
7,8,1D,6,0.096013937,0.063974393,22500,7500,45000,dixmaanl
7,8,1D,7,0.096055121,0.063996614,22500,7500,45000,dixmaanl
7,8,1D,8,0.120026090,0.088003640,22500,7500,45000,dixmaanl
7,8,1D,9,0.116125921,0.095998145,22500,7500,45000,dixmaanl
3,8,1D,0,0.096026551,0.064000187,22500,7500,45000,dixmaanl
3,8,1D,1,0.096027265,0.064001758,22500,7500,45000,dixmaanl
3,8,1D,2,0.100175084,0.067990286,22500,7500,45000,dixmaanl
3,8,1D,3,0.096029270,0.063999519,22500,7500,45000,dixmaanl
3,8,1D,4,0.096018316,0.063997209,22500,7500,45000,dixmaanl
3,8,1D,5,0.096018956,0.063991510,22500,7500,45000,dixmaanl
3,8,1D,6,0.096044823,0.064003005,22500,7500,45000,dixmaanl
3,8,1D,7,0.096013926,0.063999763,22500,7500,45000,dixmaanl
3,8,1D,8,0.096040861,0.064024655,22500,7500,45000,dixmaanl
3,8,1D,9,0.112179874,0.063996274,22500,7500,45000,dixmaanl
0,1,1D,0,0.000310584,0.000110050,38530,0,77060,flowmeter0
0,1,1D,1,0.000281594,0.000121201,38530,0,77060,flowmeter0
0,1,1D,2,0.000295230,0.000132308,38530,0,77060,flowmeter0
0,1,1D,3,0.000279680,0.000141691,38530,0,77060,flowmeter0
0,1,1D,4,0.000293125,0.000139526,38530,0,77060,flowmeter0
0,1,1D,5,0.000315577,0.000107457,38530,0,77060,flowmeter0
0,1,1D,6,0.000497352,0.000220560,38530,0,77060,flowmeter0
0,1,1D,7,0.000487706,0.000269452,38530,0,77060,flowmeter0
0,1,1D,8,0.000365235,0.000125412,38530,0,77060,flowmeter0
0,1,1D,9,0.000254047,0.000065827,38530,0,77060,flowmeter0
1,2,1D,0,0.000247967,0.000113334,19259,4356,38518,flowmeter0
1,2,1D,1,0.000297731,0.000135152,19259,4356,38518,flowmeter0
1,2,1D,2,0.000294868,0.000103228,19259,4356,38518,flowmeter0
1,2,1D,3,0.000266180,0.000118145,19259,4356,38518,flowmeter0
1,2,1D,4,0.000297294,0.000152180,19259,4356,38518,flowmeter0
1,2,1D,5,0.000419400,0.000091079,19259,4356,38518,flowmeter0
1,2,1D,6,0.000312167,0.000122935,19259,4356,38518,flowmeter0
1,2,1D,7,0.000235990,0.000088237,19259,4356,38518,flowmeter0
1,2,1D,8,0.000238689,0.000096264,19259,4356,38518,flowmeter0
1,2,1D,9,0.000223981,0.000091480,19259,4356,38518,flowmeter0
0,2,1D,0,0.000284456,0.000111418,19271,4358,38542,flowmeter0
0,2,1D,1,0.000354546,0.000136229,19271,4358,38542,flowmeter0
0,2,1D,2,0.000294848,0.000102879,19271,4358,38542,flowmeter0
0,2,1D,3,0.000334419,0.000118255,19271,4358,38542,flowmeter0
0,2,1D,4,0.000310821,0.000152879,19271,4358,38542,flowmeter0
0,2,1D,5,0.000279053,0.000091281,19271,4358,38542,flowmeter0
0,2,1D,6,0.000277450,0.000123353,19271,4358,38542,flowmeter0
0,2,1D,7,0.000302159,0.000088365,19271,4358,38542,flowmeter0
0,2,1D,8,0.000244233,0.000095855,19271,4358,38542,flowmeter0
0,2,1D,9,0.000230929,0.000091447,19271,4358,38542,flowmeter0
0,4,1D,0,0.048022573,0.032009888,9635,4313,19270,flowmeter0
0,4,1D,1,0.048034354,0.032025107,9635,4313,19270,flowmeter0
0,4,1D,2,0.048030888,0.032022703,9635,4313,19270,flowmeter0
0,4,1D,3,0.055959346,0.039945346,9635,4313,19270,flowmeter0
0,4,1D,4,0.048076609,0.032013074,9635,4313,19270,flowmeter0
0,4,1D,5,0.048030480,0.032009432,9635,4313,19270,flowmeter0
0,4,1D,6,0.048034681,0.032008159,9635,4313,19270,flowmeter0
0,4,1D,7,0.048009803,0.032046600,9635,4313,19270,flowmeter0
0,4,1D,8,0.048030958,0.032012863,9635,4313,19270,flowmeter0
0,4,1D,9,0.048034334,0.032009229,9635,4313,19270,flowmeter0
2,4,1D,0,0.048032131,0.031997247,9636,4329,19272,flowmeter0
2,4,1D,1,0.047999957,0.032000413,9636,4329,19272,flowmeter0
2,4,1D,2,0.048035771,0.031996128,9636,4329,19272,flowmeter0
2,4,1D,3,0.048000197,0.031971892,9636,4329,19272,flowmeter0
2,4,1D,4,0.048034343,0.032004897,9636,4329,19272,flowmeter0
2,4,1D,5,0.048031501,0.032006646,9636,4329,19272,flowmeter0
2,4,1D,6,0.048046180,0.032007368,9636,4329,19272,flowmeter0
2,4,1D,7,0.048028309,0.032180951,9636,4329,19272,flowmeter0
2,4,1D,8,0.048012874,0.032010857,9636,4329,19272,flowmeter0
2,4,1D,9,0.044214444,0.032010074,9636,4329,19272,flowmeter0
3,4,1D,0,0.048036929,0.031996478,9640,4295,19280,flowmeter0
3,4,1D,1,0.048034860,0.032003879,9640,4295,19280,flowmeter0
3,4,1D,2,0.048029228,0.032000098,9640,4295,19280,flowmeter0
3,4,1D,3,0.063899350,0.031868087,9640,4295,19280,flowmeter0
3,4,1D,4,0.048025877,0.031995274,9640,4295,19280,flowmeter0
3,4,1D,5,0.048035420,0.032060519,9640,4295,19280,flowmeter0
3,4,1D,6,0.048027539,0.032025621,9640,4295,19280,flowmeter0
3,4,1D,7,0.048023764,0.032018885,9640,4295,19280,flowmeter0
3,4,1D,8,0.048039500,0.032012260,9640,4295,19280,flowmeter0
3,4,1D,9,0.040459067,0.032018780,9640,4295,19280,flowmeter0
1,4,1D,0,0.048036874,0.032007257,9619,4307,19238,flowmeter0
1,4,1D,1,0.048019164,0.032012419,9619,4307,19238,flowmeter0
1,4,1D,2,0.048039900,0.032007749,9619,4307,19238,flowmeter0
1,4,1D,3,0.045784791,0.029787478,9619,4307,19238,flowmeter0
1,4,1D,4,0.048038314,0.032010229,9619,4307,19238,flowmeter0
1,4,1D,5,0.048038167,0.032024286,9619,4307,19238,flowmeter0
1,4,1D,6,0.048034621,0.031999682,9619,4307,19238,flowmeter0
1,4,1D,7,0.048015650,0.031973625,9619,4307,19238,flowmeter0
1,4,1D,8,0.048040322,0.032007541,9619,4307,19238,flowmeter0
1,4,1D,9,0.044037151,0.032003193,9619,4307,19238,flowmeter0
6,8,1D,0,0.065932376,0.063993640,4823,2698,9646,flowmeter0
6,8,1D,1,0.128008476,0.096010384,4823,2698,9646,flowmeter0
6,8,1D,2,0.128022099,0.096019717,4823,2698,9646,flowmeter0
6,8,1D,3,0.127733967,0.096002602,4823,2698,9646,flowmeter0
6,8,1D,4,0.123953563,0.091934867,4823,2698,9646,flowmeter0
6,8,1D,5,0.128007355,0.095993050,4823,2698,9646,flowmeter0
6,8,1D,6,0.095956328,0.063945279,4823,2698,9646,flowmeter0
6,8,1D,7,0.096010435,0.064003740,4823,2698,9646,flowmeter0
6,8,1D,8,0.096023989,0.064017691,4823,2698,9646,flowmeter0
6,8,1D,9,0.096002875,0.064003771,4823,2698,9646,flowmeter0
0,8,1D,0,0.096007592,0.063990585,4812,2734,9624,flowmeter0
0,8,1D,1,0.128001513,0.096013078,4812,2734,9624,flowmeter0
0,8,1D,2,0.096005622,0.064004274,4812,2734,9624,flowmeter0
0,8,1D,3,0.096007748,0.064012957,4812,2734,9624,flowmeter0
0,8,1D,4,0.096082901,0.064015960,4812,2734,9624,flowmeter0
0,8,1D,5,0.127995902,0.064007947,4812,2734,9624,flowmeter0
0,8,1D,6,0.095979735,0.063991292,4812,2734,9624,flowmeter0
0,8,1D,7,0.096011259,0.064008083,4812,2734,9624,flowmeter0
0,8,1D,8,0.096016740,0.064013574,4812,2734,9624,flowmeter0
0,8,1D,9,0.092175133,0.064007763,4812,2734,9624,flowmeter0
2,8,1D,0,0.095997260,0.064012590,4813,2714,9626,flowmeter0
2,8,1D,1,0.096035100,0.064003736,4813,2714,9626,flowmeter0
2,8,1D,2,0.096007100,0.064128007,4813,2714,9626,flowmeter0
2,8,1D,3,0.096010596,0.064025760,4813,2714,9626,flowmeter0
2,8,1D,4,0.064065651,0.064043863,4813,2714,9626,flowmeter0
2,8,1D,5,0.096004763,0.064035870,4813,2714,9626,flowmeter0
2,8,1D,6,0.119975533,0.087964034,4813,2714,9626,flowmeter0
2,8,1D,7,0.128012000,0.096006055,4813,2714,9626,flowmeter0
2,8,1D,8,0.128011916,0.096002857,4813,2714,9626,flowmeter0
2,8,1D,9,0.120085668,0.096003584,4813,2714,9626,flowmeter0
3,8,1D,0,0.135962651,0.103956186,4823,2700,9646,flowmeter0
3,8,1D,1,0.095988848,0.063982178,4823,2700,9646,flowmeter0
3,8,1D,2,0.096010196,0.064019977,4823,2700,9646,flowmeter0
3,8,1D,3,0.096011335,0.063996553,4823,2700,9646,flowmeter0
3,8,1D,4,0.095944608,0.063940866,4823,2700,9646,flowmeter0
3,8,1D,5,0.095964257,0.063952718,4823,2700,9646,flowmeter0
3,8,1D,6,0.127994664,0.063996012,4823,2700,9646,flowmeter0
3,8,1D,7,0.128010434,0.096006611,4823,2700,9646,flowmeter0
3,8,1D,8,0.096002021,0.064003680,4823,2700,9646,flowmeter0
3,8,1D,9,0.084429972,0.063995629,4823,2700,9646,flowmeter0
7,8,1D,0,0.096019978,0.064025497,4817,2683,9634,flowmeter0
7,8,1D,1,0.095985870,0.063974500,4817,2683,9634,flowmeter0
7,8,1D,2,0.096000832,0.064000191,4817,2683,9634,flowmeter0
7,8,1D,3,0.096125656,0.064018865,4817,2683,9634,flowmeter0
7,8,1D,4,0.096009076,0.064005931,4817,2683,9634,flowmeter0
7,8,1D,5,0.096012723,0.064019038,4817,2683,9634,flowmeter0
7,8,1D,6,0.095995731,0.063989687,4817,2683,9634,flowmeter0
7,8,1D,7,0.160000185,0.127992855,4817,2683,9634,flowmeter0
7,8,1D,8,0.128030110,0.096014769,4817,2683,9634,flowmeter0
7,8,1D,9,0.112611736,0.095994949,4817,2683,9634,flowmeter0
5,8,1D,0,0.127920125,0.095919109,4809,2680,9618,flowmeter0
5,8,1D,1,0.128000933,0.095999755,4809,2680,9618,flowmeter0
5,8,1D,2,0.128022629,0.096006814,4809,2680,9618,flowmeter0
5,8,1D,3,0.128010862,0.096020135,4809,2680,9618,flowmeter0
5,8,1D,4,0.132978620,0.100911318,4809,2680,9618,flowmeter0
5,8,1D,5,0.128007198,0.096004997,4809,2680,9618,flowmeter0
5,8,1D,6,0.095988748,0.063989490,4809,2680,9618,flowmeter0
5,8,1D,7,0.128013588,0.096005479,4809,2680,9618,flowmeter0
5,8,1D,8,0.128017816,0.096007475,4809,2680,9618,flowmeter0
5,8,1D,9,0.128923606,0.096000043,4809,2680,9618,flowmeter0
4,8,1D,0,0.096005651,0.064000613,4823,2685,9646,flowmeter0
1,8,1D,0,0.095979330,0.064012011,4810,2675,9620,flowmeter0
1,8,1D,1,0.128004486,0.096001048,4810,2675,9620,flowmeter0
1,8,1D,2,0.096010188,0.064026495,4810,2675,9620,flowmeter0
1,8,1D,3,0.096006555,0.064032856,4810,2675,9620,flowmeter0
1,8,1D,4,0.095992137,0.064001436,4810,2675,9620,flowmeter0
1,8,1D,5,0.096014304,0.064024076,4810,2675,9620,flowmeter0
1,8,1D,6,0.123977030,0.091983568,4810,2675,9620,flowmeter0
1,8,1D,7,0.128041162,0.096000638,4810,2675,9620,flowmeter0
1,8,1D,8,0.128013286,0.096001345,4810,2675,9620,flowmeter0
1,8,1D,9,0.120096600,0.096002133,4810,2675,9620,flowmeter0
4,8,1D,1,0.096013412,0.064016160,4823,2685,9646,flowmeter0
4,8,1D,2,0.095985336,0.063992608,4823,2685,9646,flowmeter0
4,8,1D,3,0.096000604,0.064000035,4823,2685,9646,flowmeter0
4,8,1D,4,0.095996299,0.064004767,4823,2685,9646,flowmeter0
4,8,1D,5,0.095998815,0.063993629,4823,2685,9646,flowmeter0
4,8,1D,6,0.123990572,0.091972977,4823,2685,9646,flowmeter0
4,8,1D,7,0.095795803,0.063791446,4823,2685,9646,flowmeter0
4,8,1D,8,0.096003265,0.064012650,4823,2685,9646,flowmeter0
4,8,1D,9,0.084017639,0.064017546,4823,2685,9646,flowmeter0
0,2,2D,0,0.000199127,0.000119280,1429,284,2858,1138_bus
0,2,2D,1,0.000185700,0.000112297,1429,284,2858,1138_bus
0,2,2D,2,0.000278593,0.000143677,1429,284,2858,1138_bus
0,2,2D,3,0.000229705,0.000164272,1429,284,2858,1138_bus
0,2,2D,4,0.000208310,0.000123541,1429,284,2858,1138_bus
0,2,2D,5,0.000155697,0.000099087,1429,284,2858,1138_bus
0,2,2D,6,0.000213291,0.000109849,1429,284,2858,1138_bus
0,2,2D,7,0.000198029,0.000104925,1429,284,2858,1138_bus
0,2,2D,8,0.000308189,0.000153968,1429,284,2858,1138_bus
0,2,2D,9,0.000223589,0.000105004,1429,284,2858,1138_bus
1,2,2D,0,0.000333079,0.000118942,1167,284,2334,1138_bus
1,2,2D,1,0.000256302,0.000112982,1167,284,2334,1138_bus
1,2,2D,2,0.000219327,0.000142992,1167,284,2334,1138_bus
1,2,2D,3,0.000282976,0.000161265,1167,284,2334,1138_bus
1,2,2D,4,0.000251585,0.000123039,1167,284,2334,1138_bus
1,2,2D,5,0.000261241,0.000098347,1167,284,2334,1138_bus
1,2,2D,6,0.000166590,0.000109113,1167,284,2334,1138_bus
1,2,2D,7,0.000170569,0.000105348,1167,284,2334,1138_bus
1,2,2D,8,0.000329217,0.000154295,1167,284,2334,1138_bus
1,2,2D,9,0.000386999,0.000104618,1167,284,2334,1138_bus
0,4,2D,0,0.048010202,0.032000824,1289,426,2578,1138_bus
0,4,2D,1,0.048008703,0.032025581,1289,426,2578,1138_bus
0,4,2D,2,0.055987322,0.039983099,1289,426,2578,1138_bus
0,4,2D,3,0.047993341,0.031990515,1289,426,2578,1138_bus
0,4,2D,4,0.051986365,0.032894900,1289,426,2578,1138_bus
0,4,2D,5,0.048004383,0.032044746,1289,426,2578,1138_bus
0,4,2D,6,0.048002463,0.031995534,1289,426,2578,1138_bus
0,4,2D,7,0.048005584,0.032005599,1289,426,2578,1138_bus
0,4,2D,8,0.048004095,0.032003939,1289,426,2578,1138_bus
0,4,2D,9,0.048004816,0.032001894,1289,426,2578,1138_bus
2,4,2D,0,0.048018608,0.031998432,140,58,280,1138_bus
2,4,2D,1,0.048010670,0.032025520,140,58,280,1138_bus
2,4,2D,2,0.047996769,0.032019652,140,58,280,1138_bus
2,4,2D,3,0.047990361,0.031992142,140,58,280,1138_bus
2,4,2D,4,0.060010530,0.048005227,140,58,280,1138_bus
2,4,2D,5,0.047991663,0.032008273,140,58,280,1138_bus
2,4,2D,6,0.047991564,0.031988863,140,58,280,1138_bus
2,4,2D,7,0.048002200,0.032004682,140,58,280,1138_bus
2,4,2D,8,0.047998889,0.032001099,140,58,280,1138_bus
2,4,2D,9,0.044171414,0.032003244,140,58,280,1138_bus
1,4,2D,0,0.047999716,0.032000639,0,0,0,1138_bus
1,4,2D,1,0.046259041,0.031996453,0,0,0,1138_bus
1,4,2D,2,0.047997055,0.032006426,0,0,0,1138_bus
1,4,2D,3,0.048000532,0.032024304,0,0,0,1138_bus
1,4,2D,4,0.041251402,0.031732170,0,0,0,1138_bus
1,4,2D,5,0.048005022,0.031995567,0,0,0,1138_bus
1,4,2D,6,0.047988573,0.031993530,0,0,0,1138_bus
1,4,2D,7,0.048005833,0.031995329,0,0,0,1138_bus
1,4,2D,8,0.047997450,0.032002321,0,0,0,1138_bus
1,4,2D,9,0.044008619,0.032001496,0,0,0,1138_bus
3,4,2D,0,0.047998993,0.031994455,1167,427,2334,1138_bus
3,4,2D,1,0.048018190,0.032008425,1167,427,2334,1138_bus
3,4,2D,2,0.047986929,0.031971086,1167,427,2334,1138_bus
3,4,2D,3,0.048004174,0.032002174,1167,427,2334,1138_bus
3,4,2D,4,0.047996561,0.031993122,1167,427,2334,1138_bus
3,4,2D,5,0.047995963,0.031992741,1167,427,2334,1138_bus
3,4,2D,6,0.047989593,0.031982664,1167,427,2334,1138_bus
3,4,2D,7,0.048010546,0.031996065,1167,427,2334,1138_bus
3,4,2D,8,0.048010444,0.032005105,1167,427,2334,1138_bus
3,4,2D,9,0.044014451,0.031995796,1167,427,2334,1138_bus
2,8,2D,0,0.063980916,0.031997969,0,0,0,1138_bus
2,8,2D,1,0.095998230,0.063995310,0,0,0,1138_bus
2,8,2D,2,0.096015322,0.064029238,0,0,0,1138_bus
2,8,2D,3,0.095998263,0.063999594,0,0,0,1138_bus
2,8,2D,4,0.095996852,0.064004328,0,0,0,1138_bus
2,8,2D,5,0.098908451,0.063997724,0,0,0,1138_bus
2,8,2D,6,0.095987133,0.064102747,0,0,0,1138_bus
2,8,2D,7,0.095982544,0.063990541,0,0,0,1138_bus
2,8,2D,8,0.096000170,0.063999791,0,0,0,1138_bus
2,8,2D,9,0.095997472,0.064023436,0,0,0,1138_bus
1,8,2D,0,0.127988847,0.095991351,566,249,1132,1138_bus
1,8,2D,1,0.127990494,0.095998043,566,249,1132,1138_bus
1,8,2D,2,0.128000771,0.096000477,566,249,1132,1138_bus
1,8,2D,3,0.127983669,0.095987350,566,249,1132,1138_bus
1,8,2D,4,0.095999996,0.064008551,566,249,1132,1138_bus
1,8,2D,5,0.127989253,0.095987938,566,249,1132,1138_bus
1,8,2D,6,0.127994448,0.095993197,566,249,1132,1138_bus
1,8,2D,7,0.127990867,0.095988815,566,249,1132,1138_bus
1,8,2D,8,0.128001082,0.095996685,566,249,1132,1138_bus
1,8,2D,9,0.096010929,0.064011456,566,249,1132,1138_bus
6,8,2D,0,0.095991021,0.064000580,614,249,1228,1138_bus
6,8,2D,1,0.096000595,0.064009335,614,249,1228,1138_bus
6,8,2D,2,0.127990916,0.096012985,614,249,1228,1138_bus
6,8,2D,3,0.096021668,0.064011017,614,249,1228,1138_bus
6,8,2D,4,0.096004923,0.063997620,614,249,1228,1138_bus
6,8,2D,5,0.127994995,0.095993878,614,249,1228,1138_bus
6,8,2D,6,0.095984508,0.063981990,614,249,1228,1138_bus
6,8,2D,7,0.095927111,0.063927509,614,249,1228,1138_bus
6,8,2D,8,0.096011147,0.064006032,614,249,1228,1138_bus
6,8,2D,9,0.088002101,0.064003340,614,249,1228,1138_bus
7,8,2D,0,0.095990934,0.063991728,551,247,1102,1138_bus
7,8,2D,1,0.095992073,0.063983692,551,247,1102,1138_bus
7,8,2D,2,0.095999066,0.064006073,551,247,1102,1138_bus
7,8,2D,3,0.095997995,0.063998664,551,247,1102,1138_bus
7,8,2D,4,0.128003738,0.096066319,551,247,1102,1138_bus
7,8,2D,5,0.095994955,0.063996148,551,247,1102,1138_bus
7,8,2D,6,0.095997621,0.063997651,551,247,1102,1138_bus
7,8,2D,7,0.095989958,0.063995319,551,247,1102,1138_bus
7,8,2D,8,0.095996202,0.064001576,551,247,1102,1138_bus
7,8,2D,9,0.116100946,0.096004653,551,247,1102,1138_bus
0,8,2D,0,0.127990550,0.095979387,723,249,1446,1138_bus
0,8,2D,1,0.127994614,0.096013177,723,249,1446,1138_bus
0,8,2D,2,0.159971951,0.127972802,723,249,1446,1138_bus
0,8,2D,3,0.127996231,0.095998642,723,249,1446,1138_bus
0,8,2D,4,0.096006679,0.064006924,723,249,1446,1138_bus
0,8,2D,5,0.128004994,0.096005350,723,249,1446,1138_bus
0,8,2D,6,0.127998302,0.096003374,723,249,1446,1138_bus
0,8,2D,7,0.127997130,0.095995165,723,249,1446,1138_bus
0,8,2D,8,0.128002811,0.095998230,723,249,1446,1138_bus
0,8,2D,9,0.103974026,0.064119586,723,249,1446,1138_bus
4,8,2D,0,0.095992498,0.063995701,36,24,72,1138_bus
4,8,2D,1,0.127995653,0.064003980,36,24,72,1138_bus
4,8,2D,2,0.127965585,0.095970852,36,24,72,1138_bus
4,8,2D,3,0.095994247,0.063997337,36,24,72,1138_bus
4,8,2D,4,0.096061665,0.063997079,36,24,72,1138_bus
4,8,2D,5,0.127998361,0.095997868,36,24,72,1138_bus
4,8,2D,6,0.095996517,0.063997560,36,24,72,1138_bus
4,8,2D,7,0.095992128,0.063993887,36,24,72,1138_bus
4,8,2D,8,0.096008679,0.064003289,36,24,72,1138_bus
4,8,2D,9,0.080142953,0.060021142,36,24,72,1138_bus
5,8,2D,0,0.095990432,0.063999478,106,41,212,1138_bus
5,8,2D,1,0.095944254,0.063954870,106,41,212,1138_bus
5,8,2D,2,0.127976205,0.095981803,106,41,212,1138_bus
5,8,2D,3,0.096012153,0.063992754,106,41,212,1138_bus
5,8,2D,4,0.095988320,0.063990518,106,41,212,1138_bus
5,8,2D,5,0.127998528,0.095994232,106,41,212,1138_bus
5,8,2D,6,0.095997555,0.063990882,106,41,212,1138_bus
5,8,2D,7,0.095994176,0.064000980,106,41,212,1138_bus
5,8,2D,8,0.096001112,0.064005293,106,41,212,1138_bus
5,8,2D,9,0.085271086,0.060076405,106,41,212,1138_bus
3,8,2D,0,0.095997588,0.064018186,0,0,0,1138_bus
3,8,2D,1,0.095998893,0.064014926,0,0,0,1138_bus
3,8,2D,2,0.095995406,0.063998062,0,0,0,1138_bus
3,8,2D,3,0.128011445,0.064005302,0,0,0,1138_bus
3,8,2D,4,0.096003262,0.064006360,0,0,0,1138_bus
3,8,2D,5,0.095996576,0.064032849,0,0,0,1138_bus
3,8,2D,6,0.095991860,0.063997087,0,0,0,1138_bus
3,8,2D,7,0.096002037,0.063997843,0,0,0,1138_bus
3,8,2D,8,0.127996367,0.064000127,0,0,0,1138_bus
3,8,2D,9,0.108094405,0.064036174,0,0,0,1138_bus
1,2,2D,0,0.000507013,0.000182449,24374,4859,48748,cond-mat-2005
1,2,2D,1,0.000461465,0.000162946,24374,4859,48748,cond-mat-2005
1,2,2D,2,0.000464168,0.000101003,24374,4859,48748,cond-mat-2005
1,2,2D,3,0.000423590,0.000138927,24374,4859,48748,cond-mat-2005
1,2,2D,4,0.000414870,0.000142135,24374,4859,48748,cond-mat-2005
1,2,2D,5,0.000415728,0.000137774,24374,4859,48748,cond-mat-2005
1,2,2D,6,0.000412673,0.000156133,24374,4859,48748,cond-mat-2005
1,2,2D,7,0.000458817,0.000135045,24374,4859,48748,cond-mat-2005
1,2,2D,8,0.000384942,0.000123365,24374,4859,48748,cond-mat-2005
1,2,2D,9,0.000502183,0.000240760,24374,4859,48748,cond-mat-2005
0,2,2D,0,0.001283705,0.000182161,151319,8131,302638,cond-mat-2005
0,2,2D,1,0.001219879,0.000167387,151319,8131,302638,cond-mat-2005
0,2,2D,2,0.001115025,0.000101005,151319,8131,302638,cond-mat-2005
0,2,2D,3,0.001133730,0.000138638,151319,8131,302638,cond-mat-2005
0,2,2D,4,0.001168450,0.000140274,151319,8131,302638,cond-mat-2005
0,2,2D,5,0.001231719,0.000140171,151319,8131,302638,cond-mat-2005
0,2,2D,6,0.001192282,0.000155834,151319,8131,302638,cond-mat-2005
0,2,2D,7,0.001168363,0.000133314,151319,8131,302638,cond-mat-2005
0,2,2D,8,0.001190876,0.000122933,151319,8131,302638,cond-mat-2005
0,2,2D,9,0.001325954,0.000242238,151319,8131,302638,cond-mat-2005
0,4,2D,0,0.048557368,0.032176348,100606,11098,201212,cond-mat-2005
0,4,2D,1,0.064441813,0.047988198,100606,11098,201212,cond-mat-2005
0,4,2D,2,0.048466423,0.032013143,100606,11098,201212,cond-mat-2005
0,4,2D,3,0.064466267,0.048028272,100606,11098,201212,cond-mat-2005
0,4,2D,4,0.048487921,0.032018320,100606,11098,201212,cond-mat-2005
0,4,2D,5,0.048469055,0.032021123,100606,11098,201212,cond-mat-2005
0,4,2D,6,0.048500906,0.032012994,100606,11098,201212,cond-mat-2005
0,4,2D,7,0.048476337,0.032024288,100606,11098,201212,cond-mat-2005
0,4,2D,8,0.048631022,0.032060335,100606,11098,201212,cond-mat-2005
0,4,2D,9,0.048568310,0.031994417,100606,11098,201212,cond-mat-2005
2,4,2D,0,0.048441476,0.032059889,50713,7879,101426,cond-mat-2005
2,4,2D,1,0.064328591,0.048005331,50713,7879,101426,cond-mat-2005
2,4,2D,2,0.048308008,0.031996502,50713,7879,101426,cond-mat-2005
2,4,2D,3,0.064309456,0.048017678,50713,7879,101426,cond-mat-2005
2,4,2D,4,0.048319198,0.032031952,50713,7879,101426,cond-mat-2005
2,4,2D,5,0.048324122,0.032015625,50713,7879,101426,cond-mat-2005
2,4,2D,6,0.048315218,0.032006502,50713,7879,101426,cond-mat-2005
2,4,2D,7,0.048306552,0.032008239,50713,7879,101426,cond-mat-2005
2,4,2D,8,0.048311615,0.032067412,50713,7879,101426,cond-mat-2005
2,4,2D,9,0.045227565,0.032025554,50713,7879,101426,cond-mat-2005
1,4,2D,0,0.043918483,0.027923434,0,0,0,cond-mat-2005
1,4,2D,1,0.064013557,0.048002266,0,0,0,cond-mat-2005
1,4,2D,2,0.048110986,0.032000982,0,0,0,cond-mat-2005
1,4,2D,3,0.064007284,0.048011037,0,0,0,cond-mat-2005
1,4,2D,4,0.048005322,0.032032045,0,0,0,cond-mat-2005
1,4,2D,5,0.047999710,0.031991444,0,0,0,cond-mat-2005
1,4,2D,6,0.048008916,0.032001420,0,0,0,cond-mat-2005
1,4,2D,7,0.048012623,0.032006982,0,0,0,cond-mat-2005
1,4,2D,8,0.060007472,0.044002376,0,0,0,cond-mat-2005
1,4,2D,9,0.044015551,0.031995271,0,0,0,cond-mat-2005
3,4,2D,0,0.052183637,0.036012720,24374,7280,48748,cond-mat-2005
3,4,2D,1,0.048162043,0.032005068,24374,7280,48748,cond-mat-2005
3,4,2D,2,0.048159000,0.031986552,24374,7280,48748,cond-mat-2005
3,4,2D,3,0.048172158,0.032010903,24374,7280,48748,cond-mat-2005
3,4,2D,4,0.048257152,0.032004715,24374,7280,48748,cond-mat-2005
3,4,2D,5,0.048160970,0.031988473,24374,7280,48748,cond-mat-2005
3,4,2D,6,0.048139812,0.031965576,24374,7280,48748,cond-mat-2005
3,4,2D,7,0.048162112,0.032007100,24374,7280,48748,cond-mat-2005
3,4,2D,8,0.052259312,0.036023228,24374,7280,48748,cond-mat-2005
3,4,2D,9,0.044271068,0.031997868,24374,7280,48748,cond-mat-2005
4,8,2D,0,0.096182687,0.064021724,33402,5378,66804,cond-mat-2005
4,8,2D,1,0.096194846,0.064071895,33402,5378,66804,cond-mat-2005
4,8,2D,2,0.096196351,0.064021891,33402,5378,66804,cond-mat-2005
4,8,2D,3,0.096166765,0.063979717,33402,5378,66804,cond-mat-2005
4,8,2D,4,0.128156658,0.095958794,33402,5378,66804,cond-mat-2005
4,8,2D,5,0.100263416,0.064014702,33402,5378,66804,cond-mat-2005
4,8,2D,6,0.128207338,0.096110999,33402,5378,66804,cond-mat-2005
4,8,2D,7,0.128182323,0.095998010,33402,5378,66804,cond-mat-2005
4,8,2D,8,0.124231663,0.092003388,33402,5378,66804,cond-mat-2005
4,8,2D,9,0.128192362,0.096007378,33402,5378,66804,cond-mat-2005
5,8,2D,0,0.096119043,0.064016283,17311,3761,34622,cond-mat-2005
5,8,2D,1,0.096127608,0.064032745,17311,3761,34622,cond-mat-2005
5,8,2D,2,0.096136176,0.064027892,17311,3761,34622,cond-mat-2005
5,8,2D,3,0.096253614,0.064020797,17311,3761,34622,cond-mat-2005
5,8,2D,4,0.120107304,0.087961744,17311,3761,34622,cond-mat-2005
5,8,2D,5,0.124120679,0.096088742,17311,3761,34622,cond-mat-2005
5,8,2D,6,0.128158823,0.096026031,17311,3761,34622,cond-mat-2005
5,8,2D,7,0.124108552,0.091982930,17311,3761,34622,cond-mat-2005
5,8,2D,8,0.132128992,0.100005627,17311,3761,34622,cond-mat-2005
5,8,2D,9,0.092562247,0.063999946,17311,3761,34622,cond-mat-2005
7,8,2D,0,0.128011964,0.095959302,8047,3557,16094,cond-mat-2005
7,8,2D,1,0.128064447,0.096000436,8047,3557,16094,cond-mat-2005
7,8,2D,2,0.128061580,0.096023873,8047,3557,16094,cond-mat-2005
7,8,2D,3,0.127150228,0.095982828,8047,3557,16094,cond-mat-2005
7,8,2D,4,0.120062509,0.088001065,8047,3557,16094,cond-mat-2005
7,8,2D,5,0.128200769,0.096005803,8047,3557,16094,cond-mat-2005
7,8,2D,6,0.064098117,0.064005700,8047,3557,16094,cond-mat-2005
7,8,2D,7,0.128061698,0.095994169,8047,3557,16094,cond-mat-2005
7,8,2D,8,0.128067852,0.096006090,8047,3557,16094,cond-mat-2005
7,8,2D,9,0.120088753,0.096012972,8047,3557,16094,cond-mat-2005
1,8,2D,0,0.096107333,0.063997862,20090,5359,40180,cond-mat-2005
1,8,2D,1,0.096113162,0.064015493,20090,5359,40180,cond-mat-2005
1,8,2D,2,0.096106130,0.063997480,20090,5359,40180,cond-mat-2005
1,8,2D,3,0.089710702,0.064004257,20090,5359,40180,cond-mat-2005
1,8,2D,4,0.096096519,0.064001401,20090,5359,40180,cond-mat-2005
1,8,2D,5,0.128111864,0.064024347,20090,5359,40180,cond-mat-2005
1,8,2D,6,0.128112231,0.096031935,20090,5359,40180,cond-mat-2005
1,8,2D,7,0.096218888,0.064008154,20090,5359,40180,cond-mat-2005
1,8,2D,8,0.096108395,0.064010405,20090,5359,40180,cond-mat-2005
1,8,2D,9,0.080389172,0.063999569,20090,5359,40180,cond-mat-2005
6,8,2D,0,0.096108105,0.063998479,16327,4943,32654,cond-mat-2005
6,8,2D,1,0.096117479,0.064015777,16327,4943,32654,cond-mat-2005
6,8,2D,2,0.096123918,0.064009802,16327,4943,32654,cond-mat-2005
6,8,2D,3,0.093282366,0.064010786,16327,4943,32654,cond-mat-2005
6,8,2D,4,0.120100915,0.088000566,16327,4943,32654,cond-mat-2005
6,8,2D,5,0.096157288,0.064009682,16327,4943,32654,cond-mat-2005
6,8,2D,6,0.096110156,0.063996567,16327,4943,32654,cond-mat-2005
6,8,2D,7,0.096113710,0.064030053,16327,4943,32654,cond-mat-2005
6,8,2D,8,0.096107197,0.063988309,16327,4943,32654,cond-mat-2005
6,8,2D,9,0.101936694,0.064017178,16327,4943,32654,cond-mat-2005
3,8,2D,0,0.096010313,0.064018118,0,0,0,cond-mat-2005
3,8,2D,1,0.096012179,0.064001622,0,0,0,cond-mat-2005
3,8,2D,2,0.095998448,0.063995790,0,0,0,cond-mat-2005
3,8,2D,3,0.096015722,0.064006898,0,0,0,cond-mat-2005
3,8,2D,4,0.095990656,0.063986799,0,0,0,cond-mat-2005
3,8,2D,5,0.159965678,0.127954528,0,0,0,cond-mat-2005
3,8,2D,6,0.096004149,0.064000832,0,0,0,cond-mat-2005
3,8,2D,7,0.127981846,0.095988244,0,0,0,cond-mat-2005
3,8,2D,8,0.127994617,0.095992117,0,0,0,cond-mat-2005
3,8,2D,9,0.127076867,0.095991694,0,0,0,cond-mat-2005
0,8,2D,0,0.128305762,0.096012406,80516,7616,161032,cond-mat-2005
0,8,2D,1,0.128298551,0.096012254,80516,7616,161032,cond-mat-2005
0,8,2D,2,0.128325827,0.096006579,80516,7616,161032,cond-mat-2005
0,8,2D,3,0.124351114,0.096035579,80516,7616,161032,cond-mat-2005
0,8,2D,4,0.096311051,0.064013766,80516,7616,161032,cond-mat-2005
0,8,2D,5,0.128217962,0.063914032,80516,7616,161032,cond-mat-2005
0,8,2D,6,0.096302049,0.064023127,80516,7616,161032,cond-mat-2005
0,8,2D,7,0.128312958,0.096023092,80516,7616,161032,cond-mat-2005
0,8,2D,8,0.128289827,0.095996664,80516,7616,161032,cond-mat-2005
0,8,2D,9,0.120796086,0.096009765,80516,7616,161032,cond-mat-2005
2,8,2D,0,0.096173475,0.063998677,0,0,0,cond-mat-2005
2,8,2D,1,0.096002091,0.063989800,0,0,0,cond-mat-2005
2,8,2D,2,0.096002356,0.064000096,0,0,0,cond-mat-2005
2,8,2D,3,0.096003826,0.064006408,0,0,0,cond-mat-2005
2,8,2D,4,0.121539152,0.089534592,0,0,0,cond-mat-2005
2,8,2D,5,0.127992765,0.095984547,0,0,0,cond-mat-2005
2,8,2D,6,0.096007441,0.063999546,0,0,0,cond-mat-2005
2,8,2D,7,0.128032777,0.095996077,0,0,0,cond-mat-2005
2,8,2D,8,0.096013720,0.063999282,0,0,0,cond-mat-2005
2,8,2D,9,0.128019752,0.096000542,0,0,0,cond-mat-2005
1,2,2D,0,0.000431384,0.000173376,69999,15000,139998,dixmaanl
1,2,2D,1,0.000438165,0.000247505,69999,15000,139998,dixmaanl
1,2,2D,2,0.000350093,0.000160849,69999,15000,139998,dixmaanl
1,2,2D,3,0.000287647,0.000094977,69999,15000,139998,dixmaanl
1,2,2D,4,0.000305872,0.000120927,69999,15000,139998,dixmaanl
1,2,2D,5,0.000281413,0.000091715,69999,15000,139998,dixmaanl
1,2,2D,6,0.000316581,0.000123678,69999,15000,139998,dixmaanl
1,2,2D,7,0.000297907,0.000109212,69999,15000,139998,dixmaanl
1,2,2D,8,0.000295611,0.000095982,69999,15000,139998,dixmaanl
1,2,2D,9,0.000287113,0.000096313,69999,15000,139998,dixmaanl
0,2,2D,0,0.000427096,0.000170746,110000,15000,220000,dixmaanl
0,2,2D,1,0.000475930,0.000250499,110000,15000,220000,dixmaanl
0,2,2D,2,0.000391046,0.000160418,110000,15000,220000,dixmaanl
0,2,2D,3,0.000361736,0.000094298,110000,15000,220000,dixmaanl
0,2,2D,4,0.000350106,0.000120303,110000,15000,220000,dixmaanl
0,2,2D,5,0.000329512,0.000091546,110000,15000,220000,dixmaanl
0,2,2D,6,0.000361922,0.000123230,110000,15000,220000,dixmaanl
0,2,2D,7,0.000330532,0.000105470,110000,15000,220000,dixmaanl
0,2,2D,8,0.000355171,0.000095557,110000,15000,220000,dixmaanl
0,2,2D,9,0.000402724,0.000159105,110000,15000,220000,dixmaanl
0,4,2D,0,0.048113915,0.032069451,69999,22500,139998,dixmaanl
0,4,2D,1,0.048085560,0.032023363,69999,22500,139998,dixmaanl
0,4,2D,2,0.048090010,0.032042397,69999,22500,139998,dixmaanl
0,4,2D,3,0.048082681,0.032045825,69999,22500,139998,dixmaanl
0,4,2D,4,0.048076449,0.032015847,69999,22500,139998,dixmaanl
0,4,2D,5,0.048083370,0.032033484,69999,22500,139998,dixmaanl
0,4,2D,6,0.048086747,0.032015838,69999,22500,139998,dixmaanl
0,4,2D,7,0.048087381,0.032027870,69999,22500,139998,dixmaanl
0,4,2D,8,0.048087356,0.032018154,69999,22500,139998,dixmaanl
0,4,2D,9,0.048086942,0.032038448,69999,22500,139998,dixmaanl
2,4,2D,0,0.048082789,0.032040310,40001,22500,80002,dixmaanl
2,4,2D,1,0.048070709,0.032023269,40001,22500,80002,dixmaanl
2,4,2D,2,0.048051867,0.032020883,40001,22500,80002,dixmaanl
2,4,2D,3,0.048055969,0.032019323,40001,22500,80002,dixmaanl
2,4,2D,4,0.048052847,0.032023488,40001,22500,80002,dixmaanl
2,4,2D,5,0.048055114,0.032019615,40001,22500,80002,dixmaanl
2,4,2D,6,0.048060372,0.032013628,40001,22500,80002,dixmaanl
2,4,2D,7,0.048040287,0.032001138,40001,22500,80002,dixmaanl
2,4,2D,8,0.048038931,0.032014395,40001,22500,80002,dixmaanl
2,4,2D,9,0.044604207,0.032016578,40001,22500,80002,dixmaanl
1,4,2D,0,0.048015610,0.032005341,0,0,0,dixmaanl
1,4,2D,1,0.048008889,0.032000071,0,0,0,dixmaanl
1,4,2D,2,0.047994526,0.031997916,0,0,0,dixmaanl
1,4,2D,3,0.048006622,0.031996717,0,0,0,dixmaanl
1,4,2D,4,0.048017121,0.031994618,0,0,0,dixmaanl
1,4,2D,5,0.048014009,0.032004571,0,0,0,dixmaanl
1,4,2D,6,0.048001675,0.031991345,0,0,0,dixmaanl
1,4,2D,7,0.048005842,0.032001503,0,0,0,dixmaanl
1,4,2D,8,0.048010006,0.031991655,0,0,0,dixmaanl
1,4,2D,9,0.045371937,0.032002139,0,0,0,dixmaanl
3,4,2D,0,0.048114230,0.032002009,69999,22500,139998,dixmaanl
3,4,2D,1,0.048117800,0.032003802,69999,22500,139998,dixmaanl
3,4,2D,2,0.048066696,0.031975768,69999,22500,139998,dixmaanl
3,4,2D,3,0.048182893,0.032002475,69999,22500,139998,dixmaanl
3,4,2D,4,0.048102823,0.031996878,69999,22500,139998,dixmaanl
3,4,2D,5,0.047927208,0.031857681,69999,22500,139998,dixmaanl
3,4,2D,6,0.048089596,0.032003287,69999,22500,139998,dixmaanl
3,4,2D,7,0.048102930,0.032002644,69999,22500,139998,dixmaanl
3,4,2D,8,0.048087433,0.032003281,69999,22500,139998,dixmaanl
3,4,2D,9,0.044106609,0.032000944,69999,22500,139998,dixmaanl
6,8,2D,0,0.096055256,0.064018558,40000,13125,80000,dixmaanl
6,8,2D,1,0.096050727,0.064009147,40000,13125,80000,dixmaanl
6,8,2D,2,0.096055699,0.064016936,40000,13125,80000,dixmaanl
6,8,2D,3,0.096067459,0.064030537,40000,13125,80000,dixmaanl
6,8,2D,4,0.096067915,0.064002698,40000,13125,80000,dixmaanl
6,8,2D,5,0.096072754,0.064020050,40000,13125,80000,dixmaanl
6,8,2D,6,0.096053445,0.064019173,40000,13125,80000,dixmaanl
6,8,2D,7,0.096071704,0.064024506,40000,13125,80000,dixmaanl
6,8,2D,8,0.096050041,0.064014617,40000,13125,80000,dixmaanl
6,8,2D,9,0.096064682,0.064011720,40000,13125,80000,dixmaanl
4,8,2D,0,0.096007832,0.063983130,20000,13125,40000,dixmaanl
4,8,2D,1,0.096018689,0.063986747,20000,13125,40000,dixmaanl
4,8,2D,2,0.096041973,0.064009940,20000,13125,40000,dixmaanl
4,8,2D,3,0.096065006,0.064028846,20000,13125,40000,dixmaanl
4,8,2D,4,0.095903839,0.063861261,20000,13125,40000,dixmaanl
4,8,2D,5,0.096037680,0.064011966,20000,13125,40000,dixmaanl
4,8,2D,6,0.096044725,0.064016504,20000,13125,40000,dixmaanl
4,8,2D,7,0.096038167,0.064005361,20000,13125,40000,dixmaanl
4,8,2D,8,0.096065129,0.064016632,20000,13125,40000,dixmaanl
4,8,2D,9,0.092398087,0.064027064,20000,13125,40000,dixmaanl
1,8,2D,0,0.096053132,0.063998524,29999,13125,59998,dixmaanl
1,8,2D,1,0.096022118,0.063983318,29999,13125,59998,dixmaanl
1,8,2D,2,0.096043303,0.064007860,29999,13125,59998,dixmaanl
1,8,2D,3,0.096032252,0.063996280,29999,13125,59998,dixmaanl
1,8,2D,4,0.096054688,0.064021201,29999,13125,59998,dixmaanl
1,8,2D,5,0.096042716,0.064027339,29999,13125,59998,dixmaanl
1,8,2D,6,0.096046979,0.064016026,29999,13125,59998,dixmaanl
1,8,2D,7,0.096040505,0.064005736,29999,13125,59998,dixmaanl
1,8,2D,8,0.096021640,0.063985123,29999,13125,59998,dixmaanl
1,8,2D,9,0.088114437,0.064020997,29999,13125,59998,dixmaanl
7,8,2D,0,0.128027328,0.095998267,29999,13125,59998,dixmaanl
7,8,2D,1,0.128039602,0.096036526,29999,13125,59998,dixmaanl
7,8,2D,2,0.128047950,0.096022992,29999,13125,59998,dixmaanl
7,8,2D,3,0.128058615,0.096043621,29999,13125,59998,dixmaanl
7,8,2D,4,0.128056192,0.096011769,29999,13125,59998,dixmaanl
7,8,2D,5,0.096064431,0.064030533,29999,13125,59998,dixmaanl
7,8,2D,6,0.128042536,0.096047882,29999,13125,59998,dixmaanl
7,8,2D,7,0.096045738,0.064022464,29999,13125,59998,dixmaanl
7,8,2D,8,0.096031127,0.064020914,29999,13125,59998,dixmaanl
7,8,2D,9,0.107791024,0.064013311,29999,13125,59998,dixmaanl
3,8,2D,0,0.096005775,0.063995868,0,0,0,dixmaanl
3,8,2D,1,0.096012024,0.064007884,0,0,0,dixmaanl
3,8,2D,2,0.096023320,0.064001492,0,0,0,dixmaanl
3,8,2D,3,0.096007839,0.064000503,0,0,0,dixmaanl
3,8,2D,4,0.096028955,0.064007339,0,0,0,dixmaanl
3,8,2D,5,0.128000323,0.095990129,0,0,0,dixmaanl
3,8,2D,6,0.064057952,0.064017461,0,0,0,dixmaanl
3,8,2D,7,0.128000165,0.096004477,0,0,0,dixmaanl
3,8,2D,8,0.127988128,0.095975832,0,0,0,dixmaanl
3,8,2D,9,0.120057195,0.095999647,0,0,0,dixmaanl
0,8,2D,0,0.128032639,0.095982573,40000,13125,80000,dixmaanl
0,8,2D,1,0.128052416,0.096021571,40000,13125,80000,dixmaanl
0,8,2D,2,0.128049178,0.096002504,40000,13125,80000,dixmaanl
0,8,2D,3,0.128055465,0.096002494,40000,13125,80000,dixmaanl
0,8,2D,4,0.128078641,0.096007991,40000,13125,80000,dixmaanl
0,8,2D,5,0.128054718,0.096010977,40000,13125,80000,dixmaanl
0,8,2D,6,0.128046129,0.096006305,40000,13125,80000,dixmaanl
0,8,2D,7,0.128059174,0.096019324,40000,13125,80000,dixmaanl
0,8,2D,8,0.128066723,0.096023672,40000,13125,80000,dixmaanl
0,8,2D,9,0.128863295,0.096010070,40000,13125,80000,dixmaanl
2,8,2D,0,0.095995695,0.063990080,0,0,0,dixmaanl
2,8,2D,1,0.096008520,0.064006038,0,0,0,dixmaanl
2,8,2D,2,0.096011604,0.064005116,0,0,0,dixmaanl
2,8,2D,3,0.096006543,0.063997458,0,0,0,dixmaanl
2,8,2D,4,0.128008980,0.063993690,0,0,0,dixmaanl
2,8,2D,5,0.096006455,0.064000559,0,0,0,dixmaanl
2,8,2D,6,0.096005895,0.064001141,0,0,0,dixmaanl
2,8,2D,7,0.096010785,0.064013091,0,0,0,dixmaanl
2,8,2D,8,0.095985720,0.063982672,0,0,0,dixmaanl
2,8,2D,9,0.088086144,0.064018403,0,0,0,dixmaanl
5,8,2D,0,0.096025799,0.064043402,20001,13125,40002,dixmaanl
5,8,2D,1,0.096038770,0.064022572,20001,13125,40002,dixmaanl
5,8,2D,2,0.096037452,0.064023898,20001,13125,40002,dixmaanl
5,8,2D,3,0.096042612,0.064027057,20001,13125,40002,dixmaanl
5,8,2D,4,0.096044140,0.064025575,20001,13125,40002,dixmaanl
5,8,2D,5,0.096035010,0.064002027,20001,13125,40002,dixmaanl
5,8,2D,6,0.128034098,0.096022912,20001,13125,40002,dixmaanl
5,8,2D,7,0.096030229,0.064024111,20001,13125,40002,dixmaanl
5,8,2D,8,0.096039761,0.064029479,20001,13125,40002,dixmaanl
5,8,2D,9,0.084247743,0.064008133,20001,13125,40002,dixmaanl
1,2,2D,0,0.000338693,0.000193139,19206,2417,38412,flowmeter0
1,2,2D,1,0.000353080,0.000150907,19206,2417,38412,flowmeter0
1,2,2D,2,0.000312970,0.000125219,19206,2417,38412,flowmeter0
1,2,2D,3,0.000240447,0.000121021,19206,2417,38412,flowmeter0
1,2,2D,4,0.000312371,0.000123081,19206,2417,38412,flowmeter0
1,2,2D,5,0.000299476,0.000165100,19206,2417,38412,flowmeter0
1,2,2D,6,0.000345858,0.000124059,19206,2417,38412,flowmeter0
1,2,2D,7,0.000395464,0.000140701,19206,2417,38412,flowmeter0
1,2,2D,8,0.000603793,0.000289435,19206,2417,38412,flowmeter0
1,2,2D,9,0.000539600,0.000242014,19206,2417,38412,flowmeter0
0,2,2D,0,0.000395900,0.000191136,19324,2417,38648,flowmeter0
0,2,2D,1,0.000293361,0.000152866,19324,2417,38648,flowmeter0
0,2,2D,2,0.000253332,0.000125782,19324,2417,38648,flowmeter0
0,2,2D,3,0.000288641,0.000122238,19324,2417,38648,flowmeter0
0,2,2D,4,0.000276652,0.000121525,19324,2417,38648,flowmeter0
0,2,2D,5,0.000356163,0.000165285,19324,2417,38648,flowmeter0
0,2,2D,6,0.000262675,0.000123199,19324,2417,38648,flowmeter0
0,2,2D,7,0.000267218,0.000140915,19324,2417,38648,flowmeter0
0,2,2D,8,0.000586521,0.000257439,19324,2417,38648,flowmeter0
0,2,2D,9,0.001179056,0.000241435,19324,2417,38648,flowmeter0
0,4,2D,0,0.048073025,0.032012675,19203,3626,38406,flowmeter0
0,4,2D,1,0.064087648,0.048018020,19203,3626,38406,flowmeter0
0,4,2D,2,0.048083095,0.032026345,19203,3626,38406,flowmeter0
0,4,2D,3,0.048069526,0.031999741,19203,3626,38406,flowmeter0
0,4,2D,4,0.048058971,0.031988115,19203,3626,38406,flowmeter0
0,4,2D,5,0.048069031,0.032053538,19203,3626,38406,flowmeter0
0,4,2D,6,0.048066579,0.032314098,19203,3626,38406,flowmeter0
0,4,2D,7,0.048085914,0.032010970,19203,3626,38406,flowmeter0
0,4,2D,8,0.048086188,0.032089157,19203,3626,38406,flowmeter0
0,4,2D,9,0.048067558,0.032014222,19203,3626,38406,flowmeter0
1,4,2D,0,0.047998431,0.032015617,0,0,0,flowmeter0
1,4,2D,1,0.064013131,0.048012179,0,0,0,flowmeter0
1,4,2D,2,0.047983995,0.031987864,0,0,0,flowmeter0
1,4,2D,3,0.048000480,0.032000724,0,0,0,flowmeter0
1,4,2D,4,0.048003762,0.032010909,0,0,0,flowmeter0
1,4,2D,5,0.047997290,0.032008697,0,0,0,flowmeter0
1,4,2D,6,0.043993883,0.027998709,0,0,0,flowmeter0
1,4,2D,7,0.048004426,0.032001074,0,0,0,flowmeter0
1,4,2D,8,0.048005849,0.032009298,0,0,0,flowmeter0
1,4,2D,9,0.044302495,0.031988045,0,0,0,flowmeter0
3,4,2D,0,0.048084151,0.031999624,19206,3625,38412,flowmeter0
3,4,2D,1,0.048085222,0.032049624,19206,3625,38412,flowmeter0
3,4,2D,2,0.048107391,0.031992375,19206,3625,38412,flowmeter0
3,4,2D,3,0.048076012,0.031990998,19206,3625,38412,flowmeter0
3,4,2D,4,0.048095758,0.032006413,19206,3625,38412,flowmeter0
3,4,2D,5,0.048083680,0.032006270,19206,3625,38412,flowmeter0
3,4,2D,6,0.048371708,0.032296945,19206,3625,38412,flowmeter0
3,4,2D,7,0.048085034,0.032012028,19206,3625,38412,flowmeter0
3,4,2D,8,0.048093043,0.032003404,19206,3625,38412,flowmeter0
3,4,2D,9,0.040134888,0.031998642,19206,3625,38412,flowmeter0
2,4,2D,0,0.047994765,0.032023547,121,47,242,flowmeter0
2,4,2D,1,0.064037565,0.048007493,121,47,242,flowmeter0
2,4,2D,2,0.048003434,0.032004063,121,47,242,flowmeter0
2,4,2D,3,0.047995762,0.031997081,121,47,242,flowmeter0
2,4,2D,4,0.047969313,0.031981172,121,47,242,flowmeter0
2,4,2D,5,0.047996505,0.032010843,121,47,242,flowmeter0
2,4,2D,6,0.051993893,0.035996550,121,47,242,flowmeter0
2,4,2D,7,0.048006166,0.032014661,121,47,242,flowmeter0
2,4,2D,8,0.047993077,0.031996845,121,47,242,flowmeter0
2,4,2D,9,0.044341962,0.032002493,121,47,242,flowmeter0
2,8,2D,0,0.095990283,0.063998518,0,0,0,flowmeter0
2,8,2D,1,0.095992648,0.063998543,0,0,0,flowmeter0
2,8,2D,2,0.095995855,0.064000809,0,0,0,flowmeter0
2,8,2D,3,0.099981619,0.067969483,0,0,0,flowmeter0
2,8,2D,4,0.096001003,0.064003969,0,0,0,flowmeter0
2,8,2D,5,0.095978950,0.063965765,0,0,0,flowmeter0
2,8,2D,6,0.127996762,0.095996611,0,0,0,flowmeter0
2,8,2D,7,0.095988126,0.063991306,0,0,0,flowmeter0
2,8,2D,8,0.099994068,0.063998788,0,0,0,flowmeter0
2,8,2D,9,0.095993087,0.064007981,0,0,0,flowmeter0
6,8,2D,0,0.124001132,0.091972725,9661,2116,19322,flowmeter0
6,8,2D,1,0.096022489,0.064003870,9661,2116,19322,flowmeter0
6,8,2D,2,0.128036221,0.096004018,9661,2116,19322,flowmeter0
6,8,2D,3,0.114023830,0.081734834,9661,2116,19322,flowmeter0
6,8,2D,4,0.096018286,0.064023603,9661,2116,19322,flowmeter0
6,8,2D,5,0.096030382,0.064006012,9661,2116,19322,flowmeter0
6,8,2D,6,0.096014002,0.063988381,9661,2116,19322,flowmeter0
6,8,2D,7,0.096018234,0.063989811,9661,2116,19322,flowmeter0
6,8,2D,8,0.096022780,0.064002499,9661,2116,19322,flowmeter0
6,8,2D,9,0.092034324,0.064009781,9661,2116,19322,flowmeter0
0,8,2D,0,0.096027798,0.063997434,9666,2115,19332,flowmeter0
0,8,2D,1,0.096027068,0.063994542,9666,2115,19332,flowmeter0
0,8,2D,2,0.128026076,0.096005131,9666,2115,19332,flowmeter0
0,8,2D,3,0.096022410,0.063995767,9666,2115,19332,flowmeter0
0,8,2D,4,0.096027849,0.064010809,9666,2115,19332,flowmeter0
0,8,2D,5,0.096036405,0.064008793,9666,2115,19332,flowmeter0
0,8,2D,6,0.128045083,0.096016802,9666,2115,19332,flowmeter0
0,8,2D,7,0.128049933,0.096005831,9666,2115,19332,flowmeter0
0,8,2D,8,0.092011317,0.064242879,9666,2115,19332,flowmeter0
0,8,2D,9,0.088200366,0.063988449,9666,2115,19332,flowmeter0
5,8,2D,0,0.096002009,0.063989343,126,52,252,flowmeter0
5,8,2D,1,0.095984792,0.063991044,126,52,252,flowmeter0
5,8,2D,2,0.128006779,0.096001610,126,52,252,flowmeter0
5,8,2D,3,0.100002828,0.068004449,126,52,252,flowmeter0
5,8,2D,4,0.095992091,0.064002285,126,52,252,flowmeter0
5,8,2D,5,0.095990737,0.063984283,126,52,252,flowmeter0
5,8,2D,6,0.127987250,0.096011725,126,52,252,flowmeter0
5,8,2D,7,0.096017200,0.064030860,126,52,252,flowmeter0
5,8,2D,8,0.095987844,0.064009895,126,52,252,flowmeter0
5,8,2D,9,0.080380069,0.060176887,126,52,252,flowmeter0
3,8,2D,0,0.095988907,0.067994940,0,0,0,flowmeter0
3,8,2D,1,0.095997708,0.063997003,0,0,0,flowmeter0
3,8,2D,2,0.128010286,0.096032154,0,0,0,flowmeter0
3,8,2D,3,0.087994595,0.056009871,0,0,0,flowmeter0
3,8,2D,4,0.096010665,0.064020390,0,0,0,flowmeter0
3,8,2D,5,0.095988931,0.064010787,0,0,0,flowmeter0
3,8,2D,6,0.096013422,0.064023477,0,0,0,flowmeter0
3,8,2D,7,0.096001533,0.064009399,0,0,0,flowmeter0
3,8,2D,8,0.096006672,0.064010842,0,0,0,flowmeter0
3,8,2D,9,0.076002423,0.059999041,0,0,0,flowmeter0
1,8,2D,0,0.100020524,0.067980360,9537,2115,19074,flowmeter0
1,8,2D,1,0.096035938,0.064001181,9537,2115,19074,flowmeter0
1,8,2D,2,0.160025055,0.128004224,9537,2115,19074,flowmeter0
1,8,2D,3,0.128019469,0.095997914,9537,2115,19074,flowmeter0
1,8,2D,4,0.096019360,0.063993941,9537,2115,19074,flowmeter0
1,8,2D,5,0.096026201,0.064006092,9537,2115,19074,flowmeter0
1,8,2D,6,0.096022523,0.064000607,9537,2115,19074,flowmeter0
1,8,2D,7,0.096018201,0.063995134,9537,2115,19074,flowmeter0
1,8,2D,8,0.095975971,0.063962398,9537,2115,19074,flowmeter0
1,8,2D,9,0.084184584,0.060074324,9537,2115,19074,flowmeter0
4,8,2D,0,0.096000268,0.063995890,0,0,0,flowmeter0
4,8,2D,1,0.096008322,0.063997627,0,0,0,flowmeter0
4,8,2D,2,0.128019245,0.095998355,0,0,0,flowmeter0
4,8,2D,3,0.111993972,0.080035266,0,0,0,flowmeter0
4,8,2D,4,0.095996563,0.064005215,0,0,0,flowmeter0
4,8,2D,5,0.127960537,0.095973427,0,0,0,flowmeter0
4,8,2D,6,0.127984096,0.095991200,0,0,0,flowmeter0
4,8,2D,7,0.095987736,0.063993420,0,0,0,flowmeter0
4,8,2D,8,0.095995760,0.063997104,0,0,0,flowmeter0
4,8,2D,9,0.076080100,0.060013345,0,0,0,flowmeter0
7,8,2D,0,0.128024136,0.091992363,9540,2113,19080,flowmeter0
7,8,2D,1,0.128021492,0.096000026,9540,2113,19080,flowmeter0
7,8,2D,2,0.160029851,0.128012525,9540,2113,19080,flowmeter0
7,8,2D,3,0.124026636,0.092017318,9540,2113,19080,flowmeter0
7,8,2D,4,0.128022015,0.096006340,9540,2113,19080,flowmeter0
7,8,2D,5,0.128005483,0.095995628,9540,2113,19080,flowmeter0
7,8,2D,6,0.128011541,0.095994676,9540,2113,19080,flowmeter0
7,8,2D,7,0.128028966,0.096003021,9540,2113,19080,flowmeter0
7,8,2D,8,0.128022165,0.096069418,9540,2113,19080,flowmeter0
7,8,2D,9,0.116135852,0.092009548,9540,2113,19080,flowmeter0
0,2,2D_cyclic,0,0.000176227,0.000080340,1297,0,2594,1138_bus
0,2,2D_cyclic,1,0.000135386,0.000064240,1297,0,2594,1138_bus
0,2,2D_cyclic,2,0.000153480,0.000069835,1297,0,2594,1138_bus
0,2,2D_cyclic,3,0.000105393,0.000070888,1297,0,2594,1138_bus
0,2,2D_cyclic,4,0.000155644,0.000088481,1297,0,2594,1138_bus
0,2,2D_cyclic,5,0.000171563,0.000090850,1297,0,2594,1138_bus
0,2,2D_cyclic,6,0.000135126,0.000069705,1297,0,2594,1138_bus
0,2,2D_cyclic,7,0.000191110,0.000085779,1297,0,2594,1138_bus
0,2,2D_cyclic,8,0.000240984,0.000154664,1297,0,2594,1138_bus
0,2,2D_cyclic,9,0.000136447,0.000083919,1297,0,2594,1138_bus
1,2,2D_cyclic,0,0.000159672,0.000090467,1299,0,2598,1138_bus
1,2,2D_cyclic,1,0.000126238,0.000064847,1299,0,2598,1138_bus
1,2,2D_cyclic,2,0.000125446,0.000070136,1299,0,2598,1138_bus
1,2,2D_cyclic,3,0.000128829,0.000069389,1299,0,2598,1138_bus
1,2,2D_cyclic,4,0.000185191,0.000088046,1299,0,2598,1138_bus
1,2,2D_cyclic,5,0.000160901,0.000090031,1299,0,2598,1138_bus
1,2,2D_cyclic,6,0.000146300,0.000069724,1299,0,2598,1138_bus
1,2,2D_cyclic,7,0.000207201,0.000085420,1299,0,2598,1138_bus
1,2,2D_cyclic,8,0.000281972,0.000154481,1299,0,2598,1138_bus
1,2,2D_cyclic,9,0.000144813,0.000083053,1299,0,2598,1138_bus
3,4,2D_cyclic,0,0.047999762,0.031788026,851,285,1702,1138_bus
3,4,2D_cyclic,1,0.048003667,0.032028929,851,285,1702,1138_bus
3,4,2D_cyclic,2,0.047995024,0.032006676,851,285,1702,1138_bus
3,4,2D_cyclic,3,0.047998526,0.031993824,851,285,1702,1138_bus
3,4,2D_cyclic,4,0.047989513,0.031989507,851,285,1702,1138_bus
3,4,2D_cyclic,5,0.048013206,0.031998952,851,285,1702,1138_bus
3,4,2D_cyclic,6,0.048013282,0.032008576,851,285,1702,1138_bus
3,4,2D_cyclic,7,0.048001191,0.032007551,851,285,1702,1138_bus
3,4,2D_cyclic,8,0.048003316,0.032003113,851,285,1702,1138_bus
3,4,2D_cyclic,9,0.044116251,0.032006695,851,285,1702,1138_bus
0,4,2D_cyclic,0,0.048000581,0.031991741,885,284,1770,1138_bus
0,4,2D_cyclic,1,0.047971569,0.031996761,885,284,1770,1138_bus
0,4,2D_cyclic,2,0.047994618,0.032004798,885,284,1770,1138_bus
0,4,2D_cyclic,3,0.047998585,0.031997419,885,284,1770,1138_bus
0,4,2D_cyclic,4,0.048008589,0.031982462,885,284,1770,1138_bus
0,4,2D_cyclic,5,0.047980155,0.031992734,885,284,1770,1138_bus
0,4,2D_cyclic,6,0.047995720,0.032016282,885,284,1770,1138_bus
0,4,2D_cyclic,7,0.047996107,0.031994974,885,284,1770,1138_bus
0,4,2D_cyclic,8,0.047996371,0.032005998,885,284,1770,1138_bus
0,4,2D_cyclic,9,0.048005824,0.032000667,885,284,1770,1138_bus
2,4,2D_cyclic,0,0.064001342,0.032031828,412,138,824,1138_bus
2,4,2D_cyclic,1,0.047996416,0.032008001,412,138,824,1138_bus
2,4,2D_cyclic,2,0.047989929,0.031986451,412,138,824,1138_bus
2,4,2D_cyclic,3,0.047992175,0.032010953,412,138,824,1138_bus
2,4,2D_cyclic,4,0.047999493,0.031996169,412,138,824,1138_bus
2,4,2D_cyclic,5,0.048007973,0.032003337,412,138,824,1138_bus
2,4,2D_cyclic,6,0.047997866,0.032000363,412,138,824,1138_bus
2,4,2D_cyclic,7,0.047967449,0.031970531,412,138,824,1138_bus
2,4,2D_cyclic,8,0.047992675,0.031991150,412,138,824,1138_bus
2,4,2D_cyclic,9,0.046418434,0.032004585,412,138,824,1138_bus
1,4,2D_cyclic,0,0.047965690,0.031968436,448,149,896,1138_bus
1,4,2D_cyclic,1,0.047946349,0.031955118,448,149,896,1138_bus
1,4,2D_cyclic,2,0.047922139,0.031927837,448,149,896,1138_bus
1,4,2D_cyclic,3,0.047998402,0.031996985,448,149,896,1138_bus
1,4,2D_cyclic,4,0.047995079,0.032002455,448,149,896,1138_bus
1,4,2D_cyclic,5,0.047989878,0.032004498,448,149,896,1138_bus
1,4,2D_cyclic,6,0.048004184,0.032005098,448,149,896,1138_bus
1,4,2D_cyclic,7,0.048065149,0.032001852,448,149,896,1138_bus
1,4,2D_cyclic,8,0.048005096,0.032001621,448,149,896,1138_bus
1,4,2D_cyclic,9,0.043998511,0.032055612,448,149,896,1138_bus
2,8,2D_cyclic,0,0.100006052,0.067999392,435,142,870,1138_bus
2,8,2D_cyclic,1,0.063997001,0.031992484,435,142,870,1138_bus
2,8,2D_cyclic,2,0.096013603,0.063990004,435,142,870,1138_bus
2,8,2D_cyclic,3,0.091974563,0.063983091,435,142,870,1138_bus
2,8,2D_cyclic,4,0.096000119,0.063991042,435,142,870,1138_bus
2,8,2D_cyclic,5,0.048480244,0.034334129,435,142,870,1138_bus
2,8,2D_cyclic,6,0.095999333,0.064004346,435,142,870,1138_bus
2,8,2D_cyclic,7,0.095996524,0.064006500,435,142,870,1138_bus
2,8,2D_cyclic,8,0.119985479,0.064049407,435,142,870,1138_bus
2,8,2D_cyclic,9,0.095989357,0.064028311,435,142,870,1138_bus
3,8,2D_cyclic,0,0.096003878,0.063989141,220,70,440,1138_bus
3,8,2D_cyclic,1,0.095997327,0.063999937,220,70,440,1138_bus
3,8,2D_cyclic,2,0.099995971,0.067996158,220,70,440,1138_bus
3,8,2D_cyclic,3,0.091998397,0.059989316,220,70,440,1138_bus
3,8,2D_cyclic,4,0.095994928,0.064002768,220,70,440,1138_bus
3,8,2D_cyclic,5,0.112004882,0.070507992,220,70,440,1138_bus
3,8,2D_cyclic,6,0.095999856,0.063996430,220,70,440,1138_bus
3,8,2D_cyclic,7,0.095972561,0.063972914,220,70,440,1138_bus
3,8,2D_cyclic,8,0.099995580,0.063993832,220,70,440,1138_bus
3,8,2D_cyclic,9,0.091995998,0.063982010,220,70,440,1138_bus
7,8,2D_cyclic,0,0.095982600,0.063983872,431,142,862,1138_bus
7,8,2D_cyclic,1,0.095989903,0.063993558,431,142,862,1138_bus
7,8,2D_cyclic,2,0.095993932,0.063995630,431,142,862,1138_bus
7,8,2D_cyclic,3,0.095979086,0.063979154,431,142,862,1138_bus
7,8,2D_cyclic,4,0.095984037,0.063980854,431,142,862,1138_bus
7,8,2D_cyclic,5,0.091980067,0.063982866,431,142,862,1138_bus
7,8,2D_cyclic,6,0.095997256,0.063996700,431,142,862,1138_bus
7,8,2D_cyclic,7,0.096002860,0.064001436,431,142,862,1138_bus
7,8,2D_cyclic,8,0.095997547,0.068021903,431,142,862,1138_bus
7,8,2D_cyclic,9,0.088260269,0.064005789,431,142,862,1138_bus
6,8,2D_cyclic,0,0.096003723,0.064005492,213,78,426,1138_bus
6,8,2D_cyclic,1,0.095981052,0.063982204,213,78,426,1138_bus
6,8,2D_cyclic,2,0.096011475,0.063996853,213,78,426,1138_bus
6,8,2D_cyclic,3,0.095866913,0.063875011,213,78,426,1138_bus
6,8,2D_cyclic,4,0.096007087,0.063998512,213,78,426,1138_bus
6,8,2D_cyclic,5,0.099995692,0.071974810,213,78,426,1138_bus
6,8,2D_cyclic,6,0.095747495,0.063744576,213,78,426,1138_bus
6,8,2D_cyclic,7,0.096022629,0.063995970,213,78,426,1138_bus
6,8,2D_cyclic,8,0.094632710,0.063993814,213,78,426,1138_bus
6,8,2D_cyclic,9,0.084009271,0.064001903,213,78,426,1138_bus
1,8,2D_cyclic,0,0.096000758,0.064005409,228,71,456,1138_bus
1,8,2D_cyclic,1,0.095989584,0.063989671,228,71,456,1138_bus
1,8,2D_cyclic,2,0.096001773,0.064014889,228,71,456,1138_bus
1,8,2D_cyclic,3,0.095993454,0.063992434,228,71,456,1138_bus
1,8,2D_cyclic,4,0.095991580,0.063993941,228,71,456,1138_bus
1,8,2D_cyclic,5,0.135001325,0.103160326,228,71,456,1138_bus
1,8,2D_cyclic,6,0.095996909,0.063994747,228,71,456,1138_bus
1,8,2D_cyclic,7,0.095989580,0.063995164,228,71,456,1138_bus
1,8,2D_cyclic,8,0.095971694,0.063968248,228,71,456,1138_bus
1,8,2D_cyclic,9,0.076297370,0.060103219,228,71,456,1138_bus
4,8,2D_cyclic,0,0.096014625,0.063999790,199,71,398,1138_bus
4,8,2D_cyclic,1,0.095991165,0.063998758,199,71,398,1138_bus
4,8,2D_cyclic,2,0.095980603,0.063981110,199,71,398,1138_bus
4,8,2D_cyclic,3,0.096013491,0.063988054,199,71,398,1138_bus
4,8,2D_cyclic,4,0.096001723,0.063993541,199,71,398,1138_bus
4,8,2D_cyclic,5,0.116011626,0.092029004,199,71,398,1138_bus
4,8,2D_cyclic,6,0.095994662,0.064005296,199,71,398,1138_bus
4,8,2D_cyclic,7,0.095994335,0.063998387,199,71,398,1138_bus
4,8,2D_cyclic,8,0.095969234,0.063959624,199,71,398,1138_bus
4,8,2D_cyclic,9,0.090130967,0.064001470,199,71,398,1138_bus
0,8,2D_cyclic,0,0.091848648,0.059846668,450,142,900,1138_bus
0,8,2D_cyclic,1,0.095994009,0.063998778,450,142,900,1138_bus
0,8,2D_cyclic,2,0.095996607,0.063998533,450,142,900,1138_bus
0,8,2D_cyclic,3,0.099995839,0.067994708,450,142,900,1138_bus
0,8,2D_cyclic,4,0.095979386,0.063986082,450,142,900,1138_bus
0,8,2D_cyclic,5,0.118470935,0.082471429,450,142,900,1138_bus
0,8,2D_cyclic,6,0.095992377,0.063992951,450,142,900,1138_bus
0,8,2D_cyclic,7,0.096001771,0.064003841,450,142,900,1138_bus
0,8,2D_cyclic,8,0.100022967,0.064006109,450,142,900,1138_bus
0,8,2D_cyclic,9,0.080090832,0.060062015,450,142,900,1138_bus
5,8,2D_cyclic,0,0.095981313,0.063977400,420,143,840,1138_bus
5,8,2D_cyclic,1,0.095993932,0.064000629,420,143,840,1138_bus
5,8,2D_cyclic,2,0.091977562,0.059978426,420,143,840,1138_bus
5,8,2D_cyclic,3,0.099978661,0.067975788,420,143,840,1138_bus
5,8,2D_cyclic,4,0.063996906,0.032007295,420,143,840,1138_bus
5,8,2D_cyclic,5,0.114233534,0.086229849,420,143,840,1138_bus
5,8,2D_cyclic,6,0.095998722,0.064013819,420,143,840,1138_bus
5,8,2D_cyclic,7,0.095998838,0.064001231,420,143,840,1138_bus
5,8,2D_cyclic,8,0.098572250,0.064007103,420,143,840,1138_bus
5,8,2D_cyclic,9,0.088038930,0.060013931,420,143,840,1138_bus
1,2,2D_cyclic,0,0.000552848,0.000137296,87464,0,174928,cond-mat-2005
1,2,2D_cyclic,1,0.000471603,0.000094488,87464,0,174928,cond-mat-2005
1,2,2D_cyclic,2,0.000519950,0.000118910,87464,0,174928,cond-mat-2005
1,2,2D_cyclic,3,0.000498537,0.000123840,87464,0,174928,cond-mat-2005
1,2,2D_cyclic,4,0.000741210,0.000128278,87464,0,174928,cond-mat-2005
1,2,2D_cyclic,5,0.000479304,0.000086111,87464,0,174928,cond-mat-2005
1,2,2D_cyclic,6,0.000470601,0.000091690,87464,0,174928,cond-mat-2005
1,2,2D_cyclic,7,0.000566106,0.000175928,87464,0,174928,cond-mat-2005
1,2,2D_cyclic,8,0.000502961,0.000112067,87464,0,174928,cond-mat-2005
1,2,2D_cyclic,9,0.000540488,0.000154616,87464,0,174928,cond-mat-2005
0,2,2D_cyclic,0,0.000575731,0.000138302,88229,0,176458,cond-mat-2005
0,2,2D_cyclic,1,0.000470349,0.000094160,88229,0,176458,cond-mat-2005
0,2,2D_cyclic,2,0.000666706,0.000123086,88229,0,176458,cond-mat-2005
0,2,2D_cyclic,3,0.000507063,0.000130959,88229,0,176458,cond-mat-2005
0,2,2D_cyclic,4,0.000662902,0.000126609,88229,0,176458,cond-mat-2005
0,2,2D_cyclic,5,0.000481663,0.000087503,88229,0,176458,cond-mat-2005
0,2,2D_cyclic,6,0.000450683,0.000089598,88229,0,176458,cond-mat-2005
0,2,2D_cyclic,7,0.000617463,0.000176722,88229,0,176458,cond-mat-2005
0,2,2D_cyclic,8,0.000683999,0.000112174,88229,0,176458,cond-mat-2005
0,2,2D_cyclic,9,0.000604776,0.000152682,88229,0,176458,cond-mat-2005
0,4,2D_cyclic,0,0.048485585,0.032036922,41269,4728,82538,cond-mat-2005
0,4,2D_cyclic,1,0.048361466,0.032007709,41269,4728,82538,cond-mat-2005
0,4,2D_cyclic,2,0.048749389,0.032003266,41269,4728,82538,cond-mat-2005
0,4,2D_cyclic,3,0.048372009,0.032010280,41269,4728,82538,cond-mat-2005
0,4,2D_cyclic,4,0.048358511,0.031999480,41269,4728,82538,cond-mat-2005
0,4,2D_cyclic,5,0.048331568,0.031984396,41269,4728,82538,cond-mat-2005
0,4,2D_cyclic,6,0.048352052,0.032017671,41269,4728,82538,cond-mat-2005
0,4,2D_cyclic,7,0.052366654,0.032008320,41269,4728,82538,cond-mat-2005
0,4,2D_cyclic,8,0.048393644,0.032007217,41269,4728,82538,cond-mat-2005
0,4,2D_cyclic,9,0.048414388,0.031983273,41269,4728,82538,cond-mat-2005
3,4,2D_cyclic,0,0.048341987,0.032014274,40470,4724,80940,cond-mat-2005
3,4,2D_cyclic,1,0.048377023,0.032014911,40470,4724,80940,cond-mat-2005
3,4,2D_cyclic,2,0.048389706,0.032012999,40470,4724,80940,cond-mat-2005
3,4,2D_cyclic,3,0.048366214,0.031988911,40470,4724,80940,cond-mat-2005
3,4,2D_cyclic,4,0.048360401,0.032017179,40470,4724,80940,cond-mat-2005
3,4,2D_cyclic,5,0.048337284,0.032054889,40470,4724,80940,cond-mat-2005
3,4,2D_cyclic,6,0.048354967,0.031991366,40470,4724,80940,cond-mat-2005
3,4,2D_cyclic,7,0.048360389,0.031988991,40470,4724,80940,cond-mat-2005
3,4,2D_cyclic,8,0.048605271,0.032011148,40470,4724,80940,cond-mat-2005
3,4,2D_cyclic,9,0.045183213,0.032032497,40470,4724,80940,cond-mat-2005
2,4,2D_cyclic,0,0.048377183,0.032008176,46960,6135,93920,cond-mat-2005
2,4,2D_cyclic,1,0.048414543,0.031995921,46960,6135,93920,cond-mat-2005
2,4,2D_cyclic,2,0.052407039,0.032016501,46960,6135,93920,cond-mat-2005
2,4,2D_cyclic,3,0.064415760,0.031998318,46960,6135,93920,cond-mat-2005
2,4,2D_cyclic,4,0.048414053,0.031980889,46960,6135,93920,cond-mat-2005
2,4,2D_cyclic,5,0.048560174,0.032008724,46960,6135,93920,cond-mat-2005
2,4,2D_cyclic,6,0.048444709,0.032010516,46960,6135,93920,cond-mat-2005
2,4,2D_cyclic,7,0.048360517,0.031997538,46960,6135,93920,cond-mat-2005
2,4,2D_cyclic,8,0.048417598,0.031987540,46960,6135,93920,cond-mat-2005
2,4,2D_cyclic,9,0.041853998,0.032017933,46960,6135,93920,cond-mat-2005
1,4,2D_cyclic,0,0.048385803,0.032003050,46994,6167,93988,cond-mat-2005
1,4,2D_cyclic,1,0.048411862,0.031997490,46994,6167,93988,cond-mat-2005
1,4,2D_cyclic,2,0.052393726,0.032018638,46994,6167,93988,cond-mat-2005
1,4,2D_cyclic,3,0.048548747,0.032053423,46994,6167,93988,cond-mat-2005
1,4,2D_cyclic,4,0.048413910,0.032012882,46994,6167,93988,cond-mat-2005
1,4,2D_cyclic,5,0.048385912,0.032015715,46994,6167,93988,cond-mat-2005
1,4,2D_cyclic,6,0.048381348,0.032025177,46994,6167,93988,cond-mat-2005
1,4,2D_cyclic,7,0.044504125,0.032012031,46994,6167,93988,cond-mat-2005
1,4,2D_cyclic,8,0.048426508,0.031994626,46994,6167,93988,cond-mat-2005
1,4,2D_cyclic,9,0.044571175,0.032019287,46994,6167,93988,cond-mat-2005
4,8,2D_cyclic,0,0.096238702,0.064011002,23609,3032,47218,cond-mat-2005
4,8,2D_cyclic,1,0.096185825,0.064029823,23609,3032,47218,cond-mat-2005
4,8,2D_cyclic,2,0.128581033,0.095981544,23609,3032,47218,cond-mat-2005
4,8,2D_cyclic,3,0.092211149,0.063974044,23609,3032,47218,cond-mat-2005
4,8,2D_cyclic,4,0.096215006,0.064017552,23609,3032,47218,cond-mat-2005
4,8,2D_cyclic,5,0.092245534,0.064091484,23609,3032,47218,cond-mat-2005
4,8,2D_cyclic,6,0.096217624,0.064019264,23609,3032,47218,cond-mat-2005
4,8,2D_cyclic,7,0.100233583,0.068012417,23609,3032,47218,cond-mat-2005
4,8,2D_cyclic,8,0.096233170,0.064018293,23609,3032,47218,cond-mat-2005
4,8,2D_cyclic,9,0.100223690,0.064008007,23609,3032,47218,cond-mat-2005
7,8,2D_cyclic,0,0.096213694,0.064036633,20123,2367,40246,cond-mat-2005
7,8,2D_cyclic,1,0.096232406,0.064012827,20123,2367,40246,cond-mat-2005
7,8,2D_cyclic,2,0.064284877,0.064024914,20123,2367,40246,cond-mat-2005
7,8,2D_cyclic,3,0.096212814,0.064006505,20123,2367,40246,cond-mat-2005
7,8,2D_cyclic,4,0.096232909,0.064042551,20123,2367,40246,cond-mat-2005
7,8,2D_cyclic,5,0.096225265,0.064009926,20123,2367,40246,cond-mat-2005
7,8,2D_cyclic,6,0.096213579,0.064014265,20123,2367,40246,cond-mat-2005
7,8,2D_cyclic,7,0.096220255,0.064017202,20123,2367,40246,cond-mat-2005
7,8,2D_cyclic,8,0.091782514,0.059563788,20123,2367,40246,cond-mat-2005
7,8,2D_cyclic,9,0.092235413,0.064018347,20123,2367,40246,cond-mat-2005
0,8,2D_cyclic,0,0.096212402,0.063998951,20748,2331,41496,cond-mat-2005
0,8,2D_cyclic,1,0.096230686,0.064001576,20748,2331,41496,cond-mat-2005
0,8,2D_cyclic,2,0.128186594,0.095975110,20748,2331,41496,cond-mat-2005
0,8,2D_cyclic,3,0.096216028,0.064005838,20748,2331,41496,cond-mat-2005
0,8,2D_cyclic,4,0.096490579,0.064017012,20748,2331,41496,cond-mat-2005
0,8,2D_cyclic,5,0.096238356,0.064024725,20748,2331,41496,cond-mat-2005
0,8,2D_cyclic,6,0.096227274,0.064010816,20748,2331,41496,cond-mat-2005
0,8,2D_cyclic,7,0.096206615,0.063979791,20748,2331,41496,cond-mat-2005
0,8,2D_cyclic,8,0.096190466,0.063975617,20748,2331,41496,cond-mat-2005
0,8,2D_cyclic,9,0.088275083,0.064014682,20748,2331,41496,cond-mat-2005
2,8,2D_cyclic,0,0.096201465,0.064008774,20521,2381,41042,cond-mat-2005
2,8,2D_cyclic,1,0.096236731,0.064054348,20521,2381,41042,cond-mat-2005
2,8,2D_cyclic,2,0.096247091,0.064023338,20521,2381,41042,cond-mat-2005
2,8,2D_cyclic,3,0.096212848,0.064006465,20521,2381,41042,cond-mat-2005
2,8,2D_cyclic,4,0.096212487,0.064013874,20521,2381,41042,cond-mat-2005
2,8,2D_cyclic,5,0.128190195,0.063999016,20521,2381,41042,cond-mat-2005
2,8,2D_cyclic,6,0.096196809,0.063991918,20521,2381,41042,cond-mat-2005
3,8,2D_cyclic,0,0.096226623,0.064042428,23432,3085,46864,cond-mat-2005
3,8,2D_cyclic,1,0.096230899,0.064005462,23432,3085,46864,cond-mat-2005
3,8,2D_cyclic,2,0.096223163,0.063993618,23432,3085,46864,cond-mat-2005
3,8,2D_cyclic,3,0.100217037,0.067996914,23432,3085,46864,cond-mat-2005
3,8,2D_cyclic,4,0.096287234,0.064004035,23432,3085,46864,cond-mat-2005
3,8,2D_cyclic,5,0.100237618,0.064002770,23432,3085,46864,cond-mat-2005
3,8,2D_cyclic,6,0.096203692,0.063994301,23432,3085,46864,cond-mat-2005
3,8,2D_cyclic,7,0.092191620,0.059968634,23432,3085,46864,cond-mat-2005
3,8,2D_cyclic,8,0.096245455,0.064015829,23432,3085,46864,cond-mat-2005
3,8,2D_cyclic,9,0.085508021,0.059983172,23432,3085,46864,cond-mat-2005
2,8,2D_cyclic,7,0.096211006,0.063997054,20521,2381,41042,cond-mat-2005
2,8,2D_cyclic,8,0.096216154,0.064005427,20521,2381,41042,cond-mat-2005
2,8,2D_cyclic,9,0.100807475,0.064027291,20521,2381,41042,cond-mat-2005
5,8,2D_cyclic,0,0.096302846,0.063996221,20347,2334,40694,cond-mat-2005
5,8,2D_cyclic,1,0.096204886,0.064011366,20347,2334,40694,cond-mat-2005
5,8,2D_cyclic,2,0.096220055,0.068024361,20347,2334,40694,cond-mat-2005
5,8,2D_cyclic,3,0.100210242,0.064021820,20347,2334,40694,cond-mat-2005
5,8,2D_cyclic,4,0.096222619,0.064037093,20347,2334,40694,cond-mat-2005
5,8,2D_cyclic,5,0.096200942,0.064013307,20347,2334,40694,cond-mat-2005
5,8,2D_cyclic,6,0.096227195,0.064019052,20347,2334,40694,cond-mat-2005
5,8,2D_cyclic,7,0.096213921,0.064004465,20347,2334,40694,cond-mat-2005
5,8,2D_cyclic,8,0.096212827,0.063997563,20347,2334,40694,cond-mat-2005
5,8,2D_cyclic,9,0.088546746,0.060498041,20347,2334,40694,cond-mat-2005
6,8,2D_cyclic,0,0.096238186,0.064001450,23351,3069,46702,cond-mat-2005
6,8,2D_cyclic,1,0.096229764,0.064011367,23351,3069,46702,cond-mat-2005
6,8,2D_cyclic,2,0.096228727,0.064008669,23351,3069,46702,cond-mat-2005
6,8,2D_cyclic,3,0.096310881,0.064001140,23351,3069,46702,cond-mat-2005
6,8,2D_cyclic,4,0.096310119,0.064007523,23351,3069,46702,cond-mat-2005
6,8,2D_cyclic,5,0.096219587,0.063992775,23351,3069,46702,cond-mat-2005
6,8,2D_cyclic,6,0.064232963,0.032082556,23351,3069,46702,cond-mat-2005
6,8,2D_cyclic,7,0.096222445,0.064006200,23351,3069,46702,cond-mat-2005
6,8,2D_cyclic,8,0.096238425,0.064001235,23351,3069,46702,cond-mat-2005
6,8,2D_cyclic,9,0.084577747,0.056632048,23351,3069,46702,cond-mat-2005
1,8,2D_cyclic,0,0.096581133,0.063993738,23562,3093,47124,cond-mat-2005
1,8,2D_cyclic,1,0.096250546,0.063999721,23562,3093,47124,cond-mat-2005
1,8,2D_cyclic,2,0.064167362,0.063904146,23562,3093,47124,cond-mat-2005
1,8,2D_cyclic,3,0.092193086,0.059964397,23562,3093,47124,cond-mat-2005
1,8,2D_cyclic,4,0.096245880,0.063990578,23562,3093,47124,cond-mat-2005
1,8,2D_cyclic,5,0.096218664,0.064118586,23562,3093,47124,cond-mat-2005
1,8,2D_cyclic,6,0.064272121,0.064016540,23562,3093,47124,cond-mat-2005
1,8,2D_cyclic,7,0.096237145,0.064021978,23562,3093,47124,cond-mat-2005
1,8,2D_cyclic,8,0.096221887,0.064008773,23562,3093,47124,cond-mat-2005
1,8,2D_cyclic,9,0.076298075,0.052571159,23562,3093,47124,cond-mat-2005
0,2,2D_cyclic,0,0.000290704,0.000080892,90000,0,180000,dixmaanl
0,2,2D_cyclic,1,0.000292269,0.000077735,90000,0,180000,dixmaanl
0,2,2D_cyclic,2,0.000388057,0.000064980,90000,0,180000,dixmaanl
0,2,2D_cyclic,3,0.000478893,0.000273259,90000,0,180000,dixmaanl
0,2,2D_cyclic,4,0.000350553,0.000145167,90000,0,180000,dixmaanl
0,2,2D_cyclic,5,0.000418952,0.000102117,90000,0,180000,dixmaanl
0,2,2D_cyclic,6,0.000374536,0.000130541,90000,0,180000,dixmaanl
0,2,2D_cyclic,7,0.000374147,0.000159868,90000,0,180000,dixmaanl
0,2,2D_cyclic,8,0.000386581,0.000139504,90000,0,180000,dixmaanl
0,2,2D_cyclic,9,0.000432095,0.000216997,90000,0,180000,dixmaanl
1,2,2D_cyclic,0,0.000275240,0.000080932,89999,0,179998,dixmaanl
1,2,2D_cyclic,1,0.000285754,0.000077957,89999,0,179998,dixmaanl
1,2,2D_cyclic,2,0.000330559,0.000061458,89999,0,179998,dixmaanl
1,2,2D_cyclic,3,0.000486357,0.000275146,89999,0,179998,dixmaanl
1,2,2D_cyclic,4,0.000385501,0.000144481,89999,0,179998,dixmaanl
1,2,2D_cyclic,5,0.000317191,0.000101727,89999,0,179998,dixmaanl
1,2,2D_cyclic,6,0.000317482,0.000129575,89999,0,179998,dixmaanl
1,2,2D_cyclic,7,0.000412822,0.000161037,89999,0,179998,dixmaanl
1,2,2D_cyclic,8,0.000344626,0.000139055,89999,0,179998,dixmaanl
1,2,2D_cyclic,9,0.000432556,0.000218697,89999,0,179998,dixmaanl
0,4,2D_cyclic,0,0.048100736,0.032030700,60000,15000,120000,dixmaanl
0,4,2D_cyclic,1,0.048075482,0.032010003,60000,15000,120000,dixmaanl
0,4,2D_cyclic,2,0.044239115,0.032026792,60000,15000,120000,dixmaanl
0,4,2D_cyclic,3,0.048003549,0.031940971,60000,15000,120000,dixmaanl
0,4,2D_cyclic,4,0.048074220,0.032012844,60000,15000,120000,dixmaanl
0,4,2D_cyclic,5,0.048064273,0.032015192,60000,15000,120000,dixmaanl
0,4,2D_cyclic,6,0.048108312,0.032014199,60000,15000,120000,dixmaanl
0,4,2D_cyclic,7,0.048073135,0.032008806,60000,15000,120000,dixmaanl
0,4,2D_cyclic,8,0.048100490,0.032011788,60000,15000,120000,dixmaanl
0,4,2D_cyclic,9,0.048083950,0.032012943,60000,15000,120000,dixmaanl
1,4,2D_cyclic,0,0.048068117,0.031998164,29999,14999,59998,dixmaanl
1,4,2D_cyclic,1,0.048048275,0.032006308,29999,14999,59998,dixmaanl
1,4,2D_cyclic,2,0.052045230,0.035999946,29999,14999,59998,dixmaanl
1,4,2D_cyclic,3,0.048042686,0.032029385,29999,14999,59998,dixmaanl
1,4,2D_cyclic,4,0.048047077,0.032024222,29999,14999,59998,dixmaanl
1,4,2D_cyclic,5,0.048049539,0.032055429,29999,14999,59998,dixmaanl
1,4,2D_cyclic,6,0.064076567,0.048008458,29999,14999,59998,dixmaanl
1,4,2D_cyclic,7,0.048050646,0.032012953,29999,14999,59998,dixmaanl
1,4,2D_cyclic,8,0.048052594,0.032014897,29999,14999,59998,dixmaanl
1,4,2D_cyclic,9,0.044369774,0.032019748,29999,14999,59998,dixmaanl
2,4,2D_cyclic,0,0.048070186,0.031995474,30000,15000,60000,dixmaanl
2,4,2D_cyclic,1,0.048047773,0.031999988,30000,15000,60000,dixmaanl
2,4,2D_cyclic,2,0.048045866,0.032001840,30000,15000,60000,dixmaanl
2,4,2D_cyclic,3,0.048043559,0.032005157,30000,15000,60000,dixmaanl
2,4,2D_cyclic,4,0.048039852,0.031997298,30000,15000,60000,dixmaanl
2,4,2D_cyclic,5,0.048016919,0.031966926,30000,15000,60000,dixmaanl
2,4,2D_cyclic,6,0.048058743,0.031987740,30000,15000,60000,dixmaanl
2,4,2D_cyclic,7,0.048048080,0.031987746,30000,15000,60000,dixmaanl
2,4,2D_cyclic,8,0.048044522,0.031999966,30000,15000,60000,dixmaanl
2,4,2D_cyclic,9,0.045933660,0.032054597,30000,15000,60000,dixmaanl
3,4,2D_cyclic,0,0.048712292,0.032022918,60000,15000,120000,dixmaanl
3,4,2D_cyclic,1,0.048078127,0.032023539,60000,15000,120000,dixmaanl
3,4,2D_cyclic,2,0.048078452,0.032016963,60000,15000,120000,dixmaanl
3,4,2D_cyclic,3,0.048076871,0.032002785,60000,15000,120000,dixmaanl
3,4,2D_cyclic,4,0.048078461,0.031998326,60000,15000,120000,dixmaanl
3,4,2D_cyclic,5,0.048224135,0.032005106,60000,15000,120000,dixmaanl
3,4,2D_cyclic,6,0.064059868,0.047980410,60000,15000,120000,dixmaanl
3,4,2D_cyclic,7,0.048082685,0.031997301,60000,15000,120000,dixmaanl
3,4,2D_cyclic,8,0.048076448,0.031996942,60000,15000,120000,dixmaanl
3,4,2D_cyclic,9,0.044096962,0.032060751,60000,15000,120000,dixmaanl
0,8,2D_cyclic,0,0.096061229,0.064004271,30000,7500,60000,dixmaanl
0,8,2D_cyclic,1,0.096048928,0.063997177,30000,7500,60000,dixmaanl
0,8,2D_cyclic,2,0.096039223,0.063995869,30000,7500,60000,dixmaanl
0,8,2D_cyclic,3,0.096065213,0.064002261,30000,7500,60000,dixmaanl
0,8,2D_cyclic,4,0.096043162,0.064004782,30000,7500,60000,dixmaanl
0,8,2D_cyclic,5,0.096048302,0.064011896,30000,7500,60000,dixmaanl
0,8,2D_cyclic,6,0.096041630,0.064024280,30000,7500,60000,dixmaanl
0,8,2D_cyclic,7,0.096045668,0.064010476,30000,7500,60000,dixmaanl
0,8,2D_cyclic,8,0.096073734,0.064013497,30000,7500,60000,dixmaanl
0,8,2D_cyclic,9,0.096044530,0.064036997,30000,7500,60000,dixmaanl
3,8,2D_cyclic,0,0.096052587,0.064024486,14999,7499,29998,dixmaanl
3,8,2D_cyclic,1,0.096025951,0.064021853,14999,7499,29998,dixmaanl
3,8,2D_cyclic,2,0.096060197,0.064031943,14999,7499,29998,dixmaanl
3,8,2D_cyclic,3,0.096018340,0.064010644,14999,7499,29998,dixmaanl
3,8,2D_cyclic,4,0.096016529,0.064013731,14999,7499,29998,dixmaanl
3,8,2D_cyclic,5,0.096016464,0.063991606,14999,7499,29998,dixmaanl
3,8,2D_cyclic,6,0.096030049,0.064024972,14999,7499,29998,dixmaanl
3,8,2D_cyclic,7,0.096013609,0.063998289,14999,7499,29998,dixmaanl
3,8,2D_cyclic,8,0.092018494,0.059994031,14999,7499,29998,dixmaanl
3,8,2D_cyclic,9,0.092328196,0.063995743,14999,7499,29998,dixmaanl
6,8,2D_cyclic,0,0.096016543,0.064005965,15000,7500,30000,dixmaanl
6,8,2D_cyclic,1,0.096036189,0.064022244,15000,7500,30000,dixmaanl
6,8,2D_cyclic,2,0.096042592,0.064007233,15000,7500,30000,dixmaanl
6,8,2D_cyclic,3,0.096024158,0.064009750,15000,7500,30000,dixmaanl
6,8,2D_cyclic,4,0.096047070,0.064009313,15000,7500,30000,dixmaanl
6,8,2D_cyclic,5,0.096014640,0.064011822,15000,7500,30000,dixmaanl
6,8,2D_cyclic,6,0.128061532,0.096028048,15000,7500,30000,dixmaanl
6,8,2D_cyclic,7,0.096016578,0.064002838,15000,7500,30000,dixmaanl
6,8,2D_cyclic,8,0.100035665,0.068036078,15000,7500,30000,dixmaanl
6,8,2D_cyclic,9,0.088678862,0.064027594,15000,7500,30000,dixmaanl
4,8,2D_cyclic,0,0.096017119,0.064020289,15000,7500,30000,dixmaanl
4,8,2D_cyclic,1,0.096093234,0.064008178,15000,7500,30000,dixmaanl
4,8,2D_cyclic,2,0.096033391,0.064017156,15000,7500,30000,dixmaanl
4,8,2D_cyclic,3,0.096027415,0.064013573,15000,7500,30000,dixmaanl
4,8,2D_cyclic,4,0.096026811,0.064019153,15000,7500,30000,dixmaanl
4,8,2D_cyclic,5,0.100034960,0.064010200,15000,7500,30000,dixmaanl
4,8,2D_cyclic,6,0.096030249,0.064015201,15000,7500,30000,dixmaanl
4,8,2D_cyclic,7,0.096005823,0.063983110,15000,7500,30000,dixmaanl
4,8,2D_cyclic,8,0.096014161,0.063991782,15000,7500,30000,dixmaanl
4,8,2D_cyclic,9,0.084974775,0.063998661,15000,7500,30000,dixmaanl
2,8,2D_cyclic,0,0.064081860,0.064005631,30000,7500,60000,dixmaanl
2,8,2D_cyclic,1,0.096042906,0.064004208,30000,7500,60000,dixmaanl
2,8,2D_cyclic,2,0.096112087,0.064011675,30000,7500,60000,dixmaanl
2,8,2D_cyclic,3,0.096046733,0.064002952,30000,7500,60000,dixmaanl
2,8,2D_cyclic,4,0.096040845,0.064015506,30000,7500,60000,dixmaanl
2,8,2D_cyclic,5,0.096041404,0.064000530,30000,7500,60000,dixmaanl
2,8,2D_cyclic,6,0.128059824,0.096002156,30000,7500,60000,dixmaanl
2,8,2D_cyclic,7,0.096036508,0.063990444,30000,7500,60000,dixmaanl
2,8,2D_cyclic,8,0.096057547,0.064004847,30000,7500,60000,dixmaanl
2,8,2D_cyclic,9,0.080081796,0.064013268,30000,7500,60000,dixmaanl
7,8,2D_cyclic,0,0.096061926,0.064002074,30000,7500,60000,dixmaanl
7,8,2D_cyclic,1,0.096052552,0.064008632,30000,7500,60000,dixmaanl
7,8,2D_cyclic,2,0.096046023,0.064000421,30000,7500,60000,dixmaanl
7,8,2D_cyclic,3,0.096043207,0.064003470,30000,7500,60000,dixmaanl
7,8,2D_cyclic,4,0.096050336,0.064000832,30000,7500,60000,dixmaanl
7,8,2D_cyclic,5,0.092070232,0.063999838,30000,7500,60000,dixmaanl
7,8,2D_cyclic,6,0.096061053,0.064007916,30000,7500,60000,dixmaanl
7,8,2D_cyclic,7,0.096041321,0.063996561,30000,7500,60000,dixmaanl
7,8,2D_cyclic,8,0.096044680,0.064012811,30000,7500,60000,dixmaanl
7,8,2D_cyclic,9,0.084396282,0.064014461,30000,7500,60000,dixmaanl
1,8,2D_cyclic,0,0.096029903,0.064032369,15000,7500,30000,dixmaanl
1,8,2D_cyclic,1,0.096018385,0.063990081,15000,7500,30000,dixmaanl
1,8,2D_cyclic,2,0.096024220,0.064012367,15000,7500,30000,dixmaanl
1,8,2D_cyclic,3,0.096000176,0.063970794,15000,7500,30000,dixmaanl
1,8,2D_cyclic,4,0.096026364,0.064017343,15000,7500,30000,dixmaanl
1,8,2D_cyclic,5,0.092028813,0.064013491,15000,7500,30000,dixmaanl
1,8,2D_cyclic,6,0.096044141,0.064035971,15000,7500,30000,dixmaanl
1,8,2D_cyclic,7,0.096018193,0.064004395,15000,7500,30000,dixmaanl
1,8,2D_cyclic,8,0.096058058,0.064027780,15000,7500,30000,dixmaanl
1,8,2D_cyclic,9,0.084059712,0.064019382,15000,7500,30000,dixmaanl
5,8,2D_cyclic,0,0.096073449,0.064002234,30000,7500,60000,dixmaanl
5,8,2D_cyclic,1,0.096050257,0.063994096,30000,7500,60000,dixmaanl
5,8,2D_cyclic,2,0.096068666,0.064017005,30000,7500,60000,dixmaanl
5,8,2D_cyclic,3,0.064040265,0.032005475,30000,7500,60000,dixmaanl
5,8,2D_cyclic,4,0.096033344,0.063992681,30000,7500,60000,dixmaanl
5,8,2D_cyclic,5,0.100048581,0.068008157,30000,7500,60000,dixmaanl
5,8,2D_cyclic,6,0.096057967,0.064012235,30000,7500,60000,dixmaanl
5,8,2D_cyclic,7,0.096048739,0.063994414,30000,7500,60000,dixmaanl
5,8,2D_cyclic,8,0.096060055,0.064003459,30000,7500,60000,dixmaanl
5,8,2D_cyclic,9,0.084202925,0.063999552,30000,7500,60000,dixmaanl
0,2,2D_cyclic,0,0.000198298,0.000071385,19283,0,38566,flowmeter0
0,2,2D_cyclic,1,0.000236193,0.000087320,19283,0,38566,flowmeter0
0,2,2D_cyclic,2,0.000211480,0.000089178,19283,0,38566,flowmeter0
0,2,2D_cyclic,3,0.000187546,0.000089971,19283,0,38566,flowmeter0
0,2,2D_cyclic,4,0.000177615,0.000073789,19283,0,38566,flowmeter0
0,2,2D_cyclic,5,0.000349679,0.000218273,19283,0,38566,flowmeter0
0,2,2D_cyclic,6,0.000182417,0.000051596,19283,0,38566,flowmeter0
0,2,2D_cyclic,7,0.000273729,0.000159762,19283,0,38566,flowmeter0
0,2,2D_cyclic,8,0.000178352,0.000078151,19283,0,38566,flowmeter0
0,2,2D_cyclic,9,0.000168720,0.000074328,19283,0,38566,flowmeter0
1,2,2D_cyclic,0,0.000197615,0.000087109,19247,0,38494,flowmeter0
1,2,2D_cyclic,1,0.000206115,0.000086720,19247,0,38494,flowmeter0
1,2,2D_cyclic,2,0.000194080,0.000088920,19247,0,38494,flowmeter0
1,2,2D_cyclic,3,0.000192223,0.000086698,19247,0,38494,flowmeter0
1,2,2D_cyclic,4,0.000177106,0.000073589,19247,0,38494,flowmeter0
1,2,2D_cyclic,5,0.000318807,0.000216912,19247,0,38494,flowmeter0
1,2,2D_cyclic,6,0.000134978,0.000052271,19247,0,38494,flowmeter0
1,2,2D_cyclic,7,0.000269032,0.000158235,19247,0,38494,flowmeter0
1,2,2D_cyclic,8,0.000197844,0.000078511,19247,0,38494,flowmeter0
1,2,2D_cyclic,9,0.000162352,0.000074050,19247,0,38494,flowmeter0
0,4,2D_cyclic,0,0.036071335,0.019981022,12073,2417,24146,flowmeter0
0,4,2D_cyclic,1,0.048106353,0.032005101,12073,2417,24146,flowmeter0
0,4,2D_cyclic,2,0.048062415,0.032015254,12073,2417,24146,flowmeter0
0,4,2D_cyclic,3,0.048082109,0.032001075,12073,2417,24146,flowmeter0
0,4,2D_cyclic,4,0.048079111,0.032025967,12073,2417,24146,flowmeter0
0,4,2D_cyclic,5,0.048024734,0.031980995,12073,2417,24146,flowmeter0
0,4,2D_cyclic,6,0.048067162,0.032000063,12073,2417,24146,flowmeter0
0,4,2D_cyclic,7,0.048070615,0.032003044,12073,2417,24146,flowmeter0
0,4,2D_cyclic,8,0.048053379,0.031997436,12073,2417,24146,flowmeter0
0,4,2D_cyclic,9,0.048080112,0.031975139,12073,2417,24146,flowmeter0
3,4,2D_cyclic,0,0.048066637,0.032015685,12049,2417,24098,flowmeter0
3,4,2D_cyclic,1,0.048361893,0.032008869,12049,2417,24098,flowmeter0
3,4,2D_cyclic,2,0.048056003,0.032003366,12049,2417,24098,flowmeter0
3,4,2D_cyclic,3,0.048077928,0.032030810,12049,2417,24098,flowmeter0
3,4,2D_cyclic,4,0.048077390,0.032049292,12049,2417,24098,flowmeter0
3,4,2D_cyclic,5,0.048075382,0.032016950,12049,2417,24098,flowmeter0
3,4,2D_cyclic,6,0.048078002,0.032001174,12049,2417,24098,flowmeter0
3,4,2D_cyclic,7,0.048066721,0.032008604,12049,2417,24098,flowmeter0
3,4,2D_cyclic,8,0.048095744,0.032006104,12049,2417,24098,flowmeter0
3,4,2D_cyclic,9,0.044334619,0.032024941,12049,2417,24098,flowmeter0
2,4,2D_cyclic,0,0.043755565,0.027690448,7210,2189,14420,flowmeter0
2,4,2D_cyclic,1,0.048060762,0.032007381,7210,2189,14420,flowmeter0
2,4,2D_cyclic,2,0.048064326,0.031998693,7210,2189,14420,flowmeter0
2,4,2D_cyclic,3,0.048065485,0.032005288,7210,2189,14420,flowmeter0
2,4,2D_cyclic,4,0.048082363,0.032013706,7210,2189,14420,flowmeter0
2,4,2D_cyclic,5,0.048058390,0.031990921,7210,2189,14420,flowmeter0
2,4,2D_cyclic,6,0.048049532,0.031998129,7210,2189,14420,flowmeter0
2,4,2D_cyclic,7,0.048063717,0.032000064,7210,2189,14420,flowmeter0
2,4,2D_cyclic,8,0.048071830,0.032009696,7210,2189,14420,flowmeter0
2,4,2D_cyclic,9,0.040119728,0.032014484,7210,2189,14420,flowmeter0
1,4,2D_cyclic,0,0.047982045,0.031927660,7198,2194,14396,flowmeter0
1,4,2D_cyclic,1,0.048058928,0.031997689,7198,2194,14396,flowmeter0
1,4,2D_cyclic,2,0.048056303,0.031989472,7198,2194,14396,flowmeter0
1,4,2D_cyclic,3,0.048055164,0.031999003,7198,2194,14396,flowmeter0
1,4,2D_cyclic,4,0.048057532,0.032000282,7198,2194,14396,flowmeter0
1,4,2D_cyclic,5,0.048046021,0.031980443,7198,2194,14396,flowmeter0
1,4,2D_cyclic,6,0.048066134,0.032013052,7198,2194,14396,flowmeter0
1,4,2D_cyclic,7,0.047863241,0.031808061,7198,2194,14396,flowmeter0
1,4,2D_cyclic,8,0.048063297,0.032052913,7198,2194,14396,flowmeter0
1,4,2D_cyclic,9,0.044266807,0.032000448,7198,2194,14396,flowmeter0
0,8,2D_cyclic,0,0.096045012,0.064008485,6018,1209,12036,flowmeter0
0,8,2D_cyclic,1,0.096047603,0.064004845,6018,1209,12036,flowmeter0
0,8,2D_cyclic,2,0.096176230,0.064024353,6018,1209,12036,flowmeter0
0,8,2D_cyclic,3,0.120045079,0.087993049,6018,1209,12036,flowmeter0
0,8,2D_cyclic,4,0.100019817,0.067968109,6018,1209,12036,flowmeter0
0,8,2D_cyclic,5,0.096036778,0.063989105,6018,1209,12036,flowmeter0
0,8,2D_cyclic,6,0.096037963,0.063994028,6018,1209,12036,flowmeter0
0,8,2D_cyclic,7,0.096049550,0.063998695,6018,1209,12036,flowmeter0
0,8,2D_cyclic,8,0.096063984,0.064012276,6018,1209,12036,flowmeter0
0,8,2D_cyclic,9,0.055279508,0.055223084,6018,1209,12036,flowmeter0
7,8,2D_cyclic,0,0.100033376,0.063997927,6006,1209,12012,flowmeter0
7,8,2D_cyclic,1,0.096043061,0.064017148,6006,1209,12012,flowmeter0
7,8,2D_cyclic,2,0.096038986,0.064004415,6006,1209,12012,flowmeter0
7,8,2D_cyclic,3,0.096031695,0.064006200,6006,1209,12012,flowmeter0
7,8,2D_cyclic,4,0.120003156,0.087975076,6006,1209,12012,flowmeter0
7,8,2D_cyclic,5,0.096001810,0.063989337,6006,1209,12012,flowmeter0
7,8,2D_cyclic,6,0.096049219,0.063993924,6006,1209,12012,flowmeter0
7,8,2D_cyclic,7,0.096042300,0.063998139,6006,1209,12012,flowmeter0
7,8,2D_cyclic,8,0.096028503,0.063986726,6006,1209,12012,flowmeter0
7,8,2D_cyclic,9,0.096148472,0.062678011,6006,1209,12012,flowmeter0
4,8,2D_cyclic,0,0.096033769,0.064023258,3633,1099,7266,flowmeter0
4,8,2D_cyclic,1,0.096018397,0.063994216,3633,1099,7266,flowmeter0
4,8,2D_cyclic,2,0.096013070,0.063992388,3633,1099,7266,flowmeter0
4,8,2D_cyclic,3,0.124541582,0.092522035,3633,1099,7266,flowmeter0
4,8,2D_cyclic,4,0.091994815,0.059979948,3633,1099,7266,flowmeter0
4,8,2D_cyclic,5,0.096025420,0.064016066,3633,1099,7266,flowmeter0
4,8,2D_cyclic,6,0.096018783,0.063998255,3633,1099,7266,flowmeter0
4,8,2D_cyclic,7,0.096049082,0.064034956,3633,1099,7266,flowmeter0
4,8,2D_cyclic,8,0.096024655,0.063988317,3633,1099,7266,flowmeter0
4,8,2D_cyclic,9,0.092396586,0.061379820,3633,1099,7266,flowmeter0
3,8,2D_cyclic,0,0.064072302,0.064021973,3624,1096,7248,flowmeter0
3,8,2D_cyclic,1,0.096020876,0.064008852,3624,1096,7248,flowmeter0
3,8,2D_cyclic,2,0.096033886,0.064008158,3624,1096,7248,flowmeter0
3,8,2D_cyclic,3,0.096000544,0.063967457,3624,1096,7248,flowmeter0
3,8,2D_cyclic,4,0.132046227,0.100027702,3624,1096,7248,flowmeter0
3,8,2D_cyclic,5,0.096063236,0.064003899,3624,1096,7248,flowmeter0
3,8,2D_cyclic,6,0.096027743,0.063999893,3624,1096,7248,flowmeter0
3,8,2D_cyclic,7,0.096035405,0.064008360,3624,1096,7248,flowmeter0
3,8,2D_cyclic,8,0.096035145,0.063995116,3624,1096,7248,flowmeter0
3,8,2D_cyclic,9,0.082898563,0.059478117,3624,1096,7248,flowmeter0
5,8,2D_cyclic,0,0.092048016,0.064017028,6043,1209,12086,flowmeter0
5,8,2D_cyclic,1,0.096041916,0.064010548,6043,1209,12086,flowmeter0
5,8,2D_cyclic,2,0.096058097,0.064013344,6043,1209,12086,flowmeter0
5,8,2D_cyclic,3,0.088026462,0.055987771,6043,1209,12086,flowmeter0
5,8,2D_cyclic,4,0.116011983,0.083960993,6043,1209,12086,flowmeter0
5,8,2D_cyclic,5,0.096065222,0.064003500,6043,1209,12086,flowmeter0
5,8,2D_cyclic,6,0.096001781,0.063980230,6043,1209,12086,flowmeter0
5,8,2D_cyclic,7,0.096044446,0.064012216,6043,1209,12086,flowmeter0
5,8,2D_cyclic,8,0.096043073,0.063996555,6043,1209,12086,flowmeter0
5,8,2D_cyclic,9,0.091365564,0.061918289,6043,1209,12086,flowmeter0
2,8,2D_cyclic,0,0.064025577,0.031989464,6055,1208,12110,flowmeter0
2,8,2D_cyclic,1,0.096026664,0.063977074,6055,1208,12110,flowmeter0
2,8,2D_cyclic,2,0.096027495,0.063995906,6055,1208,12110,flowmeter0
2,8,2D_cyclic,3,0.096023754,0.063909019,6055,1208,12110,flowmeter0
2,8,2D_cyclic,4,0.100029236,0.068004819,6055,1208,12110,flowmeter0
2,8,2D_cyclic,5,0.096046520,0.063992166,6055,1208,12110,flowmeter0
2,8,2D_cyclic,6,0.096023418,0.063995334,6055,1208,12110,flowmeter0
2,8,2D_cyclic,7,0.096053995,0.064016631,6055,1208,12110,flowmeter0
2,8,2D_cyclic,8,0.096026061,0.063991766,6055,1208,12110,flowmeter0
2,8,2D_cyclic,9,0.088421219,0.060592463,6055,1208,12110,flowmeter0
1,8,2D_cyclic,0,0.100015236,0.068005635,3574,1072,7148,flowmeter0
1,8,2D_cyclic,1,0.096026479,0.064023046,3574,1072,7148,flowmeter0
1,8,2D_cyclic,2,0.096036988,0.064001855,3574,1072,7148,flowmeter0
1,8,2D_cyclic,3,0.092030692,0.059974205,3574,1072,7148,flowmeter0
1,8,2D_cyclic,4,0.087999254,0.055980045,3574,1072,7148,flowmeter0
1,8,2D_cyclic,5,0.096030995,0.063993407,3574,1072,7148,flowmeter0
1,8,2D_cyclic,6,0.096020691,0.063990114,3574,1072,7148,flowmeter0
1,8,2D_cyclic,7,0.096046964,0.063993806,3574,1072,7148,flowmeter0
1,8,2D_cyclic,8,0.096047197,0.064006273,3574,1072,7148,flowmeter0
1,8,2D_cyclic,9,0.084152704,0.052463914,3574,1072,7148,flowmeter0
6,8,2D_cyclic,0,0.064042668,0.032005230,3577,1084,7154,flowmeter0
6,8,2D_cyclic,1,0.096027346,0.063994865,3577,1084,7154,flowmeter0
6,8,2D_cyclic,2,0.096057103,0.064007266,3577,1084,7154,flowmeter0
6,8,2D_cyclic,3,0.096035355,0.064002823,3577,1084,7154,flowmeter0
6,8,2D_cyclic,4,0.109602177,0.077566663,3577,1084,7154,flowmeter0
6,8,2D_cyclic,5,0.096072513,0.064002430,3577,1084,7154,flowmeter0
6,8,2D_cyclic,6,0.096024082,0.064031987,3577,1084,7154,flowmeter0
6,8,2D_cyclic,7,0.096042339,0.064004961,3577,1084,7154,flowmeter0
6,8,2D_cyclic,8,0.096040964,0.064006031,3577,1084,7154,flowmeter0
6,8,2D_cyclic,9,0.080083895,0.056698751,3577,1084,7154,flowmeter0
